"region","year","deforest_area","DEM","slope","road_dist","water_dist","soil_cec","soil_soc","deforest_hotspot_dist","settlement_cluster_dist","NPP","treated","deforest_rate","source_file"
"904 project area",2001,8.91,79.6008994490402,3.60397601851823,24.6263026447118,7.97596699195376,19.827784182942,16.0113252065731,11.5546454938356,20.1186318122259,778.874457321967,0,0.0139669404632583,"904_SCM_data_df_0.xlsx"
"904 project area",2002,14.94,79.6008994490402,3.60397601851823,24.6263026447118,7.56581265954914,19.827784182942,16.0113252065731,11.5546454938356,20.1186318122259,715.992982312014,0,0.0234193143121301,"904_SCM_data_df_0.xlsx"
"904 project area",2003,131.04,79.6008994490402,3.60397601851823,24.6263026447118,8.71488968305401,19.827784182942,16.0113252065731,6.75060583656176,17.2438611293753,857.163651788705,0,0.205412780954587,"904_SCM_data_df_0.xlsx"
"904 project area",2004,389.79,79.6008994490402,3.60397601851823,24.6263026447118,6.59752700923513,19.827784182942,16.0113252065731,3.15667778760629,17.2438611293753,708.71034105774,0,0.611018375215878,"904_SCM_data_df_0.xlsx"
"904 project area",2005,37.35,79.6008994490402,3.60397601851823,24.6263026447118,5.90539069297345,19.827784182942,16.0113252065731,2.37118355936292,17.2438611293753,694.82579166219,0,0.0585482857803254,"904_SCM_data_df_0.xlsx"
"904 project area",2006,345.06,79.6008994490402,3.60397601851823,24.6263026447118,5.16142633106752,19.827784182942,16.0113252065731,2.36846416244487,17.2438611293753,850.540711121503,0,0.540901512486187,"904_SCM_data_df_0.xlsx"
"904 project area",2007,109.53,79.6008994490402,3.60397601851823,24.6263026447118,5.1068344142073,19.827784182942,16.0113252065731,2.08768808231987,17.2438611293753,727.561143304917,0,0.171694611553388,"904_SCM_data_df_0.xlsx"
"904 project area",2008,78.3,79.6008994490402,3.60397601851823,24.6263026447118,5.34176422441183,19.827784182942,16.0113252065731,2.29993370639647,10.5968195547525,809.300782657053,1,0.122739779828634,"904_SCM_data_df_0.xlsx"
"904 project area",2009,431.37,79.6008994490402,3.60397601851823,24.6263026447118,4.64641556490053,19.827784182942,16.0113252065731,2.16497123503451,10.5968195547525,780.599318769235,1,0.676197430711083,"904_SCM_data_df_0.xlsx"
"904 project area",2010,722.97,79.6008994490402,3.60397601851823,24.1440596081103,4.35332456493049,19.827784182942,16.0113252065731,2.23739764336362,10.5968195547525,683.319838792237,1,1.13329730041772,"904_SCM_data_df_0.xlsx"
"904 project area",2011,215.37,79.6008994490402,3.60397601851823,21.840174811458,4.42700127402796,19.827784182942,16.0113252065731,1.94990170275099,10.5968195547525,836.509817179907,1,0.337604934632093,"904_SCM_data_df_0.xlsx"
"904 project area",2012,415.8,79.6008994490402,3.60397601851823,9.47572779793412,5.15182552439338,19.827784182942,16.0113252065731,1.85134207966144,10.5968195547525,766.723202606118,1,0.651790554952056,"904_SCM_data_df_0.xlsx"
"904 project area",2013,638.1,79.6008994490402,3.60397601851823,8.6122605923284,4.4605888043216,19.827784182942,16.0113252065731,2.08679469386275,8.38797350400263,801.361428309625,1,1.00025866550002,"904_SCM_data_df_0.xlsx"
"904 project area",2014,1102.05,79.6008994490402,3.60397601851823,11.0517664618446,4.23123521268225,19.827784182942,16.0113252065731,2.18125632086583,8.38797350400263,789.981755907054,1,1.72752713103635,"904_SCM_data_df_0.xlsx"
"904 project area",2015,1714.05,79.6008994490402,3.60397601851823,11.0517664618446,3.45535795928472,19.827784182942,16.0113252065731,1.98418863813033,8.38797350400263,708.775097476666,1,2.68687253659349,"904_SCM_data_df_0.xlsx"
"904 project area",2016,1630.44,79.6008994490402,3.60397601851823,11.0527435797978,3.47209705790993,19.827784182942,16.0113252065731,1.32153839191812,8.38797350400263,642.465203832081,1,2.55580902456958,"904_SCM_data_df_0.xlsx"
"904 project area",2017,494.64,79.6008994490402,3.60397601851823,10.5986859820659,2.97565851162629,19.827784182942,16.0113252065731,0.934947012735549,8.38797350400263,856.270372149163,1,0.775376816020887,"904_SCM_data_df_0.xlsx"
"904 project area",2018,1325.07,79.6008994490402,3.60397601851823,8.40193247336446,2.9281898301664,19.827784182942,16.0113252065731,0.916042702011482,4.08181789914681,808.235075169202,1,2.0771238832379,"904_SCM_data_df_0.xlsx"
"904 project area",2019,1775.16,79.6008994490402,3.60397601851823,8.39943898147141,2.74623893227627,19.827784182942,16.0113252065731,1.040918539472,4.08181789914681,724.14260662399,1,2.7826659969425,"904_SCM_data_df_0.xlsx"
"904 project area",2020,1346.04,79.6008994490402,3.60397601851823,8.17212321332558,2.70094518053197,19.827784182942,16.0113252065731,1.28068099002064,4.08181789914681,701.606663485905,1,2.10999557139891,"904_SCM_data_df_0.xlsx"
"904 project area",2021,990.36,79.6008994490402,3.60397601851823,8.17311892451857,2.65360816702381,19.827784182942,16.0113252065731,1.02647212354287,4.08181789914681,679.070720347819,1,1.55244659452217,"904_SCM_data_df_0.xlsx"
"904 project area",2022,404.73,79.6008994490402,3.60397601851823,8.17310488340594,2.65360816702381,19.827784182942,16.0113252065731,1.02860861797925,4.08181789914681,679.070720347819,1,0.634437689528008,"904_SCM_data_df_0.xlsx"
"904 0 donor 38",2001,27.45,117.872089447498,5.31643392759988,15.0113121247723,17.0875151778463,18.9765811556057,18.1585738414058,5.79184349368805,10.3129328102947,808.762686578933,0,0.0430294630433717,"904_SCM_data_df_0.xlsx"
"904 0 donor 38",2002,83.34,117.872089447498,5.31643392759988,15.0113121247723,13.6138002002791,18.9765811556057,18.1585738414058,5.79184349368805,10.3129328102947,738.283251460697,0,0.13064027140381,"904_SCM_data_df_0.xlsx"
"904 0 donor 38",2003,190.08,117.872089447498,5.31643392759988,15.0113121247723,20.8858751724845,18.9765811556057,18.1585738414058,3.36062130843774,10.0153809277497,867.674445487017,0,0.297961396549511,"904_SCM_data_df_0.xlsx"
"904 0 donor 38",2004,122.4,117.872089447498,5.31643392759988,15.0113121247723,15.6892440472154,18.9765811556057,18.1585738414058,2.84997227632212,10.0153809277497,726.592239577995,0,0.191869081111428,"904_SCM_data_df_0.xlsx"
"904 0 donor 38",2005,28.35,117.872089447498,5.31643392759988,15.0113121247723,9.85348317891865,18.9765811556057,18.1585738414058,2.68805065484967,10.0153809277497,674.51063608336,0,0.0444402651103675,"904_SCM_data_df_0.xlsx"
"904 0 donor 38",2006,115.02,117.872089447498,5.31643392759988,15.0113121247723,13.9601382052151,18.9765811556057,18.1585738414058,2.96861297241037,10.0153809277497,869.711486086909,0,0.180300504162062,"904_SCM_data_df_0.xlsx"
"904 0 donor 38",2007,123.12,117.872089447498,5.31643392759988,15.0113121247723,13.4498010297817,18.9765811556057,18.1585738414058,3.38494450848821,10.0153809277497,748.771621866696,0,0.192997722765024,"904_SCM_data_df_0.xlsx"
"904 0 donor 38",2008,61.11,117.872089447498,5.31643392759988,15.0113121247723,15.5020090598708,18.9765811556057,18.1585738414058,2.91566296649661,8.7044584499657,800.88913209749,0,0.0957934603490143,"904_SCM_data_df_0.xlsx"
"904 0 donor 38",2009,130.23,117.872089447498,5.31643392759988,15.0113121247723,13.8407322189193,18.9765811556057,18.1585738414058,2.78708241091915,8.7044584499657,798.867795273728,0,0.204143059094291,"904_SCM_data_df_0.xlsx"
"904 0 donor 38",2010,260.46,117.872089447498,5.31643392759988,15.0113121247723,15.2628924895327,18.9765811556057,18.1585738414058,2.56056211728157,8.7044584499657,707.169114435079,0,0.408286118188582,"904_SCM_data_df_0.xlsx"
"904 0 donor 38",2011,279.72,117.872089447498,5.31643392759988,15.0113121247723,10.0721609960338,18.9765811556057,18.1585738414058,2.4168869794911,8.7044584499657,867.396021226434,0,0.438477282422292,"904_SCM_data_df_0.xlsx"
"904 0 donor 38",2012,102.42,117.872089447498,5.31643392759988,15.0113121247723,10.0782301869535,18.9765811556057,18.1585738414058,1.94570324310259,8.7044584499657,745.331834131033,0,0.160549275224121,"904_SCM_data_df_0.xlsx"
"904 0 donor 38",2013,440.46,117.872089447498,5.31643392759988,9.60576202896951,8.53741765294939,18.9765811556057,18.1585738414058,1.89987471673119,8.51277051008098,816.591895791773,0,0.69044653158774,"904_SCM_data_df_0.xlsx"
"904 0 donor 38",2014,833.22,117.872089447498,5.31643392759988,13.5385826072558,9.03343615905632,18.9765811556057,18.1585738414058,1.38706013577979,8.51277051008098,773.135439155358,0,1.3061205536247,"904_SCM_data_df_0.xlsx"
"904 0 donor 38",2015,1132.2,117.872089447498,5.31643392759988,13.5385826072558,7.56831313405297,18.9765811556057,18.1585738414058,1.00775892858551,8.51277051008098,761.717912366053,0,1.77478900028071,"904_SCM_data_df_0.xlsx"
"904 0 donor 38",2016,1392.39,117.872089447498,5.31643392759988,11.2362215386799,7.61432483855452,18.9765811556057,18.1585738414058,0.752115666716605,8.51277051008098,649.165790116935,0,2.18265187784919,"904_SCM_data_df_0.xlsx"
"904 0 donor 38",2017,612.81,117.872089447498,5.31643392759988,11.2362215386799,7.54360489974216,18.9765811556057,18.1585738414058,0.622010578522823,8.51277051008098,859.677850232213,0,0.960615127417435,"904_SCM_data_df_0.xlsx"
"904 0 donor 38",2018,570.78,117.872089447498,5.31643392759988,11.4279575045536,7.59551988204032,18.9765811556057,18.1585738414058,0.654077504868991,8.51020515837033,864.845231543174,0,0.894730670888731,"904_SCM_data_df_0.xlsx"
"904 0 donor 38",2019,714.51,117.872089447498,5.31643392759988,11.4279575045536,7.4319497677866,18.9765811556057,18.1585738414058,0.666306723543837,8.51020515837033,802.412923523336,0,1.12003576098796,"904_SCM_data_df_0.xlsx"
"904 0 donor 38",2020,1077.57,117.872089447498,5.31643392759988,11.4279052143539,7.51183633883444,18.9765811556057,18.1585738414058,0.882092144169433,8.51020515837033,778.84800075696,0,1.68915331481406,"904_SCM_data_df_0.xlsx"
"904 0 donor 38",2021,2260.08,117.872089447498,5.31643392759988,11.4275405344457,5.76107957547133,18.9765811556057,18.1585738414058,0.757321951065658,8.51020515837033,755.283077990585,0,3.54280615063983,"904_SCM_data_df_0.xlsx"
"904 0 donor 38",2022,1567.35,117.872089447498,5.31643392759988,11.3637140723686,5.76107957547133,18.9765811556057,18.1585738414058,0.614082579658264,8.51020515837033,755.283077990585,0,2.45691179967317,"904_SCM_data_df_0.xlsx"
"904 0 donor 171",2001,101.7,105.382745292228,3.21529009905206,5.66776772047796,9.39812357931025,18.7024062374823,16.2496655112269,4.60109472000959,17.6745503153233,805.953818810902,0,0.159420633570524,"904_SCM_data_df_0.xlsx"
"904 0 donor 171",2002,234.36,105.382745292228,3.21529009905206,5.66776772047796,8.11073202641178,18.7024062374823,16.2496655112269,4.60109472000959,17.6745503153233,724.691282756489,0,0.367372858245704,"904_SCM_data_df_0.xlsx"
"904 0 donor 171",2003,267.03,105.382745292228,3.21529009905206,5.66776772047796,8.54251578824528,18.7024062374823,16.2496655112269,2.33485427472477,8.03706983793058,861.231287582143,0,0.418584973277651,"904_SCM_data_df_0.xlsx"
"904 0 donor 171",2004,1204.02,105.382745292228,3.21529009905206,5.66776772047796,8.81976092986875,18.7024062374823,16.2496655112269,1.87009855845428,8.03706983793058,730.2816194641,0,1.88737100522697,"904_SCM_data_df_0.xlsx"
"904 0 donor 171",2005,551.25,105.382745292228,3.21529009905206,5.66776772047796,8.42364649722209,18.7024062374823,16.2496655112269,1.15397805746943,8.03706983793058,709.897689836637,0,0.864116266034923,"904_SCM_data_df_0.xlsx"
"904 0 donor 171",2006,997.56,105.382745292228,3.21529009905206,5.66776772047796,5.55333078593495,18.7024062374823,16.2496655112269,1.14890308636816,8.03706983793058,876.800856632356,0,1.56373301105814,"904_SCM_data_df_0.xlsx"
"904 0 donor 171",2007,762.84,105.382745292228,3.21529009905206,5.66776772047796,7.32310632050225,18.7024062374823,16.2496655112269,1.0682682148709,8.03706983793058,749.404093289661,0,1.19579583198563,"904_SCM_data_df_0.xlsx"
"904 0 donor 171",2008,562.68,105.382745292228,3.21529009905206,5.66776772047796,7.68283530485987,18.7024062374823,16.2496655112269,0.973460452507526,6.83393577622845,818.591058978633,0,0.882033452285769,"904_SCM_data_df_0.xlsx"
"904 0 donor 171",2009,1550.43,105.382745292228,3.21529009905206,5.66776772047796,6.36113824078119,18.7024062374823,16.2496655112269,0.917277837791806,6.83393577622845,786.523550293245,0,2.43038872081365,"904_SCM_data_df_0.xlsx"
"904 0 donor 171",2010,2639.25,105.382745292228,3.21529009905206,5.66776772047796,8.00660025295256,18.7024062374823,16.2496655112269,0.690890053949545,6.83393577622845,682.630933700882,0,4.13717706146516,"904_SCM_data_df_0.xlsx"
"904 0 donor 171",2011,599.94,105.382745292228,3.21529009905206,5.62806876556313,5.94665650335667,18.7024062374823,16.2496655112269,0.561643529287459,6.83393577622845,847.291496283774,0,0.940440657859395,"904_SCM_data_df_0.xlsx"
"904 0 donor 171",2012,1318.32,105.382745292228,3.21529009905206,5.62806876556313,6.65149584063358,18.7024062374823,16.2496655112269,0.545870798645663,6.83393577622845,760.783552091038,0,2.06654286773544,"904_SCM_data_df_0.xlsx"
"904 0 donor 171",2013,629.1,105.382745292228,3.21529009905206,3.35216157423543,5.03437321383796,18.7024062374823,16.2496655112269,0.561997713334101,4.02945671499154,815.839747299763,0,0.986150644830059,"904_SCM_data_df_0.xlsx"
"904 0 donor 171",2014,1063.44,105.382745292228,3.21529009905206,5.64765093808497,5.23387551863948,18.7024062374823,16.2496655112269,0.755426296027036,4.02945671499154,789.526559230166,0,1.66700372236223,"904_SCM_data_df_0.xlsx"
"904 0 donor 171",2015,1213.02,105.382745292228,3.21529009905206,5.64781250758937,3.79082754754294,18.7024062374823,16.2496655112269,0.699995022953395,4.02945671499154,747.736511430964,0,1.90147902589693,"904_SCM_data_df_0.xlsx"
"904 0 donor 171",2016,1045.8,105.382745292228,3.21529009905206,5.64781155980578,3.53945032967414,18.7024062374823,16.2496655112269,0.730311040180662,4.02945671499154,652.94845539661,0,1.63935200184911,"904_SCM_data_df_0.xlsx"
"904 0 donor 171",2017,696.24,105.382745292228,3.21529009905206,3.4810020280361,3.09820232419876,18.7024062374823,16.2496655112269,0.626835561912662,4.02945671499154,862.340266924876,0,1.09139647902794,"904_SCM_data_df_0.xlsx"
"904 0 donor 171",2018,1566.36,105.382745292228,3.21529009905206,3.48092299140056,3.59872417132016,18.7024062374823,16.2496655112269,0.616925651818057,2.88374327049996,835.76064285275,0,2.45535991739948,"904_SCM_data_df_0.xlsx"
"904 0 donor 171",2019,1988.46,105.382745292228,3.21529009905206,3.48092299140056,2.63307414159351,18.7024062374823,16.2496655112269,0.535701959120722,2.88374327049996,747.846585219307,0,3.1170260868205,"904_SCM_data_df_0.xlsx"
"904 0 donor 171",2020,1373.04,105.382745292228,3.21529009905206,3.48074931202897,2.96731835751154,18.7024062374823,16.2496655112269,0.510079826718035,2.88374327049996,725.179700399457,0,2.15231963340878,"904_SCM_data_df_0.xlsx"
"904 0 donor 171",2021,1189.89,105.382745292228,3.21529009905206,3.48077557083854,2.73653788689993,18.7024062374823,16.2496655112269,0.497889172400416,2.88374327049996,702.512815579607,0,1.86522141277514,"904_SCM_data_df_0.xlsx"
"904 0 donor 171",2022,505.71,105.382745292228,3.21529009905206,3.48077557083854,2.73653788689993,18.7024062374823,16.2496655112269,0.552047644655273,2.88374327049996,702.512815579607,0,0.792729681444935,"904_SCM_data_df_0.xlsx"
"904 0 donor 448",2001,25.65,80.4518294115699,2.38246666593073,3.70614912531087,9.24354984379706,19.8984395648759,16.1681877820847,7.41552797223199,10.5233036818475,773.739433632282,0,0.0402078589093801,"904_SCM_data_df_0.xlsx"
"904 0 donor 448",2002,38.52,80.4518294115699,2.38246666593073,3.70614912531087,7.96125962962321,19.8984395648759,16.1681877820847,7.41552797223199,10.5233036818475,725.500234186128,0,0.0603823284674199,"904_SCM_data_df_0.xlsx"
"904 0 donor 448",2003,18.81,80.4518294115699,2.38246666593073,3.70614912531087,7.38565472606531,19.8984395648759,16.1681877820847,5.45206817891505,10.4990931366906,815.344859180806,0,0.029485763200212,"904_SCM_data_df_0.xlsx"
"904 0 donor 448",2004,36.9,80.4518294115699,2.38246666593073,3.70614912531087,7.17569397313719,19.8984395648759,16.1681877820847,4.51254118127583,10.4990931366906,712.526616002561,0,0.0578428847468275,"904_SCM_data_df_0.xlsx"
"904 0 donor 448",2005,14.31,80.4518294115699,2.38246666593073,3.70614912531087,6.51981351687638,19.8984395648759,16.1681877820847,3.86325035837574,10.4990931366906,728.444978875938,0,0.0224317528652331,"904_SCM_data_df_0.xlsx"
"904 0 donor 448",2006,39.6,80.4518294115699,2.38246666593073,3.70614912531087,5.78327772109299,19.8984395648759,16.1681877820847,4.67089201575119,10.4990931366906,801.466788937583,0,0.0620752909478148,"904_SCM_data_df_0.xlsx"
"904 0 donor 448",2007,31.59,80.4518294115699,2.38246666593073,3.70614912531087,7.01583504149904,19.8984395648759,16.1681877820847,4.18215369548864,10.4990931366906,766.790393164604,0,0.0495191525515523,"904_SCM_data_df_0.xlsx"
"904 0 donor 448",2008,12.87,80.4518294115699,2.38246666593073,3.70614912531087,7.8010085710546,19.8984395648759,16.1681877820847,5.81563816114214,9.79613458369276,775.571215449661,0,0.0201744695580398,"904_SCM_data_df_0.xlsx"
"904 0 donor 448",2009,60.39,80.4518294115699,2.38246666593073,3.70614912531087,3.38634656866069,19.8984395648759,16.1681877820847,5.98596803083372,9.79613458369276,786.541435174599,0,0.0946648186954176,"904_SCM_data_df_0.xlsx"
"904 0 donor 448",2010,48.15,80.4518294115699,2.38246666593073,3.70614912531087,4.26420164766106,19.8984395648759,16.1681877820847,4.87023261227135,9.79613458369276,687.845222681833,0,0.0754779105842749,"904_SCM_data_df_0.xlsx"
"904 0 donor 448",2011,48.69,80.4518294115699,2.38246666593073,3.70614912531087,3.31867620180063,19.8984395648759,16.1681877820847,4.54302874575587,9.79613458369276,806.708737113849,0,0.0763243918244723,"904_SCM_data_df_0.xlsx"
"904 0 donor 448",2012,364.68,80.4518294115699,2.38246666593073,3.52545617407678,3.92549818249486,19.8984395648759,16.1681877820847,3.6940133462438,9.79613458369276,728.133542865524,0,0.571656997546695,"904_SCM_data_df_0.xlsx"
"904 0 donor 448",2013,590.67,80.4518294115699,2.38246666593073,3.42169798347608,2.85976210001088,19.8984395648759,16.1681877820847,3.4359380550093,9.5993646191282,783.934837906928,0,0.925909396569338,"904_SCM_data_df_0.xlsx"
"904 0 donor 448",2014,468.81,80.4518294115699,2.38246666593073,5.19004669529467,3.00734534490018,19.8984395648759,16.1681877820847,2.60197055247425,9.5993646191282,765.220142845653,0,0.734886796698108,"904_SCM_data_df_0.xlsx"
"904 0 donor 448",2015,670.95,80.4518294115699,2.38246666593073,5.19004669529467,3.36947555711855,19.8984395648759,16.1681877820847,2.06478704517033,9.5993646191282,753.927444879524,0,1.05175294094536,"904_SCM_data_df_0.xlsx"
"904 0 donor 448",2016,1086.21,80.4518294115699,2.38246666593073,5.19058136509223,3.11446860723123,19.8984395648759,16.1681877820847,1.52538845407192,9.5993646191282,678.380961692827,0,1.70269701465722,"904_SCM_data_df_0.xlsx"
"904 0 donor 448",2017,435.42,80.4518294115699,2.38246666593073,5.19059382032483,3.06891366022668,19.8984395648759,16.1681877820847,1.12157499554494,9.5993646191282,827.850193420395,0,0.682546040012564,"904_SCM_data_df_0.xlsx"
"904 0 donor 448",2018,558.18,80.4518294115699,2.38246666593073,5.52725627689789,3.02643324591436,19.8984395648759,16.1681877820847,1.14504785282072,6.81252374268858,793.350724084585,0,0.87497944195079,"904_SCM_data_df_0.xlsx"
"904 0 donor 448",2019,981.18,80.4518294115699,2.38246666593073,5.53696047222016,2.45368911121239,19.8984395648759,16.1681877820847,1.10963596436586,6.81252374268858,778.752778299067,0,1.53805641343881,"904_SCM_data_df_0.xlsx"
"904 0 donor 448",2020,1412.19,80.4518294115699,2.38246666593073,5.53686699647223,2.8027852584169,19.8984395648759,16.1681877820847,1.09380919271232,6.81252374268858,757.705090275993,0,2.2136895233231,"904_SCM_data_df_0.xlsx"
"904 0 donor 448",2021,970.38,80.4518294115699,2.38246666593073,5.53686699647223,2.19808994008935,19.8984395648759,16.1681877820847,0.969769139787829,6.81252374268858,736.657402252918,0,1.52112678863486,"904_SCM_data_df_0.xlsx"
"904 0 donor 448",2022,1161.54,80.4518294115699,2.38246666593073,5.53686699647223,2.19808994008935,19.8984395648759,16.1681877820847,0.92294655825242,6.81252374268858,736.657402252918,0,1.82078114766477,"904_SCM_data_df_0.xlsx"
"904 1 donor 204",2001,50.04,110.040457149706,3.6539473555558,16.6385078181305,15.0232560498846,18.4760012111521,17.2466266734163,4.58935206740861,8.15950057325072,812.353851030511,0,0.078440594924966,"904_SCM_data_df_1.xlsx"
"904 1 donor 204",2002,107.46,110.040457149706,3.6539473555558,16.6385078181305,13.0695464364622,18.4760012111521,17.2466266734163,4.58935206740861,8.15950057325072,758.512063497571,0,0.168449766799298,"904_SCM_data_df_1.xlsx"
"904 1 donor 204",2003,240.03,110.040457149706,3.6539473555558,16.6385078181305,15.5928925773889,18.4760012111521,17.2466266734163,2.89082281427465,8.05882327319063,876.261276164913,0,0.376260911267778,"904_SCM_data_df_1.xlsx"
"904 1 donor 204",2004,274.32,110.040457149706,3.6539473555558,16.6385078181305,13.7551843896023,18.4760012111521,17.2466266734163,2.23693390663662,8.05882327319063,725.717364529106,0,0.430012470020317,"904_SCM_data_df_1.xlsx"
"904 1 donor 204",2005,121.32,110.040457149706,3.6539473555558,16.6385078181305,8.70953677714819,18.4760012111521,17.2466266734163,2.20835267614252,8.05882327319063,688.138895416044,0,0.190176118631033,"904_SCM_data_df_1.xlsx"
"904 1 donor 204",2006,272.16,110.040457149706,3.6539473555558,16.6385078181305,14.131972611705,18.4760012111521,17.2466266734163,2.57378192501849,8.05882327319063,862.994682251937,0,0.426626545059528,"904_SCM_data_df_1.xlsx"
"904 1 donor 204",2007,199.26,110.040457149706,3.6539473555558,16.6385078181305,12.9870512613881,18.4760012111521,17.2466266734163,3.11291606410946,8.05882327319063,759.553980977854,0,0.312351577632868,"904_SCM_data_df_1.xlsx"
"904 1 donor 204",2008,108.18,110.040457149706,3.6539473555558,16.6385078181305,13.979422354097,18.4760012111521,17.2466266734163,2.77211352098949,7.25603439188902,803.009343907851,0,0.169578408452894,"904_SCM_data_df_1.xlsx"
"904 1 donor 204",2009,215.19,110.040457149706,3.6539473555558,16.6385078181305,12.462547958297,18.4760012111521,17.2466266734163,2.51355706091912,7.25603439188902,806.776090004305,0,0.337322774218694,"904_SCM_data_df_1.xlsx"
"904 1 donor 204",2010,320.04,110.040457149706,3.6539473555558,16.6385078181305,13.7563483755794,18.4760012111521,17.2466266734163,2.32613771579696,7.25603439188902,712.88705147271,0,0.501681215023704,"904_SCM_data_df_1.xlsx"
"904 1 donor 204",2011,342.36,110.040457149706,3.6539473555558,16.6385078181305,9.78527612391047,18.4760012111521,17.2466266734163,2.27669193332944,7.25603439188902,867.033398359573,0,0.536669106285199,"904_SCM_data_df_1.xlsx"
"904 1 donor 204",2012,467.73,110.040457149706,3.6539473555558,16.6385078181305,8.06492897683815,18.4760012111521,17.2466266734163,1.84224154908587,7.25603439188902,750.121909216641,0,0.733193834217713,"904_SCM_data_df_1.xlsx"
"904 1 donor 204",2013,1163.07,110.040457149706,3.6539473555558,12.6645756367656,7.17767099666773,18.4760012111521,17.2466266734163,1.87721426960604,7.13738432242081,827.996836476093,0,1.82317951117866,"904_SCM_data_df_1.xlsx"
"904 1 donor 204",2014,1721.34,110.040457149706,3.6539473555558,12.3547492694405,7.79328431973985,18.4760012111521,17.2466266734163,1.29026735877294,7.13738432242081,784.319989023865,0,2.69830003333615,"904_SCM_data_df_1.xlsx"
"904 1 donor 204",2015,1455.21,110.040457149706,3.6539473555558,12.3547492694405,7.19235138613127,18.4760012111521,17.2466266734163,0.951043325768842,7.13738432242081,766.828079980697,0,2.2811258621255,"904_SCM_data_df_1.xlsx"
"904 1 donor 204",2016,1358.19,110.040457149706,3.6539473555558,12.2240596180747,7.49048443391689,18.4760012111521,17.2466266734163,0.711352313425421,7.13738432242081,658.138058012657,0,2.12904139930335,"904_SCM_data_df_1.xlsx"
"904 1 donor 204",2017,586.8,110.040457149706,3.6539473555558,12.4629681881335,7.47027679099452,18.4760012111521,17.2466266734163,0.62999490776735,7.13738432242081,864.28656700883,0,0.919842947681256,"904_SCM_data_df_1.xlsx"
"904 1 donor 204",2018,594.81,110.040457149706,3.6539473555558,12.4945271525288,7.48135384787645,18.4760012111521,17.2466266734163,0.662273826176505,7.12185589880508,862.064341282095,0,0.932399086077519,"904_SCM_data_df_1.xlsx"
"904 1 donor 204",2019,1192.32,110.040457149706,3.6539473555558,12.4945271525288,7.35782664172855,18.4760012111521,17.2466266734163,0.69581909090479,7.12185589880508,803.773798578464,0,1.86903057835602,"904_SCM_data_df_1.xlsx"
"904 1 donor 204",2020,1362.96,110.040457149706,3.6539473555558,12.4944948233962,7.50465730330877,18.4760012111521,17.2466266734163,0.784425255833831,7.12185589880508,783.431663310219,0,2.13651865025843,"904_SCM_data_df_1.xlsx"
"904 1 donor 204",2021,1931.94,110.040457149706,3.6539473555558,12.4944948233962,5.9545843530152,18.4760012111521,17.2466266734163,0.720410510595282,7.12185589880508,763.089528041974,0,3.02842771701317,"904_SCM_data_df_1.xlsx"
"904 1 donor 204",2022,1760.04,110.040457149706,3.6539473555558,11.0594196084863,5.9545843530152,18.4760012111521,17.2466266734163,0.623148072158624,7.12185589880508,763.089528041974,0,2.75896452221697,"904_SCM_data_df_1.xlsx"
"904 2 donor 374",2001,64.98,93.9856319890493,2.8122536850455,6.3163623353419,9.7112958539197,18.8043462696359,15.5903177224033,5.66550138696802,19.5889635887384,800.543992670122,0,0.101859909237096,"904_SCM_data_df_2.xlsx"
"904 2 donor 374",2002,206.73,93.9856319890493,2.8122536850455,6.3163623353419,8.8148615397474,18.8043462696359,15.5903177224033,5.66550138696802,19.5889635887384,721.67735764851,0,0.324061234788933,"904_SCM_data_df_2.xlsx"
"904 2 donor 374",2003,253.08,93.9856319890493,2.8122536850455,6.3163623353419,9.18188621973547,18.8043462696359,15.5903177224033,2.86107419766384,9.21857560355581,853.77259874755,0,0.396717541239217,"904_SCM_data_df_2.xlsx"
"904 2 donor 374",2004,1159.56,93.9856319890493,2.8122536850455,6.3163623353419,9.35693145586698,18.8043462696359,15.5903177224033,2.23675052553393,9.21857560355581,728.419223897167,0,1.81767738311738,"904_SCM_data_df_2.xlsx"
"904 2 donor 374",2005,532.89,93.9856319890493,2.8122536850455,6.3163623353419,9.16145469842316,18.8043462696359,15.5903177224033,1.22046812023649,9.21857560355581,710.121439734308,0,0.835335903868208,"904_SCM_data_df_2.xlsx"
"904 2 donor 374",2006,964.98,93.9856319890493,2.8122536850455,6.3163623353419,5.77958064994315,18.8043462696359,15.5903177224033,1.22304709540984,9.21857560355581,870.484837971542,0,1.51266197623289,"904_SCM_data_df_2.xlsx"
"904 2 donor 374",2007,724.5,93.9856319890493,2.8122536850455,6.3163623353419,8.04875837582023,18.8043462696359,15.5903177224033,1.08015288188142,9.21857560355581,749.263683200419,0,1.13569566393161,"904_SCM_data_df_2.xlsx"
"904 2 donor 374",2008,528.57,93.9856319890493,2.8122536850455,6.3163623353419,8.41132682769899,18.8043462696359,15.5903177224033,0.998717992105558,8.16562103050384,810.191420510726,0,0.828564053946628,"904_SCM_data_df_2.xlsx"
"904 2 donor 374",2009,1381.77,93.9856319890493,2.8122536850455,6.3163623353419,6.72169022593622,18.8043462696359,15.5903177224033,0.930612259251842,8.16562103050384,783.445871976307,0,2.16600441345864,"904_SCM_data_df_2.xlsx"
"904 2 donor 374",2010,2556.81,93.9856319890493,2.8122536850455,6.3163623353419,8.79492919760864,18.8043462696359,15.5903177224033,0.695354530788482,8.16562103050384,683.520637358721,0,4.00794759212835,"904_SCM_data_df_2.xlsx"
"904 2 donor 374",2011,643.77,93.9856319890493,2.8122536850455,6.27754430176135,6.35801163980779,18.8043462696359,15.5903177224033,0.566069040886776,8.16562103050384,842.686920552516,0,1.00914671852209,"904_SCM_data_df_2.xlsx"
"904 2 donor 374",2012,1282.59,93.9856319890493,2.8122536850455,6.27754430176135,6.89572425908783,18.8043462696359,15.5903177224033,0.541102342312223,8.16562103050384,757.268005746574,0,2.0105340256757,"904_SCM_data_df_2.xlsx"
"904 2 donor 374",2013,704.25,93.9856319890493,2.8122536850455,3.46646996374486,5.17147812627638,18.8043462696359,15.5903177224033,0.577050810812516,4.55178516109803,816.294625439785,0,1.10395261742421,"904_SCM_data_df_2.xlsx"
"904 2 donor 374",2014,1206.99,93.9856319890493,2.8122536850455,6.30440617267791,5.32758611108045,18.8043462696359,15.5903177224033,0.759940545672171,4.55178516109803,784.600690408868,0,1.89202665204806,"904_SCM_data_df_2.xlsx"
"904 2 donor 374",2015,1329.21,93.9856319890493,2.8122536850455,6.30437699352012,3.84807105786472,18.8043462696359,15.5903177224033,0.702492262468913,4.55178516109803,749.383921263742,0,2.08361357274608,"904_SCM_data_df_2.xlsx"
"904 2 donor 374",2016,1141.29,93.9856319890493,2.8122536850455,6.30468193724502,3.41975571069692,18.8043462696359,15.5903177224033,0.684583393916265,4.55178516109803,660.058719447673,0,1.78903810115736,"904_SCM_data_df_2.xlsx"
"904 2 donor 374",2017,741.24,93.9856319890493,2.8122536850455,3.5497694684104,3.01816164997942,18.8043462696359,15.5903177224033,0.598204397611166,4.55178516109803,859.124658383232,0,1.16193658237773,"904_SCM_data_df_2.xlsx"
"904 2 donor 374",2018,1641.87,93.9856319890493,2.8122536850455,3.54973307134172,3.53860316629266,18.8043462696359,15.5903177224033,0.587504977788011,3.22203105736008,830.14846944649,0,2.57372621082042,"904_SCM_data_df_2.xlsx"
"904 2 donor 374",2019,2109.24,93.9856319890493,2.8122536850455,3.54973307134172,2.63130706478457,18.8043462696359,15.5903177224033,0.494827780993097,3.22203105736008,747.348427813795,0,3.30635572421134,"904_SCM_data_df_2.xlsx"
"904 2 donor 374",2020,1391.85,93.9856319890493,2.8122536850455,3.54947490605046,2.9598326444489,18.8043462696359,15.5903177224033,0.42876154242829,3.22203105736008,728.28060594496,0,2.18180539660899,"904_SCM_data_df_2.xlsx"
"904 2 donor 374",2021,1236.87,93.9856319890493,2.8122536850455,3.54946702737823,2.73947960076768,18.8043462696359,15.5903177224033,0.410945850686861,3.22203105736008,709.212784076125,0,1.93886528067232,"904_SCM_data_df_2.xlsx"
"904 2 donor 374",2022,511.83,93.9856319890493,2.8122536850455,3.54946702737823,2.73947960076768,18.8043462696359,15.5903177224033,0.460893653694823,3.22203105736008,709.212784076125,0,0.802323135500507,"904_SCM_data_df_2.xlsx"
"904 2 donor 470",2001,20.34,75.9561229623111,3.3920216112901,5.48747803467205,12.092177687573,20.3146734605049,17.8523016729117,11.4446307330082,8.70967262774931,822.626809417249,0,0.0318841267141049,"904_SCM_data_df_2.xlsx"
"904 2 donor 470",2002,20.88,75.9561229623111,3.3920216112901,5.48747803467205,7.23456373390863,20.3146734605049,17.8523016729117,11.4446307330082,8.70967262774931,760.575921010924,0,0.0327306079543024,"904_SCM_data_df_2.xlsx"
"904 2 donor 470",2003,29.88,75.9561229623111,3.3920216112901,5.48747803467205,7.70239798427094,20.3146734605049,17.8523016729117,8.78455103743339,8.81935095479828,855.302971236988,0,0.0468386286242603,"904_SCM_data_df_2.xlsx"
"904 2 donor 470",2004,47.88,75.9561229623111,3.3920216112901,5.48747803467205,6.31996935404258,20.3146734605049,17.8523016729117,6.1198390365755,8.81935095479828,751.092373125926,0,0.0750546699641761,"904_SCM_data_df_2.xlsx"
"904 2 donor 470",2005,16.83,75.9561229623111,3.3920216112901,5.48747803467205,5.77840351640796,20.3146734605049,17.8523016729117,4.20827175124938,8.81935095479828,757.949136825771,0,0.0263819986528213,"904_SCM_data_df_2.xlsx"
"904 2 donor 470",2006,26.55,75.9561229623111,3.3920216112901,5.48747803467205,7.13416943667769,20.3146734605049,17.8523016729117,3.8339041054197,8.81935095479828,851.647040827108,0,0.0416186609763759,"904_SCM_data_df_2.xlsx"
"904 2 donor 470",2007,31.5,75.9561229623111,3.3920216112901,5.48747803467205,6.86880460422669,20.3146734605049,17.8523016729117,3.66129424250883,8.81935095479828,800.427934768724,0,0.0493780723448527,"904_SCM_data_df_2.xlsx"
"904 2 donor 470",2008,7.74,75.9561229623111,3.3920216112901,5.48747803467205,8.71032055169978,20.3146734605049,17.8523016729117,4.38676716768147,8.81935095479828,814.072293108641,0,0.0121328977761638,"904_SCM_data_df_2.xlsx"
"904 2 donor 470",2009,99.99,75.9561229623111,3.3920216112901,5.48747803467205,5.39428231561252,20.3146734605049,17.8523016729117,5.30814124611859,8.81935095479828,821.790313398401,0,0.156740109643232,"904_SCM_data_df_2.xlsx"
"904 2 donor 470",2010,30.42,75.9561229623111,3.3920216112901,5.48747803467205,5.80514091179332,20.3146734605049,17.8523016729117,4.63165001821442,8.81935095479828,714.232302444517,0,0.0476851098644578,"904_SCM_data_df_2.xlsx"
"904 2 donor 470",2011,31.86,75.9561229623111,3.3920216112901,5.48747803467205,4.89640773647599,20.3146734605049,17.8523016729117,4.31716365537373,8.81935095479828,858.870149326697,0,0.049942393171651,"904_SCM_data_df_2.xlsx"
"904 2 donor 470",2012,221.13,75.9561229623111,3.3920216112901,5.41101444852889,6.30141645574212,20.3146734605049,17.8523016729117,3.42777945255814,8.81935095479828,767.971669087371,0,0.346634067860866,"904_SCM_data_df_2.xlsx"
"904 2 donor 470",2013,272.07,75.9561229623111,3.3920216112901,4.13391861229781,3.69050290405653,20.3146734605049,17.8523016729117,4.2262217680445,8.60905577239388,815.27508819406,0,0.426485464852828,"904_SCM_data_df_2.xlsx"
"904 2 donor 470",2014,279.09,75.9561229623111,3.3920216112901,13.8293529165937,4.09657051345738,20.3146734605049,17.8523016729117,3.82650769184672,8.60905577239388,803.613784924769,0,0.437489720975395,"904_SCM_data_df_2.xlsx"
"904 2 donor 470",2015,535.77,75.9561229623111,3.3920216112901,13.8293529165937,4.42296835106677,20.3146734605049,17.8523016729117,2.49806432292036,8.60905577239388,802.267580068537,0,0.839850470482595,"904_SCM_data_df_2.xlsx"
"904 2 donor 470",2016,1342.35,75.9561229623111,3.3920216112901,13.8337581393222,4.33290490180772,20.3146734605049,17.8523016729117,1.60886881517963,8.60905577239388,707.846193028687,0,2.10421128292422,"904_SCM_data_df_2.xlsx"
"904 2 donor 470",2017,574.92,75.9561229623111,3.3920216112901,13.8337581393222,4.1526227155097,20.3146734605049,17.8523016729117,1.05833177998243,8.60905577239388,881.653937074307,0,0.901220360396912,"904_SCM_data_df_2.xlsx"
"904 2 donor 470",2018,851.49,75.9561229623111,3.3920216112901,14.0960914915796,4.36108300255633,20.3146734605049,17.8523016729117,1.12484650842989,8.32924603658969,849.998315757602,0,1.33475983558472,"904_SCM_data_df_2.xlsx"
"904 2 donor 470",2019,1030.77,75.9561229623111,3.3920216112901,14.1502169660612,3.68259727682605,20.3146734605049,17.8523016729117,1.04557672686099,8.32924603658969,833.942163305278,0,1.61579160733028,"904_SCM_data_df_2.xlsx"
"904 2 donor 470",2020,1245.6,75.9561229623111,3.3920216112901,14.1502195160799,4.33230518377639,20.3146734605049,17.8523016729117,1.13363104367834,8.32924603658969,809.089871994424,0,1.95255006072218,"904_SCM_data_df_2.xlsx"
"904 2 donor 470",2021,1149.75,75.9561229623111,3.3920216112901,14.1502195160799,3.59707854436039,20.3146734605049,17.8523016729117,0.944719655644972,8.32924603658969,784.237580683569,0,1.80229964058712,"904_SCM_data_df_2.xlsx"
"904 2 donor 470",2022,1166.58,75.9561229623111,3.3920216112901,14.1502195160799,3.59707854436039,20.3146734605049,17.8523016729117,0.912360926207159,8.32924603658969,784.237580683569,0,1.82868163923995,"904_SCM_data_df_2.xlsx"
"904 3 donor 220",2001,39.15,84.5724583742048,3.17762751103135,8.78122327007327,6.07966474794276,19.9281038433455,16.1942806362944,5.67972362805984,15.4948962248976,760.886330590347,0,0.0613698899143169,"904_SCM_data_df_3.xlsx"
"904 3 donor 220",2002,163.17,84.5724583742048,3.17762751103135,8.78122327007327,7.99086005090664,19.9281038433455,16.1942806362944,5.67972362805984,15.4948962248976,700.008743072881,0,0.255778414746337,"904_SCM_data_df_3.xlsx"
"904 3 donor 220",2003,210.33,84.5724583742048,3.17762751103135,8.78122327007327,7.76368387104914,19.9281038433455,16.1942806362944,2.44738423471303,15.5668604025851,808.50903482405,0,0.329704443056917,"904_SCM_data_df_3.xlsx"
"904 3 donor 220",2004,192.06,84.5724583742048,3.17762751103135,8.78122327007327,6.90727921533129,19.9281038433455,16.1942806362944,2.02743628469868,15.5668604025851,705.01296321412,0,0.301065161096902,"904_SCM_data_df_3.xlsx"
"904 3 donor 220",2005,69.21,84.5724583742048,3.17762751103135,8.78122327007327,5.14965307631895,19.9281038433455,16.1942806362944,1.72191127137274,15.5668604025851,702.342601032641,0,0.108490678951976,"904_SCM_data_df_3.xlsx"
"904 3 donor 220",2006,169.65,84.5724583742048,3.17762751103135,8.78122327007327,5.09173373999767,19.9281038433455,16.1942806362944,1.88299046683341,15.5668604025851,815.825968061921,0,0.265936189628707,"904_SCM_data_df_3.xlsx"
"904 3 donor 220",2007,160.2,84.5724583742048,3.17762751103135,8.78122327007327,5.39609049332757,19.9281038433455,16.1942806362944,1.97255283534826,15.5668604025851,730.809032300797,0,0.251122767925251,"904_SCM_data_df_3.xlsx"
"904 3 donor 220",2008,109.62,84.5724583742048,3.17762751103135,8.78122327007327,4.76323599042425,19.9281038433455,16.1942806362944,1.79251011666893,10.1736440761896,767.684012982138,0,0.171835691760087,"904_SCM_data_df_3.xlsx"
"904 3 donor 220",2009,144.54,84.5724583742048,3.17762751103135,8.78122327007327,4.27118313772863,19.9281038433455,16.1942806362944,1.78950272984473,10.1736440761896,758.830047847192,0,0.226574811959524,"904_SCM_data_df_3.xlsx"
"904 3 donor 220",2010,292.59,84.5724583742048,3.17762751103135,8.78122327007327,4.49661233208537,19.9281038433455,16.1942806362944,1.90988985525988,10.1736440761896,682.251968926135,0,0.458651751980332,"904_SCM_data_df_3.xlsx"
"904 3 donor 220",2011,173.79,84.5724583742048,3.17762751103135,8.78122327007327,4.35768196756989,19.9281038433455,16.1942806362944,1.80300434314984,10.1736440761896,808.391086922924,0,0.272425879136887,"904_SCM_data_df_3.xlsx"
"904 3 donor 220",2012,295.29,84.5724583742048,3.17762751103135,8.63162604912143,6.20098246338917,19.9281038433455,16.1942806362944,1.84551452605417,10.1736440761896,736.433282027182,0,0.462884158181319,"904_SCM_data_df_3.xlsx"
"904 3 donor 220",2013,909.36,84.5724583742048,3.17762751103135,8.63195275523496,4.06507738660342,19.9281038433455,16.1942806362944,1.49275782760502,7.14474842690924,810.140918968872,0,1.42547440849255,"904_SCM_data_df_3.xlsx"
"904 3 donor 220",2014,883.35,84.5724583742048,3.17762751103135,12.5023182200971,3.52225317535665,19.9281038433455,16.1942806362944,1.09869955149172,7.14474842690924,737.779123863353,0,1.38470222875637,"904_SCM_data_df_3.xlsx"
"904 3 donor 220",2015,471.06,84.5724583742048,3.17762751103135,12.5023182200971,3.31510949342535,19.9281038433455,16.1942806362944,0.890826420670492,7.14474842690924,732.827628678036,0,0.738413801865597,"904_SCM_data_df_3.xlsx"
"904 3 donor 220",2016,848.7,84.5724583742048,3.17762751103135,12.5023182200971,3.80765928667628,19.9281038433455,16.1942806362944,0.853474955133401,7.14474842690924,670.682686697093,0,1.33038634917703,"904_SCM_data_df_3.xlsx"
"904 3 donor 220",2017,217.62,84.5724583742048,3.17762751103135,9.19979997697531,3.20902670390568,19.9281038433455,16.1942806362944,0.831605227550142,7.14474842690924,841.295256914503,0,0.341131939799583,"904_SCM_data_df_3.xlsx"
"904 3 donor 220",2018,1388.16,84.5724583742048,3.17762751103135,9.19979997697531,3.97885116116965,19.9281038433455,16.1942806362944,0.974269306830762,5.09079546350587,803.865264578885,0,2.17602110813431,"904_SCM_data_df_3.xlsx"
"904 3 donor 220",2019,1227.24,84.5724583742048,3.17762751103135,9.19979997697531,3.5318883239605,19.9281038433455,16.1942806362944,0.813813881678342,5.09079546350587,734.450873834178,0,1.92376969855546,"904_SCM_data_df_3.xlsx"
"904 3 donor 220",2020,1314.54,84.5724583742048,3.17762751103135,8.41778955909302,3.31223948670719,19.9281038433455,16.1942806362944,0.663668353040993,5.09079546350587,718.691182175738,0,2.06061749905405,"904_SCM_data_df_3.xlsx"
"904 3 donor 220",2021,1305.54,84.5724583742048,3.17762751103135,8.41565179892194,2.82045787586224,19.9281038433455,16.1942806362944,0.580188783508016,5.09079546350587,702.931490517298,0,2.0465094783841,"904_SCM_data_df_3.xlsx"
"904 3 donor 220",2022,1202.67,84.5724583742048,3.17762751103135,8.4156619975966,2.82045787586224,19.9281038433455,16.1942806362944,0.559396180740638,5.09079546350587,702.931490517298,0,1.88525480212648,"904_SCM_data_df_3.xlsx"
"904 3 donor 279",2001,438.3,74.0854027594451,3.53616948398787,16.6678671766704,5.63760953173961,16.8154037823449,16.5549925564261,1.5397720705931,6.65987833083378,905.311339292794,0,0.687060606626951,"904_SCM_data_df_3.xlsx"
"904 3 donor 279",2002,453.69,74.0854027594451,3.53616948398787,16.6678671766704,5.66346644525503,16.8154037823449,16.5549925564261,1.5397720705931,6.65987833083378,901.664783794312,0,0.711185321972579,"904_SCM_data_df_3.xlsx"
"904 3 donor 279",2003,258.39,74.0854027594451,3.53616948398787,16.6678671766704,5.65921501688185,16.8154037823449,16.5549925564261,1.14174782254898,6.47126102445463,938.049951563583,0,0.405041273434492,"904_SCM_data_df_3.xlsx"
"904 3 donor 279",2004,387.63,74.0854027594451,3.53616948398787,16.6678671766704,5.6203277964653,16.8154037823449,16.5549925564261,1.00399255495472,6.47126102445463,773.498212506593,0,0.607632450255088,"904_SCM_data_df_3.xlsx"
"904 3 donor 279",2005,396.81,74.0854027594451,3.53616948398787,16.6678671766704,5.53022152991659,16.8154037823449,16.5549925564261,1.0680915515058,6.47126102445463,780.384778209473,0,0.622022631338445,"904_SCM_data_df_3.xlsx"
"904 3 donor 279",2006,1377.9,74.0854027594451,3.53616948398787,16.6678671766704,5.63580862874598,16.8154037823449,16.5549925564261,1.21902452244316,6.47126102445463,928.243431780495,0,2.15993796457056,"904_SCM_data_df_3.xlsx"
"904 3 donor 279",2007,957.6,74.0854027594451,3.53616948398787,16.6678671766704,5.64207135005906,16.8154037823449,16.5549925564261,0.869009674931755,6.47126102445463,855.218327581868,0,1.50109339928352,"904_SCM_data_df_3.xlsx"
"904 3 donor 279",2008,519.84,74.0854027594451,3.53616948398787,16.6678671766704,5.62498392715494,16.8154037823449,16.5549925564261,0.801391012327456,5.75124561395209,912.382278821392,0,0.814879273896769,"904_SCM_data_df_3.xlsx"
"904 3 donor 279",2009,826.38,74.0854027594451,3.53616948398787,16.6678671766704,5.52411765410897,16.8154037823449,16.5549925564261,0.777599683337197,5.75124561395209,884.805180455819,0,1.29539845791554,"904_SCM_data_df_3.xlsx"
"904 3 donor 279",2010,1039.68,74.0854027594451,3.53616948398787,16.6557313254893,5.63743090111699,16.8154037823449,16.5549925564261,0.827849447969053,5.75124561395209,762.470322783043,0,1.62975854779354,"904_SCM_data_df_3.xlsx"
"904 3 donor 279",2011,1379.16,74.0854027594451,3.53616948398787,16.6557313254893,4.54345073827535,16.8154037823449,16.5549925564261,0.75728819153684,5.75124561395209,897.878338406804,0,2.16191308746435,"904_SCM_data_df_3.xlsx"
"904 3 donor 279",2012,546.57,74.0854027594451,3.53616948398787,13.2587026507894,4.60806692971127,16.8154037823449,16.5549925564261,0.642363700160697,5.75124561395209,796.729991967484,0,0.856780095286544,"904_SCM_data_df_3.xlsx"
"904 3 donor 279",2013,1290.96,74.0854027594451,3.53616948398787,5.86629183284367,4.56111523025076,16.8154037823449,16.5549925564261,0.64115469324868,4.24797215322821,852.668462204081,0,2.02365448489876,"904_SCM_data_df_3.xlsx"
"904 3 donor 279",2014,1355.58,74.0854027594451,3.53616948398787,12.9750282646784,4.26043262951556,16.8154037823449,16.5549925564261,0.675623832029938,4.24797215322821,891.59842762634,0,2.12495007330906,"904_SCM_data_df_3.xlsx"
"904 3 donor 279",2015,1561.59,74.0854027594451,3.53616948398787,12.9703436958397,4.35022324885312,16.8154037823449,16.5549925564261,0.697338908049512,4.24797215322821,835.794664065005,0,2.4478826664444,"904_SCM_data_df_3.xlsx"
"904 3 donor 279",2016,2135.16,74.0854027594451,3.53616948398787,14.4798112907321,4.45614149055452,16.8154037823449,16.5549925564261,0.547584936754175,4.24797215322821,703.302682791454,0,3.34698682374082,"904_SCM_data_df_3.xlsx"
"904 3 donor 279",2017,1859.04,74.0854027594451,3.53616948398787,14.4765870862133,4.30072042837791,16.8154037823449,16.5549925564261,0.432777534918855,4.24797215322821,932.274853397961,0,2.91415274958651,"904_SCM_data_df_3.xlsx"
"904 3 donor 279",2018,2050.47,74.0854027594451,3.53616948398787,14.4763015519316,4.29265292621347,16.8154037823449,16.5549925564261,0.362636515889124,3.60827599970352,956.148873896391,0,3.21423034923651,"904_SCM_data_df_3.xlsx"
"904 3 donor 279",2019,2922.03,74.0854027594451,3.53616948398787,14.4793191387024,4.48425925820792,16.8154037823449,16.5549925564261,0.318415831247743,3.60827599970352,906.831589507396,0,4.58045107091524,"904_SCM_data_df_3.xlsx"
"904 3 donor 279",2020,2556.99,74.0854027594451,3.53616948398787,14.4785731186713,4.42757186810553,16.8154037823449,16.5549925564261,0.273599730647377,3.60827599970352,886.72553443812,0,4.00822975254174,"904_SCM_data_df_3.xlsx"
"904 3 donor 279",2021,2380.14,74.0854027594451,3.53616948398787,14.4785731186713,2.80452387192819,16.8154037823449,16.5549925564261,0.247570496110315,3.60827599970352,866.619479368844,0,3.73100714637707,"904_SCM_data_df_3.xlsx"
"904 3 donor 279",2022,1727.1,74.0854027594451,3.53616948398787,14.4767377738668,2.80452387192819,16.8154037823449,16.5549925564261,0.230702799027934,3.60827599970352,866.619479368844,0,2.70732916656492,"904_SCM_data_df_3.xlsx"
"904 3 donor 375",2001,31.95,78.3417738486479,2.39606255243454,3.73855451457444,9.35562133589014,19.861536981579,16.2564263782638,7.83792674145751,10.0573489491014,772.770213712145,0,0.0500834733783506,"904_SCM_data_df_3.xlsx"
"904 3 donor 375",2002,35.46,78.3417738486479,2.39606255243454,3.73855451457444,7.77037993988557,19.861536981579,16.2564263782638,7.83792674145751,10.0573489491014,725.414027855751,0,0.0555856014396342,"904_SCM_data_df_3.xlsx"
"904 3 donor 375",2003,18.99,78.3417738486479,2.39606255243454,3.73855451457444,7.08701412184368,19.861536981579,16.2564263782638,5.80649848294655,10.1004701887959,813.691038345812,0,0.0297679236136112,"904_SCM_data_df_3.xlsx"
"904 3 donor 375",2004,33.93,78.3417738486479,2.39606255243454,3.73855451457444,6.90182950180091,19.861536981579,16.2564263782638,4.62618188398484,10.1004701887959,714.775647980521,0,0.0531872379257413,"904_SCM_data_df_3.xlsx"
"904 3 donor 375",2005,13.23,78.3417738486479,2.39606255243454,3.73855451457444,6.23875993338842,19.861536981579,16.2564263782638,4.06004898253339,10.1004701887959,728.066319836499,0,0.0207387903848381,"904_SCM_data_df_3.xlsx"
"904 3 donor 375",2006,39.6,78.3417738486479,2.39606255243454,3.73855451457444,5.77395730961137,19.861536981579,16.2564263782638,4.57138861326807,10.1004701887959,802.106597447818,0,0.0620752909478148,"904_SCM_data_df_3.xlsx"
"904 3 donor 375",2007,31.77,78.3417738486479,2.39606255243454,3.73855451457444,6.77024421879632,19.861536981579,16.2564263782638,4.25536073386278,10.1004701887959,766.89689398288,0,0.0498013129649515,"904_SCM_data_df_3.xlsx"
"904 3 donor 375",2008,13.5,78.3417738486479,2.39606255243454,3.73855451457444,8.02131692224234,19.861536981579,16.2564263782638,5.76717906119308,9.79833589802625,776.114472879121,0,0.0211620310049369,"904_SCM_data_df_3.xlsx"
"904 3 donor 375",2009,53.01,78.3417738486479,2.39606255243454,3.73855451457444,3.32656801981947,19.861536981579,16.2564263782638,6.13113692747791,9.79833589802625,787.366907734134,0,0.0830962417460521,"904_SCM_data_df_3.xlsx"
"904 3 donor 375",2010,39.24,78.3417738486479,2.39606255243454,3.73855451457444,4.18136342261135,19.861536981579,16.2564263782638,4.98149329310986,9.79833589802625,686.877270060745,0,0.0615109701210165,"904_SCM_data_df_3.xlsx"
"904 3 donor 375",2011,45.99,78.3417738486479,2.39606255243454,3.73855451457444,3.27147854520567,19.861536981579,16.2564263782638,4.67197304628117,9.79833589802625,810.228020071784,0,0.072091985623485,"904_SCM_data_df_3.xlsx"
"904 3 donor 375",2012,346.14,78.3417738486479,2.39606255243454,3.59490275245851,4.00972357299203,19.861536981579,16.2564263782638,3.84557743122796,9.79833589802625,728.416492673357,0,0.542594474966582,"904_SCM_data_df_3.xlsx"
"904 3 donor 375",2013,589.95,78.3417738486479,2.39606255243454,3.49604434937015,2.82149910112218,19.861536981579,16.2564263782638,3.73065971481918,9.61244898001022,784.94282033167,0,0.924780754915741,"904_SCM_data_df_3.xlsx"
"904 3 donor 375",2014,459.45,78.3417738486479,2.39606255243454,6.03111968321653,2.9763855696993,19.861536981579,16.2564263782638,2.75659952942957,9.61244898001022,764.646729977102,0,0.720214455201352,"904_SCM_data_df_3.xlsx"
"904 3 donor 375",2015,645.75,78.3417738486479,2.39606255243454,6.03111968321653,3.37848551387426,19.861536981579,16.2564263782638,2.17292316013903,9.61244898001022,756.443228769137,0,1.01225048306948,"904_SCM_data_df_3.xlsx"
"904 3 donor 375",2016,1033.56,78.3417738486479,2.39606255243454,6.03215242602393,3.2081931278425,19.861536981579,16.2564263782638,1.60197005159874,9.61244898001022,680.238448631498,0,1.62016509373797,"904_SCM_data_df_3.xlsx"
"904 3 donor 375",2017,403.92,78.3417738486479,2.39606255243454,6.03215242602393,3.15374100018293,19.861536981579,16.2564263782638,1.22152110155112,9.61244898001022,832.756445111682,0,0.633167967667711,"904_SCM_data_df_3.xlsx"
"904 3 donor 375",2018,473.67,78.3417738486479,2.39606255243454,6.39308639792848,3.06539970415881,19.861536981579,16.2564263782638,1.27652520800348,7.20664159375769,795.668175309561,0,0.742505127859885,"904_SCM_data_df_3.xlsx"
"904 3 donor 375",2019,795.33,78.3417738486479,2.39606255243454,6.40464348455507,2.47477342917158,19.861536981579,16.2564263782638,1.23161996549571,7.20664159375769,783.43626956242,0,1.24672578660418,"904_SCM_data_df_3.xlsx"
"904 3 donor 375",2020,1186.2,78.3417738486479,2.39606255243454,6.40454687884389,2.96968739237121,19.861536981579,16.2564263782638,1.24231913316638,7.20664159375769,762.127347332698,0,1.85943712430045,"904_SCM_data_df_3.xlsx"
"904 3 donor 375",2021,920.61,78.3417738486479,2.39606255243454,6.40454687884389,2.21390406292776,19.861536981579,16.2564263782638,1.10890170376772,7.20664159375769,740.818425102977,0,1.44310943433,"904_SCM_data_df_3.xlsx"
"904 3 donor 375",2022,1053,78.3417738486479,2.39606255243454,6.40454687884389,2.21390406292776,19.861536981579,16.2564263782638,1.00844952564483,7.20664159375769,740.818425102977,0,1.65063841838508,"904_SCM_data_df_3.xlsx"
"904 4 donor 35",2001,25.29,75.569776775506,2.77755482838286,4.4505471294639,9.93248173280872,19.8328605536474,16.8115186036756,10.3775924114711,7.91651432941974,785.923468140637,0,0.0396435380825817,"904_SCM_data_df_4.xlsx"
"904 4 donor 35",2002,44.1,75.569776775506,2.77755482838286,4.4505471294639,6.16244130323364,19.8328605536474,16.8115186036756,10.3775924114711,7.91651432941974,729.466858535124,0,0.0691293012827938,"904_SCM_data_df_4.xlsx"
"904 4 donor 35",2003,34.56,75.569776775506,2.77755482838286,4.4505471294639,6.43862052782224,19.8328605536474,16.8115186036756,7.14660244119758,7.88494561081192,822.119421556027,0,0.0541747993726384,"904_SCM_data_df_4.xlsx"
"904 4 donor 35",2004,61.83,75.569776775506,2.77755482838286,4.4505471294639,5.41037741261443,19.8328605536474,16.8115186036756,4.99259781427659,7.88494561081192,724.734500839753,0,0.0969221020026109,"904_SCM_data_df_4.xlsx"
"904 4 donor 35",2005,21.51,75.569776775506,2.77755482838286,4.4505471294639,4.9249392176498,19.8328605536474,16.8115186036756,3.29561527010085,7.88494561081192,733.56762732312,0,0.0337181694011994,"904_SCM_data_df_4.xlsx"
"904 4 donor 35",2006,48.06,75.569776775506,2.77755482838286,4.4505471294639,6.31631772943394,19.8328605536474,16.8115186036756,3.16551451392886,7.88494561081192,814.751108237465,0,0.0753368303775753,"904_SCM_data_df_4.xlsx"
"904 4 donor 35",2007,43.65,75.569776775506,2.77755482838286,4.4505471294639,5.9334727202479,19.8328605536474,16.8115186036756,2.99585547731878,7.88494561081192,773.631555790353,0,0.0684239002492959,"904_SCM_data_df_4.xlsx"
"904 4 donor 35",2008,9.81,75.569776775506,2.77755482838286,4.4505471294639,7.52853388580936,19.8328605536474,16.8115186036756,3.90459983441489,7.88494561081192,783.360343155421,0,0.0153777425302541,"904_SCM_data_df_4.xlsx"
"904 4 donor 35",2009,60.39,75.569776775506,2.77755482838286,4.4505471294639,4.36597325563975,19.8328605536474,16.8115186036756,4.62729388044755,7.88494561081192,794.185026375342,0,0.0946648186954176,"904_SCM_data_df_4.xlsx"
"904 4 donor 35",2010,20.7,75.569776775506,2.77755482838286,4.4505471294639,4.89210069151495,19.8328605536474,16.8115186036756,4.21762478887899,7.88494561081192,692.247220141457,0,0.0324484475409032,"904_SCM_data_df_4.xlsx"
"904 4 donor 35",2011,23.22,75.569776775506,2.77755482838286,4.4505471294639,3.94963422092207,19.8328605536474,16.8115186036756,4.13189609928798,7.88494561081192,822.00199963729,0,0.0363986933284914,"904_SCM_data_df_4.xlsx"
"904 4 donor 35",2012,267.93,75.569776775506,2.77755482838286,4.23492897660519,4.84686202818101,19.8328605536474,16.8115186036756,3.47281031358665,7.88494561081192,738.154624949733,0,0.419995775344647,"904_SCM_data_df_4.xlsx"
"904 4 donor 35",2013,371.43,75.569776775506,2.77755482838286,3.70079020209268,3.02624277142159,19.8328605536474,16.8115186036756,3.8735815459341,7.67061600971433,789.049140928696,0,0.582238013049163,"904_SCM_data_df_4.xlsx"
"904 4 donor 35",2014,332.28,75.569776775506,2.77755482838286,10.3672159639813,3.28235801392492,19.8328605536474,16.8115186036756,3.3080096165522,7.67061600971433,771.219725128723,0,0.520868123134846,"904_SCM_data_df_4.xlsx"
"904 4 donor 35",2015,562.5,75.569776775506,2.77755482838286,10.3672159639813,3.58126965771193,19.8328605536474,16.8115186036756,2.14820089573658,7.67061600971433,771.296911443508,0,0.88175129187237,"904_SCM_data_df_4.xlsx"
"904 4 donor 35",2016,1274.31,75.569776775506,2.77755482838286,10.3704056977047,3.69622598266876,19.8328605536474,16.8115186036756,1.54349619706205,7.67061600971433,687.144989473518,0,1.99755464665934,"904_SCM_data_df_4.xlsx"
"904 4 donor 35",2017,478.17,75.569776775506,2.77755482838286,10.3703064286446,3.57607257831781,19.8328605536474,16.8115186036756,0.941957526631605,7.67061600971433,844.266874305134,0,0.749559138194864,"904_SCM_data_df_4.xlsx"
"904 4 donor 35",2018,755.55,75.569776775506,2.77755482838286,10.7573936431089,3.51557241352121,19.8328605536474,16.8115186036756,0.93652955063356,7.36866653367291,807.615047743706,0,1.18436833524297,"904_SCM_data_df_4.xlsx"
"904 4 donor 35",2019,1057.23,75.569776775506,2.77755482838286,10.817307018443,2.77831562571458,19.8328605536474,16.8115186036756,0.914121779172548,7.36866653367291,793.782104192457,0,1.65726918809996,"904_SCM_data_df_4.xlsx"
"904 4 donor 35",2020,1470.06,75.569776775506,2.77755482838286,10.8171954550831,3.58639615054052,19.8328605536474,16.8115186036756,0.955579820694984,7.36866653367291,770.451370019634,0,2.30440409623093,"904_SCM_data_df_4.xlsx"
"904 4 donor 35",2021,1365.21,75.569776775506,2.77755482838286,10.8171954550831,2.48323773448034,19.8328605536474,16.8115186036756,0.80864857320833,7.36866653367291,747.12063584681,0,2.14004565542592,"904_SCM_data_df_4.xlsx"
"904 4 donor 35",2022,1446.12,75.569776775506,2.77755482838286,10.8171954550831,2.48323773448034,19.8328605536474,16.8115186036756,0.73412029521459,7.36866653367291,747.12063584681,0,2.26687676124884,"904_SCM_data_df_4.xlsx"
"904 4 donor 288",2001,68.31,78.184545099004,2.99094028537365,9.01851733279084,4.43397527108605,19.8714926196934,16.3204502302403,4.24311962164651,13.0380836250781,764.566230784273,0,0.107079876884981,"904_SCM_data_df_4.xlsx"
"904 4 donor 288",2002,167.22,78.184545099004,2.99094028537365,9.01851733279084,5.34197230002082,19.8714926196934,16.3204502302403,4.24311962164651,13.0380836250781,705.448657658851,0,0.262127024047818,"904_SCM_data_df_4.xlsx"
"904 4 donor 288",2003,136.35,78.184545099004,2.99094028537365,9.01851733279084,5.63063029004157,19.8714926196934,16.3204502302403,2.39836108693047,13.098918511755,811.538503996114,0,0.213736513149862,"904_SCM_data_df_4.xlsx"
"904 4 donor 288",2004,177.12,78.184545099004,2.99094028537365,9.01851733279084,5.29651561701644,19.8714926196934,16.3204502302403,2.01889676967621,13.098918511755,708.140628843934,0,0.277645846784772,"904_SCM_data_df_4.xlsx"
"904 4 donor 288",2005,44.91,78.184545099004,2.99094028537365,9.01851733279084,3.68465426830422,19.8714926196934,16.3204502302403,1.79073074169395,13.098918511755,712.152368020993,0,0.07039902314309,"904_SCM_data_df_4.xlsx"
"904 4 donor 288",2006,112.59,78.184545099004,2.99094028537365,9.01851733279084,3.48003890139974,19.8714926196934,16.3204502302403,2.02887094317128,13.098918511755,819.347691904951,0,0.176491338581174,"904_SCM_data_df_4.xlsx"
"904 4 donor 288",2007,74.16,78.184545099004,2.99094028537365,9.01851733279084,3.68295920462502,19.8714926196934,16.3204502302403,2.17040272442266,13.098918511755,734.312936434343,0,0.116250090320453,"904_SCM_data_df_4.xlsx"
"904 4 donor 288",2008,66.42,78.184545099004,2.99094028537365,9.01851733279084,3.05333500022078,19.8714926196934,16.3204502302403,2.08497398898624,9.78994786600559,773.161561922424,0,0.104117192544289,"904_SCM_data_df_4.xlsx"
"904 4 donor 288",2009,98.91,78.184545099004,2.99094028537365,9.01851733279084,2.69346690668584,19.8714926196934,16.3204502302403,2.04695005803355,9.78994786600559,763.452090784651,0,0.155047147162838,"904_SCM_data_df_4.xlsx"
"904 4 donor 288",2010,152.91,78.184545099004,2.99094028537365,9.01851733279084,2.90171863034524,19.8714926196934,16.3204502302403,2.08663650183878,9.78994786600559,684.167638097761,0,0.239695271182585,"904_SCM_data_df_4.xlsx"
"904 4 donor 288",2011,52.56,78.184545099004,2.99094028537365,9.01851733279084,2.79147931135628,19.8714926196934,16.3204502302403,2.13278258867463,9.78994786600559,808.078838887522,0,0.0823908407125543,"904_SCM_data_df_4.xlsx"
"904 4 donor 288",2012,203.76,78.184545099004,2.99094028537365,8.69955797835096,4.47599511918955,19.8714926196934,16.3204502302403,2.22269188287316,9.78994786600559,741.174856020034,0,0.319405587967847,"904_SCM_data_df_4.xlsx"
"904 4 donor 288",2013,877.05,78.184545099004,2.99094028537365,8.69991444940673,2.66749932189063,19.8714926196934,16.3204502302403,1.8219326164298,7.24677755174132,810.588108484883,0,1.3748266142874,"904_SCM_data_df_4.xlsx"
"904 4 donor 288",2014,537.21,78.184545099004,2.99094028537365,12.3398961010288,2.90742241167231,19.8714926196934,16.3204502302403,1.41723983939847,7.24677755174132,746.2468885819,0,0.842107753789788,"904_SCM_data_df_4.xlsx"
"904 4 donor 288",2015,296.28,78.184545099004,2.99094028537365,12.3398961010288,2.71098543484158,19.8714926196934,16.3204502302403,1.17326253713831,7.24677755174132,741.40466728485,0,0.464436040455015,"904_SCM_data_df_4.xlsx"
"904 4 donor 288",2016,560.52,78.184545099004,2.99094028537365,12.3398961010288,3.34623331535555,19.8714926196934,16.3204502302403,1.14489349109627,7.24677755174132,679.99512865154,0,0.878647527324979,"904_SCM_data_df_4.xlsx"
"904 4 donor 288",2017,113.04,78.184545099004,2.99094028537365,10.7735433579976,2.71104645206871,19.8714926196934,16.3204502302403,1.08185895482845,7.24677755174132,851.177754543333,0,0.177196739614671,"904_SCM_data_df_4.xlsx"
"904 4 donor 288",2018,687.24,78.184545099004,2.99094028537365,10.7735433579976,3.3310950614714,19.8714926196934,16.3204502302403,1.24840799948275,5.77824112465227,806.172134120571,0,1.07728845835799,"904_SCM_data_df_4.xlsx"
"904 4 donor 288",2019,906.48,78.184545099004,2.99094028537365,10.7735433579976,2.69838583003741,19.8714926196934,16.3204502302403,1.01202245961307,5.77824112465227,745.299328514026,0,1.42095984187816,"904_SCM_data_df_4.xlsx"
"904 4 donor 288",2020,1053.63,78.184545099004,2.99094028537365,10.0014799673877,2.83608304001161,19.8714926196934,16.3204502302403,0.880459568911682,5.77824112465227,728.830363056602,0,1.65162597983197,"904_SCM_data_df_4.xlsx"
"904 4 donor 288",2021,1093.23,78.184545099004,2.99094028537365,10.000195235572,2.29809740804522,19.8714926196934,16.3204502302403,0.731762228046604,5.77824112465227,712.361397599177,0,1.71370127077979,"904_SCM_data_df_4.xlsx"
"904 4 donor 288",2022,1248.84,78.184545099004,2.99094028537365,10.0002143361782,2.29809740804522,19.8714926196934,16.3204502302403,0.700864305584467,5.77824112465227,712.361397599177,0,1.95762894816336,"904_SCM_data_df_4.xlsx"
"904 4 donor 499",2001,19.53,97.4087747104141,2.44533675553348,12.0010413676184,10.3617643097643,19.6296500845298,15.4137562766521,9.73051023427089,22.7497509016788,784.077977274699,0,0.0306144048538087,"904_SCM_data_df_4.xlsx"
"904 4 donor 499",2002,93.06,97.4087747104141,2.44533675553348,12.0010413676184,10.203553549547,19.6296500845298,15.4137562766521,9.73051023427089,22.7497509016788,706.661298385889,0,0.145876933727365,"904_SCM_data_df_4.xlsx"
"904 4 donor 499",2003,104.76,97.4087747104141,2.44533675553348,12.0010413676184,10.3073649121977,19.6296500845298,15.4137562766521,4.905813857545,14.8924028702324,826.964841230415,0,0.16421736059831,"904_SCM_data_df_4.xlsx"
"904 4 donor 499",2004,411.93,97.4087747104141,2.44533675553348,12.0010413676184,10.5139890726153,19.6296500845298,15.4137562766521,3.56399590124508,14.8924028702324,711.527135523857,0,0.645724106063974,"904_SCM_data_df_4.xlsx"
"904 4 donor 499",2005,149.4,97.4087747104141,2.44533675553348,12.0010413676184,10.4771744391613,19.6296500845298,15.4137562766521,2.12137247257903,14.8924028702324,697.527310576491,0,0.234193143121301,"904_SCM_data_df_4.xlsx"
"904 4 donor 499",2006,246.6,97.4087747104141,2.44533675553348,12.0010413676184,7.25162494736593,19.6296500845298,15.4137562766521,2.13784708127331,14.8924028702324,846.60893241549,0,0.386559766356847,"904_SCM_data_df_4.xlsx"
"904 4 donor 499",2007,269.37,97.4087747104141,2.44533675553348,12.0010413676184,10.0293194127063,19.6296500845298,15.4137562766521,1.98293579037841,14.8924028702324,733.944473619883,0,0.422253058651841,"904_SCM_data_df_4.xlsx"
"904 4 donor 499",2008,267.03,97.4087747104141,2.44533675553348,12.0010413676184,10.048659374384,19.6296500845298,15.4137562766521,1.80051501746584,13.3454044961717,784.979900488097,0,0.418584973277651,"904_SCM_data_df_4.xlsx"
"904 4 donor 499",2009,951.75,97.4087747104141,2.44533675553348,12.0010413676184,7.56899420906962,19.6296500845298,15.4137562766521,1.65085908420663,13.3454044961717,766.428431071054,0,1.49192318584805,"904_SCM_data_df_4.xlsx"
"904 4 donor 499",2010,1531.26,97.4087747104141,2.44533675553348,12.0010127110291,10.0953327577098,19.6296500845298,15.4137562766521,1.30905883818671,13.3454044961717,679.4775640874,0,2.40033863678664,"904_SCM_data_df_4.xlsx"
"904 4 donor 499",2011,551.52,97.4087747104141,2.44533675553348,11.998626470797,8.88266551541961,19.6296500845298,15.4137562766521,0.995874394215378,13.3454044961717,816.450528706266,0,0.864539506655021,"904_SCM_data_df_4.xlsx"
"904 4 donor 499",2012,821.7,97.4087747104141,2.44533675553348,11.9838992611517,8.61027620151555,19.6296500845298,15.4137562766521,0.795622698491551,13.3454044961717,735.31995836586,0,1.28806228716716,"904_SCM_data_df_4.xlsx"
"904 4 donor 499",2013,818.46,97.4087747104141,2.44533675553348,6.1781821998281,5.88619946853389,19.6296500845298,15.4137562766521,0.847111426521263,7.81963782556242,808.051228916803,0,1.28298339972597,"904_SCM_data_df_4.xlsx"
"904 4 donor 499",2014,1445.67,97.4087747104141,2.44533675553348,12.0460428547773,5.68629683407061,19.6296500845298,15.4137562766521,0.977732995844471,7.81963782556242,762.210859571515,0,2.26617136021534,"904_SCM_data_df_4.xlsx"
"904 4 donor 499",2015,1250.1,97.4087747104141,2.44533675553348,12.0459086461808,5.26756426718394,19.6296500845298,15.4137562766521,0.85283085972922,7.81963782556242,743.130407904178,0,1.95960407105715,"904_SCM_data_df_4.xlsx"
"904 4 donor 499",2016,1144.26,97.4087747104141,2.44533675553348,12.0477247983346,4.71983419834567,19.6296500845298,15.4137562766521,0.764154025816321,7.81963782556242,661.517911353977,0,1.79369374797845,"904_SCM_data_df_4.xlsx"
"904 4 donor 499",2017,881.37,97.4087747104141,2.44533675553348,5.20935882005062,4.14401465553269,19.6296500845298,15.4137562766521,0.682658962773717,7.81963782556242,839.2288395272,0,1.38159846420898,"904_SCM_data_df_4.xlsx"
"904 4 donor 499",2018,1400.94,97.4087747104141,2.44533675553348,5.20947144828456,4.40864972914153,19.6296500845298,15.4137562766521,0.773773112861637,6.45215922850677,816.309387394633,0,2.19605449748565,"904_SCM_data_df_4.xlsx"
"904 4 donor 499",2019,2044.53,97.4087747104141,2.44533675553348,5.20947144828456,4.00832631861156,19.6296500845298,15.4137562766521,0.59411285848335,6.45215922850677,745.218542962805,0,3.20491905559434,"904_SCM_data_df_4.xlsx"
"904 4 donor 499",2020,1472.58,97.4087747104141,2.44533675553348,5.20928004005709,4.20447586087258,19.6296500845298,15.4137562766521,0.456577415056104,6.45215922850677,726.570478398347,0,2.30835434201851,"904_SCM_data_df_4.xlsx"
"904 4 donor 499",2021,1731.06,97.4087747104141,2.44533675553348,5.20949615436173,4.11264740456872,19.6296500845298,15.4137562766521,0.374600840568054,6.45215922850677,707.922413833889,0,2.71353669565971,"904_SCM_data_df_4.xlsx"
"904 4 donor 499",2022,611.91,97.4087747104141,2.44533675553348,5.20949615436173,4.11264740456872,19.6296500845298,15.4137562766521,0.358565828464189,6.45215922850677,707.922413833889,0,0.959204325350439,"904_SCM_data_df_4.xlsx"
"904 5 donor 255",2001,510.66,76.388080861284,3.48362734043711,15.0143567509773,6.29601320406293,17.2301816421281,16.851134671915,1.31260870998213,7.56648296781539,905.21625431853,0,0.800489092813412,"904_SCM_data_df_5.xlsx"
"904 5 donor 255",2002,487.44,76.388080861284,3.48362734043711,15.0143567509773,7.04944894287071,17.2301816421281,16.851134671915,1.31260870998213,7.56648296781539,898.207600273125,0,0.764090399484921,"904_SCM_data_df_5.xlsx"
"904 5 donor 255",2003,236.43,76.388080861284,3.48362734043711,15.0143567509773,7.03732265191453,17.2301816421281,16.851134671915,1.05599958525396,7.00721653527786,932.537447642601,0,0.370617702999795,"904_SCM_data_df_5.xlsx"
"904 5 donor 255",2004,380.07,76.388080861284,3.48362734043711,15.0143567509773,6.38548009297881,17.2301816421281,16.851134671915,0.922938272227943,7.00721653527786,770.726421760296,0,0.595781712892323,"904_SCM_data_df_5.xlsx"
"904 5 donor 255",2005,385.02,76.388080861284,3.48362734043711,15.0143567509773,6.73392338237219,17.2301816421281,16.851134671915,1.08688584864451,7.00721653527786,776.954961596081,0,0.6035411242608,"904_SCM_data_df_5.xlsx"
"904 5 donor 255",2006,1401.75,76.388080861284,3.48362734043711,15.0143567509773,6.77228251301404,17.2301816421281,16.851134671915,1.17724345749957,7.00721653527786,924.81045687245,0,2.19732421934595,"904_SCM_data_df_5.xlsx"
"904 5 donor 255",2007,1031.49,76.388080861284,3.48362734043711,15.0143567509773,6.78806442914072,17.2301816421281,16.851134671915,0.760910569400574,7.00721653527786,854.824281264119,0,1.61692024898388,"904_SCM_data_df_5.xlsx"
"904 5 donor 255",2008,632.16,76.388080861284,3.48362734043711,15.0143567509773,6.30331097594631,17.2301816421281,16.851134671915,0.670205844922831,5.98702894233453,910.354474455704,0,0.990947371857844,"904_SCM_data_df_5.xlsx"
"904 5 donor 255",2009,1020.33,76.388080861284,3.48362734043711,15.0143567509773,6.27327952936575,17.2301816421281,16.851134671915,0.633682936906562,5.98702894233453,880.011971287933,0,1.59942630335313,"904_SCM_data_df_5.xlsx"
"904 5 donor 255",2010,986.76,76.388080861284,3.48362734043711,14.8415902671879,6.460156294599,17.2301816421281,16.851134671915,0.697166901374024,5.98702894233453,765.130060366001,0,1.54680338625419,"904_SCM_data_df_5.xlsx"
"904 5 donor 255",2011,1389.15,76.388080861284,3.48362734043711,14.8415994704497,4.26174811826728,17.2301816421281,16.851134671915,0.689848010559466,5.98702894233453,894.226950005266,0,2.17757299040801,"904_SCM_data_df_5.xlsx"
"904 5 donor 255",2012,972.09,76.388080861284,3.48362734043711,10.3218147409887,4.35161650973076,17.2301816421281,16.851134671915,0.587928476021214,5.98702894233453,793.438395765887,0,1.52380731256215,"904_SCM_data_df_5.xlsx"
"904 5 donor 255",2013,2101.05,76.388080861284,3.48362734043711,4.79106613701127,4.16333945780235,17.2301816421281,16.851134671915,0.556386237370352,3.99227166969184,854.412700299962,0,3.29351742540168,"904_SCM_data_df_5.xlsx"
"904 5 donor 255",2014,1784.25,76.388080861284,3.48362734043711,11.2209845850095,3.68121837561483,17.2301816421281,16.851134671915,0.525648645452065,3.99227166969184,889.204595561383,0,2.79691509781916,"904_SCM_data_df_5.xlsx"
"904 5 donor 255",2015,2371.14,76.388080861284,3.48362734043711,11.2145658917907,3.674450004179,17.2301816421281,16.851134671915,0.525280555980464,3.99227166969184,834.694698186982,0,3.71689912570711,"904_SCM_data_df_5.xlsx"
"904 5 donor 255",2016,2581.11,76.388080861284,3.48362734043711,11.447558937304,3.75046741089662,17.2301816421281,16.851134671915,0.391397053883868,3.99227166969184,700.312135026888,0,4.04603924793723,"904_SCM_data_df_5.xlsx"
"904 5 donor 255",2017,2268.72,76.388080861284,3.48362734043711,11.4452895873514,3.57343838025115,17.2301816421281,16.851134671915,0.35001474477349,3.99227166969184,924.218464115011,0,3.55634985048299,"904_SCM_data_df_5.xlsx"
"904 5 donor 255",2018,2478.33,76.388080861284,3.48362734043711,11.4451336948825,3.58287078058989,17.2301816421281,16.851134671915,0.293898510225934,3.29035839734563,940.949047290664,0,3.88492565188631,"904_SCM_data_df_5.xlsx"
"904 5 donor 255",2019,2653.2,76.388080861284,3.48362734043711,11.4477133316407,3.72081235028535,17.2301816421281,16.851134671915,0.262860621677498,3.29035839734563,881.057709489046,0,4.15904449350359,"904_SCM_data_df_5.xlsx"
"904 5 donor 255",2020,2201.76,76.388080861284,3.48362734043711,11.4476565461275,3.71783881991349,17.2301816421281,16.851134671915,0.242690288792553,3.29035839734563,862.848356325861,0,3.45138617669851,"904_SCM_data_df_5.xlsx"
"904 5 donor 255",2021,2301.66,76.388080861284,3.48362734043711,11.4476511418132,2.4192523185565,17.2301816421281,16.851134671915,0.234018486949693,3.29035839734563,844.639003162676,0,3.60798520613504,"904_SCM_data_df_5.xlsx"
"904 5 donor 255",2022,1838.97,76.388080861284,3.48362734043711,11.4460465982152,2.4192523185565,17.2301816421281,16.851134671915,0.239398194041219,3.29035839734563,844.639003162676,0,2.8826918634925,"904_SCM_data_df_5.xlsx"
"904 5 donor 294",2001,22.5,78.0554362259462,2.38540384924728,3.7227051686017,9.21733964623765,19.6492583212165,16.2265370555526,8.55237126280165,8.70324587839734,774.217608319219,0,0.0352700516748948,"904_SCM_data_df_5.xlsx"
"904 5 donor 294",2002,45.9,78.0554362259462,2.38540384924728,3.7227051686017,7.04151397891178,19.6492583212165,16.2265370555526,8.55237126280165,8.70324587839734,725.576592261764,0,0.0719509054167854,"904_SCM_data_df_5.xlsx"
"904 5 donor 294",2003,25.83,78.0554362259462,2.38540384924728,3.7227051686017,6.62457092121407,19.6492583212165,16.2265370555526,5.84944732675391,8.6672152364461,816.39640087179,0,0.0404900193227792,"904_SCM_data_df_5.xlsx"
"904 5 donor 294",2004,45.09,78.0554362259462,2.38540384924728,3.7227051686017,6.12781548435731,19.6492583212165,16.2265370555526,4.47575258556248,8.6672152364461,715.482303997174,0,0.0706811835564892,"904_SCM_data_df_5.xlsx"
"904 5 donor 294",2005,16.92,78.0554362259462,2.38540384924728,3.7227051686017,5.5988510198739,19.6492583212165,16.2265370555526,3.46948563155853,8.6672152364461,729.16978290422,0,0.0265230788595209,"904_SCM_data_df_5.xlsx"
"904 5 donor 294",2006,45.99,78.0554362259462,2.38540384924728,3.7227051686017,5.80052185782009,19.6492583212165,16.2265370555526,3.80009395550845,8.6672152364461,804.741803317468,0,0.072091985623485,"904_SCM_data_df_5.xlsx"
"904 5 donor 294",2007,36.63,78.0554362259462,2.38540384924728,3.7227051686017,6.31503672460724,19.6492583212165,16.2265370555526,3.48715561159316,8.6672152364461,768.145548479888,0,0.0574196441267287,"904_SCM_data_df_5.xlsx"
"904 5 donor 294",2008,11.88,78.0554362259462,2.38540384924728,3.7227051686017,7.54448435415346,19.6492583212165,16.2265370555526,4.94246026954824,8.57210981898697,775.655088014786,0,0.0186225872843445,"904_SCM_data_df_5.xlsx"
"904 5 donor 294",2009,56.7,78.0554362259462,2.38540384924728,3.7227051686017,3.5664913089144,19.6492583212165,16.2265370555526,5.45627659131554,8.57210981898697,787.289860557832,0,0.0888805302207349,"904_SCM_data_df_5.xlsx"
"904 5 donor 294",2010,49.59,78.0554362259462,2.38540384924728,3.7227051686017,4.29112641894471,19.6492583212165,16.2265370555526,4.62661566824056,8.57210981898697,685.32511220663,0,0.0777351938914681,"904_SCM_data_df_5.xlsx"
"904 5 donor 294",2011,48.78,78.0554362259462,2.38540384924728,3.7227051686017,3.35515212790452,19.6492583212165,16.2265370555526,4.39947674334251,8.57210981898697,808.808608448536,0,0.0764654720311719,"904_SCM_data_df_5.xlsx"
"904 5 donor 294",2012,373.86,78.0554362259462,2.38540384924728,3.47979099760605,4.09097102971465,19.6492583212165,16.2265370555526,3.59780214730215,8.57210981898697,728.247417591603,0,0.586047178630052,"904_SCM_data_df_5.xlsx"
"904 5 donor 294",2013,601.83,78.0554362259462,2.38540384924728,3.35381769379497,2.87792836596236,19.6492583212165,16.2265370555526,3.41603681922984,8.36867896918142,781.658693135761,0,0.943403342200086,"904_SCM_data_df_5.xlsx"
"904 5 donor 294",2014,463.5,78.0554362259462,2.38540384924728,6.76971184264893,3.07550926197528,19.6492583212165,16.2265370555526,2.69248338111775,8.36867896918142,763.280822522702,0,0.726563064502833,"904_SCM_data_df_5.xlsx"
"904 5 donor 294",2015,710.28,78.0554362259462,2.38540384924728,6.76971184264893,3.43847496286063,19.6492583212165,16.2265370555526,1.99336881996158,8.36867896918142,757.505306750691,0,1.11340499127308,"904_SCM_data_df_5.xlsx"
"904 5 donor 294",2016,1126.8,78.0554362259462,2.38540384924728,6.76172032241073,3.31329147229608,19.6492583212165,16.2265370555526,1.44269555494576,8.36867896918142,678.747906475024,0,1.76632418787873,"904_SCM_data_df_5.xlsx"
"904 5 donor 294",2017,428.4,78.0554362259462,2.38540384924728,6.76158421884315,3.30597585862122,19.6492583212165,16.2265370555526,1.01220884626666,8.36867896918142,830.023422247034,0,0.671541783889997,"904_SCM_data_df_5.xlsx"
"904 5 donor 294",2018,530.73,78.0554362259462,2.38540384924728,7.13590707430082,3.20906672154777,19.6492583212165,16.2265370555526,1.0234486120442,6.86380959725468,793.010356443326,0,0.831949978907419,"904_SCM_data_df_5.xlsx"
"904 5 donor 294",2019,1053.09,78.0554362259462,2.38540384924728,7.1646282546231,2.55096325962233,19.6492583212165,16.2265370555526,1.00970620156506,6.86380959725468,780.414817583402,0,1.65077949859178,"904_SCM_data_df_5.xlsx"
"904 5 donor 294",2020,1458.63,78.0554362259462,2.38540384924728,7.16451975562137,3.07738387599393,19.6492583212165,16.2265370555526,1.02160163097818,6.86380959725468,757.435897921142,0,2.28648690998008,"904_SCM_data_df_5.xlsx"
"904 5 donor 294",2021,1273.77,78.0554362259462,2.38540384924728,7.16451975562137,2.21462930651098,19.6492583212165,16.2265370555526,0.890508911871667,6.86380959725468,734.456978258881,0,1.99670816541914,"904_SCM_data_df_5.xlsx"
"904 5 donor 294",2022,1242,78.0554362259462,2.38540384924728,7.16451975562137,2.21462930651098,19.6492583212165,16.2265370555526,0.822880501121278,6.86380959725468,734.456978258881,0,1.94690685245419,"904_SCM_data_df_5.xlsx"
"904 5 donor 338",2001,27.9,117.046975484058,5.13684686446371,11.4869636297976,16.4058066400891,19.0860070175439,17.7171141336487,6.08389813567822,9.95721415257097,802.764013953239,0,0.0437348640768696,"904_SCM_data_df_5.xlsx"
"904 5 donor 338",2002,82.71,117.046975484058,5.13684686446371,11.4869636297976,13.8702740168234,19.0860070175439,17.7171141336487,6.08389813567822,9.95721415257097,729.533436994376,0,0.129652709956913,"904_SCM_data_df_5.xlsx"
"904 5 donor 338",2003,401.76,117.046975484058,5.13684686446371,11.4869636297976,21.4941023579208,19.0860070175439,17.7171141336487,3.17206980404278,9.71361268249758,856.007085432049,0,0.629782042706922,"904_SCM_data_df_5.xlsx"
"904 5 donor 338",2004,195.12,117.046975484058,5.13684686446371,11.4869636297976,15.6060820762066,19.0860070175439,17.7171141336487,2.54327095272489,9.71361268249758,717.316043701645,0,0.305861888124688,"904_SCM_data_df_5.xlsx"
"904 5 donor 338",2005,48.69,117.046975484058,5.13684686446371,11.4869636297976,9.49226112805503,19.0860070175439,17.7171141336487,2.35594009947675,9.71361268249758,669.883725111099,0,0.0763243918244723,"904_SCM_data_df_5.xlsx"
"904 5 donor 338",2006,180.99,117.046975484058,5.13684686446371,11.4869636297976,13.4728042288659,19.0860070175439,17.7171141336487,2.58930444964502,9.71361268249758,862.305559848482,0,0.283712295672854,"904_SCM_data_df_5.xlsx"
"904 5 donor 338",2007,193.59,117.046975484058,5.13684686446371,11.4869636297976,13.572530833378,19.0860070175439,17.7171141336487,2.75249159147036,9.71361268249758,741.634651594814,0,0.303463524610795,"904_SCM_data_df_5.xlsx"
"904 5 donor 338",2008,87.48,117.046975484058,5.13684686446371,11.4869636297976,15.2622096234455,19.0860070175439,17.7171141336487,2.32311494863732,7.68120973225803,792.850824294532,0,0.137129960911991,"904_SCM_data_df_5.xlsx"
"904 5 donor 338",2009,162.99,117.046975484058,5.13684686446371,11.4869636297976,13.4440497714936,19.0860070175439,17.7171141336487,2.2402104513671,7.68120973225803,789.098084268228,0,0.255496254332938,"904_SCM_data_df_5.xlsx"
"904 5 donor 338",2010,364.41,117.046975484058,5.13684686446371,11.4869636297976,14.6847643656228,19.0860070175439,17.7171141336487,2.0846712189214,7.68120973225803,696.07639745284,0,0.571233756926596,"904_SCM_data_df_5.xlsx"
"904 5 donor 338",2011,338.67,117.046975484058,5.13684686446371,11.4869636297976,9.31947846142201,19.0860070175439,17.7171141336487,1.89755394264159,7.68120973225803,857.890171860758,0,0.530884817810516,"904_SCM_data_df_5.xlsx"
"904 5 donor 338",2012,194.4,117.046975484058,5.13684686446371,11.4869695687553,9.57792268315992,19.0860070175439,17.7171141336487,1.53959222100618,7.68120973225803,738.452945666264,0,0.304733246471091,"904_SCM_data_df_5.xlsx"
"904 5 donor 338",2013,620.37,117.046975484058,5.13684686446371,8.41222403558959,7.96320697251931,19.0860070175439,17.7171141336487,1.52094961505587,7.52284090973604,810.837276342889,0,0.972465864780199,"904_SCM_data_df_5.xlsx"
"904 5 donor 338",2014,1018.08,117.046975484058,5.13684686446371,11.2508130631838,8.23595769557086,19.0860070175439,17.7171141336487,1.08179613573499,7.52284090973604,761.45348026708,0,1.59589929818564,"904_SCM_data_df_5.xlsx"
"904 5 donor 338",2015,1078.56,117.046975484058,5.13684686446371,11.2508130631838,7.16022137520146,19.0860070175439,17.7171141336487,0.850732716939119,7.52284090973604,755.578409696618,0,1.69070519708776,"904_SCM_data_df_5.xlsx"
"904 5 donor 338",2016,1273.86,117.046975484058,5.13684686446371,9.24811999186271,6.60359372072706,19.0860070175439,17.7171141336487,0.686206647658638,7.52284090973604,645.798425529633,0,1.99684924562584,"904_SCM_data_df_5.xlsx"
"904 5 donor 338",2017,622.89,117.046975484058,5.13684686446371,9.24812014010011,6.24424370543022,19.0860070175439,17.7171141336487,0.61283457652992,7.52284090973604,850.270006528753,0,0.976416110567787,"904_SCM_data_df_5.xlsx"
"904 5 donor 338",2018,691.56,117.046975484058,5.13684686446371,9.44496920920081,6.5461423410154,19.0860070175439,17.7171141336487,0.642981665872913,7.51062855020674,851.427463027386,0,1.08406030827957,"904_SCM_data_df_5.xlsx"
"904 5 donor 338",2019,858.96,117.046975484058,5.13684686446371,9.44496920920081,6.16905229468332,19.0860070175439,17.7171141336487,0.618003021519654,7.51062855020674,785.575891237908,0,1.34646949274078,"904_SCM_data_df_5.xlsx"
"904 5 donor 338",2020,1162.98,117.046975484058,5.13684686446371,9.44491002620963,6.69260850031067,19.0860070175439,17.7171141336487,0.742789783604944,7.51062855020674,762.276389410173,0,1.82303843097196,"904_SCM_data_df_5.xlsx"
"904 5 donor 338",2021,2423.97,117.046975484058,5.13684686446371,9.43490320255851,4.60665830965215,19.0860070175439,17.7171141336487,0.645092066460817,7.51062855020674,738.976887582437,0,3.79971320703977,"904_SCM_data_df_5.xlsx"
"904 5 donor 338",2022,1641.51,117.046975484058,5.13684686446371,9.43077305643429,4.60665830965215,19.0860070175439,17.7171141336487,0.529992351581251,7.51062855020674,738.976887582437,0,2.57316188999362,"904_SCM_data_df_5.xlsx"
"904 5 donor 360",2001,671.85,56.6295208131274,2.56426447141201,6.24657000607165,2.10665597899368,17.7150924293415,17.8557247526439,1.42839584920241,7.45912736104211,822.653640633016,0,1.05316374301236,"904_SCM_data_df_5.xlsx"
"904 5 donor 360",2002,531.09,56.6295208131274,2.56426447141201,6.24657000607165,1.87533805344625,17.7150924293415,17.8557247526439,1.42839584920241,7.45912736104211,769.416654169462,0,0.832514299734217,"904_SCM_data_df_5.xlsx"
"904 5 donor 360",2003,624.33,56.6295208131274,2.56426447141201,6.24657000607165,2.07957233852972,17.7150924293415,17.8557247526439,1.16298223136912,6.97431788296706,941.187390717023,0,0.978673393874981,"904_SCM_data_df_5.xlsx"
"904 5 donor 360",2004,803.16,56.6295208131274,2.56426447141201,6.24657000607165,2.17432831831192,17.7150924293415,17.8557247526439,0.970205849281259,6.97431788296706,715.98758671624,0,1.25899976458704,"904_SCM_data_df_5.xlsx"
"904 5 donor 360",2005,349.2,56.6295208131274,2.56426447141201,6.24657000607165,2.22449243883014,17.7150924293415,17.8557247526439,0.991287625671232,6.97431788296706,622.273412595711,0,0.547391201994367,"904_SCM_data_df_5.xlsx"
"904 5 donor 360",2006,464.76,56.6295208131274,2.56426447141201,6.24657000607165,1.80456927274304,17.7150924293415,17.8557247526439,0.99721222214337,6.97431788296706,875.226516390079,0,0.728538187396627,"904_SCM_data_df_5.xlsx"
"904 5 donor 360",2007,444.87,56.6295208131274,2.56426447141201,6.24657000607165,1.65473606793935,17.7150924293415,17.8557247526439,1.01303702915178,6.97431788296706,745.176214658595,0,0.69735946171602,"904_SCM_data_df_5.xlsx"
"904 5 donor 360",2008,761.4,56.6295208131274,2.56426447141201,6.24657000607165,1.63015177378784,17.7150924293415,17.8557247526439,1.01859950165196,6.94634524637475,816.39874005012,0,1.19353854867844,"904_SCM_data_df_5.xlsx"
"904 5 donor 360",2009,653.94,56.6295208131274,2.56426447141201,6.24657000607165,1.44760850030358,17.7150924293415,17.8557247526439,0.899623327734803,6.94634524637475,826.17146933133,0,1.02508878187914,"904_SCM_data_df_5.xlsx"
"904 5 donor 360",2010,931.41,56.6295208131274,2.56426447141201,6.24305968821707,1.92019326599327,17.7150924293415,17.8557247526439,0.790448295602394,6.94634524637475,654.073109917371,0,1.46003905913394,"904_SCM_data_df_5.xlsx"
"904 5 donor 360",2011,3404.97,56.6295208131274,2.56426447141201,5.53183104109006,1.74923502472027,17.7150924293415,17.8557247526439,0.711014116181329,6.94634524637475,880.375534184662,0,5.33748746006518,"904_SCM_data_df_5.xlsx"
"904 5 donor 360",2012,5406.03,56.6295208131274,2.56426447141201,5.33809905298102,2.49443075722092,17.7150924293415,17.8557247526439,0.604682400902073,6.94634524637475,732.669422544013,0,8.47426477582362,"904_SCM_data_df_5.xlsx"
"904 5 donor 360",2013,7492.41,56.6295208131274,2.56426447141201,3.42858581127434,1.32831021692333,17.7150924293415,17.8557247526439,0.462066087889039,6.94533316616595,792.178553393217,0,11.7447861275333,"904_SCM_data_df_5.xlsx"
"904 5 donor 360",2014,3338.64,56.6295208131274,2.56426447141201,5.23823455160504,1.45225352983386,17.7150924293415,17.8557247526439,0.354310869822345,6.94533316616595,801.397818443495,0,5.23351134772759,"904_SCM_data_df_5.xlsx"
"904 5 donor 360",2015,1895.58,56.6295208131274,2.56426447141201,5.23823455160504,1.5410933787524,17.7150924293415,17.8557247526439,0.361664406752931,6.94533316616595,758.74198644102,0,2.97143131350654,"904_SCM_data_df_5.xlsx"
"904 5 donor 360",2016,1912.32,56.6295208131274,2.56426447141201,5.23823455160504,1.53959213682492,17.7150924293415,17.8557247526439,0.333067904651511,6.94533316616595,580.818803300109,0,2.99767223195266,"904_SCM_data_df_5.xlsx"
"904 5 donor 360",2017,1824.21,56.6295208131274,2.56426447141201,5.23823590471459,1.20652060022552,17.7150924293415,17.8557247526439,0.393083337670223,6.94533316616595,936.998699650926,0,2.85955470959377,"904_SCM_data_df_5.xlsx"
"904 5 donor 360",2018,1482.84,56.6295208131274,2.56426447141201,5.23823325684637,1.25111934173901,17.7150924293415,17.8557247526439,0.438629154937352,6.96559462698807,955.263244939054,0,2.32443748558227,"904_SCM_data_df_5.xlsx"
"904 5 donor 360",2019,1588.59,56.6295208131274,2.56426447141201,5.23823325684637,1.56922638405917,17.7150924293415,17.8557247526439,0.471821624519985,6.96559462698807,870.182855276198,0,2.49020672845427,"904_SCM_data_df_5.xlsx"
"904 5 donor 360",2020,1126.35,56.6295208131274,2.56426447141201,5.2386246634968,1.48864781144781,17.7150924293415,17.8557247526439,0.556243345240067,6.96559462698807,822.903410417942,0,1.76561878684523,"904_SCM_data_df_5.xlsx"
"904 5 donor 360",2021,999.27,56.6295208131274,2.56426447141201,5.23847539879671,1.28608843154417,17.7150924293415,17.8557247526439,0.562973841459087,6.96559462698807,775.623965559687,0,1.56641353498543,"904_SCM_data_df_5.xlsx"
"904 5 donor 360",2022,1329.93,56.6295208131274,2.56426447141201,5.23847539879671,1.28608843154417,17.7150924293415,17.8557247526439,0.546924091815895,6.96559462698807,775.623965559687,0,2.08474221439968,"904_SCM_data_df_5.xlsx"
"904 6 donor 89",2001,43.56,106.312417307052,3.86993406641929,21.1676995172861,14.8601865489818,18.3659540142877,17.129220166848,4.86749270882778,8.3595882880766,812.968258523977,0,0.0682828200425963,"904_SCM_data_df_6.xlsx"
"904 6 donor 89",2002,106.02,106.312417307052,3.86993406641929,21.1676995172861,12.1814156969547,18.3659540142877,17.129220166848,4.86749270882778,8.3595882880766,759.404191300426,0,0.166192483492104,"904_SCM_data_df_6.xlsx"
"904 6 donor 89",2003,183.06,106.312417307052,3.86993406641929,21.1676995172861,15.3442606513247,18.3659540142877,17.129220166848,2.93099200470571,8.06125910588324,878.158054509929,0,0.286957140426944,"904_SCM_data_df_6.xlsx"
"904 6 donor 89",2004,177.48,106.312417307052,3.86993406641929,21.1676995172861,12.9566961898559,18.3659540142877,17.129220166848,2.41020048949494,8.06125910588324,723.884599675457,0,0.27821016761157,"904_SCM_data_df_6.xlsx"
"904 6 donor 89",2005,83.88,106.312417307052,3.86993406641929,21.1676995172861,8.81314345639568,18.3659540142877,17.129220166848,2.41411127494193,8.06125910588324,685.393906229549,0,0.131486752644008,"904_SCM_data_df_6.xlsx"
"904 6 donor 89",2006,155.07,106.312417307052,3.86993406641929,21.1676995172861,13.5869872737624,18.3659540142877,17.129220166848,2.94295298388483,8.06125910588324,858.101570200103,0,0.243081196143375,"904_SCM_data_df_6.xlsx"
"904 6 donor 89",2007,138.42,106.312417307052,3.86993406641929,21.1676995172861,11.9673344398484,18.3659540142877,17.129220166848,3.39989251138975,8.06125910588324,759.976165507323,0,0.216981357903953,"904_SCM_data_df_6.xlsx"
"904 6 donor 89",2008,76.86,106.312417307052,3.86993406641929,21.1676995172861,13.1604976022002,18.3659540142877,17.129220166848,3.07546038071478,7.90171573495994,802.405530157399,0,0.120482496521441,"904_SCM_data_df_6.xlsx"
"904 6 donor 89",2009,173.88,106.312417307052,3.86993406641929,21.1676995172861,12.1442519006565,18.3659540142877,17.129220166848,2.74814365036436,7.90171573495994,806.466836875496,0,0.272566959343587,"904_SCM_data_df_6.xlsx"
"904 6 donor 89",2010,206.28,106.312417307052,3.86993406641929,21.1676995172861,13.8268977769297,18.3659540142877,17.129220166848,2.54210788127855,7.90171573495994,714.449326077118,0,0.323355833755436,"904_SCM_data_df_6.xlsx"
"904 6 donor 89",2011,249.48,106.312417307052,3.86993406641929,21.1676995172861,10.3937525306605,18.3659540142877,17.129220166848,2.42923311565737,7.90171573495994,868.49257793835,0,0.391074332971234,"904_SCM_data_df_6.xlsx"
"904 6 donor 89",2012,459.18,106.312417307052,3.86993406641929,21.1676995172861,9.31861629368435,18.3659540142877,17.129220166848,1.97676941382035,7.90171573495994,753.565846058257,0,0.719791214581253,"904_SCM_data_df_6.xlsx"
"904 6 donor 89",2013,1224.99,106.312417307052,3.86993406641929,12.0757808563954,7.85092610739557,18.3659540142877,17.129220166848,1.89041333305999,7.80874759628652,825.209066695263,0,1.92024269338797,"904_SCM_data_df_6.xlsx"
"904 6 donor 89",2014,1499.58,106.312417307052,3.86993406641929,12.960818557283,8.96392916516196,18.3659540142877,17.129220166848,1.43037317523572,7.80874759628652,784.977606868068,0,2.35067840402839,"904_SCM_data_df_6.xlsx"
"904 6 donor 89",2015,1311.93,106.312417307052,3.86993406641929,12.960818557283,7.80808002233005,18.3659540142877,17.129220166848,1.01906125783168,7.80874759628652,762.973255977153,0,2.05652617305977,"904_SCM_data_df_6.xlsx"
"904 6 donor 89",2016,1510.56,106.312417307052,3.86993406641929,12.5154998257436,8.67810890947025,18.3659540142877,17.129220166848,0.770087006779442,7.80874759628652,655.055071334741,0,2.36789018924574,"904_SCM_data_df_6.xlsx"
"904 6 donor 89",2017,614.97,106.312417307052,3.86993406641929,12.6617119297045,8.67391277875113,18.3659540142877,17.129220166848,0.624763826576232,7.80874759628652,861.703101764169,0,0.964001052378225,"904_SCM_data_df_6.xlsx"
"904 6 donor 89",2018,572.04,106.312417307052,3.86993406641929,12.7197912029685,8.65926194602624,18.3659540142877,17.129220166848,0.62891930745297,7.80874759628652,865.748198693313,0,0.896705793782525,"904_SCM_data_df_6.xlsx"
"904 6 donor 89",2019,846.09,106.312417307052,3.86993406641929,12.7197912029685,8.49794173685547,18.3659540142877,17.129220166848,0.667718909422935,7.80874759628652,813.959361196487,0,1.32629502318274,"904_SCM_data_df_6.xlsx"
"904 6 donor 89",2020,1032.03,106.312417307052,3.86993406641929,12.7197737110939,8.63762312043563,18.3659540142877,17.129220166848,0.874817421856643,7.80874759628652,791.872818049495,0,1.61776673022407,"904_SCM_data_df_6.xlsx"
"904 6 donor 89",2021,1657.8,106.312417307052,3.86993406641929,12.7197737110939,7.01967239794172,18.3659540142877,17.129220166848,0.82075612144647,7.80874759628652,769.786274902503,0,2.59869740740625,"904_SCM_data_df_6.xlsx"
"904 6 donor 89",2022,1232.1,106.312417307052,3.86993406641929,11.9004682876981,7.01967239794172,18.3659540142877,17.129220166848,0.823525730812476,7.80874759628652,769.786274902503,0,1.93138802971724,"904_SCM_data_df_6.xlsx"
"904 6 donor 258",2001,446.67,73.1661898844368,3.39258246177332,14.7701877602064,4.89363713823426,16.7434625932625,16.1650435185784,1.46739813629138,5.93218967784871,883.223856973958,0,0.700181065850011,"904_SCM_data_df_6.xlsx"
"904 6 donor 258",2002,539.64,73.1661898844368,3.39258246177332,14.7701877602064,5.00287608813585,16.7434625932625,16.1650435185784,1.46739813629138,5.93218967784871,879.513195896305,0,0.845916919370677,"904_SCM_data_df_6.xlsx"
"904 6 donor 258",2003,276.12,73.1661898844368,3.39258246177332,14.7701877602064,4.98399202979915,16.7434625932625,16.1650435185784,1.09716775427685,5.70654753892057,913.157333153043,0,0.432834074154309,"904_SCM_data_df_6.xlsx"
"904 6 donor 258",2004,419.49,73.1661898844368,3.39258246177332,14.7701877602064,4.87425788031137,16.7434625932625,16.1650435185784,0.949317448652604,5.70654753892057,756.094425548587,0,0.657574843426739,"904_SCM_data_df_6.xlsx"
"904 6 donor 258",2005,508.05,73.1661898844368,3.39258246177332,14.7701877602064,4.78877939386102,16.7434625932625,16.1650435185784,1.02199580831147,5.70654753892057,763.642833615904,0,0.796397766819125,"904_SCM_data_df_6.xlsx"
"904 6 donor 258",2006,1633.5,73.1661898844368,3.39258246177332,14.7701877602064,4.89685682182327,16.7434625932625,16.1650435185784,1.16326034832963,5.70654753892057,904.716444250285,0,2.56060575159736,"904_SCM_data_df_6.xlsx"
"904 6 donor 258",2007,1036.98,73.1661898844368,3.39258246177332,14.7701877602064,4.9098294086849,16.7434625932625,16.1650435185784,0.797962230646952,5.70654753892057,835.134964964653,0,1.62552614159255,"904_SCM_data_df_6.xlsx"
"904 6 donor 258",2008,588.24,73.1661898844368,3.39258246177332,14.7701877602064,4.84606942149021,16.7434625932625,16.1650435185784,0.719982973039463,4.96562980041381,890.848356407083,0,0.92210023098845,"904_SCM_data_df_6.xlsx"
"904 6 donor 258",2009,950.04,73.1661898844368,3.39258246177332,14.7701877602064,4.73340226489958,16.7434625932625,16.1650435185784,0.694411901998385,4.96562980041381,861.52292292917,0,1.48924266192076,"904_SCM_data_df_6.xlsx"
"904 6 donor 258",2010,1151.46,73.1661898844368,3.39258246177332,14.7309704389761,4.89418205143571,16.7434625932625,16.1650435185784,0.750634831070852,4.96562980041381,746.147432763684,0,1.80498016451442,"904_SCM_data_df_6.xlsx"
"904 6 donor 258",2011,1524.42,73.1661898844368,3.39258246177332,14.7309808535401,3.72525260048698,16.7434625932625,16.1650435185784,0.714274989276342,4.96562980041381,874.098986557937,0,2.38961654107747,"904_SCM_data_df_6.xlsx"
"904 6 donor 258",2012,525.33,73.1661898844368,3.39258246177332,11.6238083840079,3.79685737377624,16.7434625932625,16.1650435185784,0.602558874457509,4.96562980041381,776.74132090714,0,0.823485166505444,"904_SCM_data_df_6.xlsx"
"904 6 donor 258",2013,1361.88,73.1661898844368,3.39258246177332,5.40673247155077,3.70980917724314,16.7434625932625,16.1650435185784,0.599268854713363,3.76582479278109,833.045623962028,0,2.13482568777803,"904_SCM_data_df_6.xlsx"
"904 6 donor 258",2014,1337.31,73.1661898844368,3.39258246177332,11.2085806419055,3.45090982507822,16.7434625932625,16.1650435185784,0.617600099036132,3.76582479278109,869.293809786321,0,2.09631079134905,"904_SCM_data_df_6.xlsx"
"904 6 donor 258",2015,1564.47,73.1661898844368,3.39258246177332,11.2028266079178,3.54669845863191,16.7434625932625,16.1650435185784,0.640743676196003,3.76582479278109,815.172702939779,0,2.45239723305879,"904_SCM_data_df_6.xlsx"
"904 6 donor 258",2016,2083.86,73.1661898844368,3.39258246177332,12.4774399538252,3.62281041519479,16.7434625932625,16.1650435185784,0.503803738140896,3.76582479278109,688.518970401112,0,3.26657110592206,"904_SCM_data_df_6.xlsx"
"904 6 donor 258",2017,1885.68,73.1661898844368,3.39258246177332,12.4746092125681,3.46142253261254,16.7434625932625,16.1650435185784,0.424330212959225,3.76582479278109,906.647044445138,0,2.95591249076958,"904_SCM_data_df_6.xlsx"
"904 6 donor 258",2018,2207.79,73.1661898844368,3.39258246177332,12.4743647604839,3.4648016375656,16.7434625932625,16.1650435185784,0.352101483649576,3.37402568631409,928.929806222111,0,3.46083855054738,"904_SCM_data_df_6.xlsx"
"904 6 donor 258",2019,2874.33,73.1661898844368,3.39258246177332,12.4770311727266,3.67855562582004,16.7434625932625,16.1650435185784,0.302748063433589,3.37402568631409,878.976274430264,0,4.50567856136446,"904_SCM_data_df_6.xlsx"
"904 6 donor 258",2020,2416.41,73.1661898844368,3.39258246177332,12.4760416377548,3.63285997584023,16.7434625932625,16.1650435185784,0.262196995168046,3.37402568631409,860.953357568571,0,3.787862469677,"904_SCM_data_df_6.xlsx"
"904 6 donor 258",2021,2324.07,73.1661898844368,3.39258246177332,12.4760328380475,2.52642358447719,16.7434625932625,16.1650435185784,0.244352746833367,3.37402568631409,842.930440706878,0,3.64311417760323,"904_SCM_data_df_6.xlsx"
"904 6 donor 258",2022,1767.24,73.1661898844368,3.39258246177332,12.4743587599667,2.52642358447719,16.7434625932625,16.1650435185784,0.235034075999193,3.37402568631409,842.930440706878,0,2.77025093875294,"904_SCM_data_df_6.xlsx"
"904 7 donor 36",2001,19.44,78.8874718703331,3.58622944977031,6.36619614045988,14.2368064773536,20.2843299505595,17.784262295082,12.2022042604125,10.4413474327293,822.41537396384,0,0.0304733246471091,"904_SCM_data_df_7.xlsx"
"904 7 donor 36",2002,22.23,78.8874718703331,3.58622944977031,6.36619614045988,8.35586051312297,20.2843299505595,17.784262295082,12.2022042604125,10.4413474327293,756.409070263314,0,0.0348468110547961,"904_SCM_data_df_7.xlsx"
"904 7 donor 36",2003,38.07,78.8874718703331,3.58622944977031,6.36619614045988,9.55834294775254,20.2843299505595,17.784262295082,9.33648183852507,10.4517678709134,850.032191927731,0,0.059676927433922,"904_SCM_data_df_7.xlsx"
"904 7 donor 36",2004,50.4,78.8874718703331,3.58622944977031,6.36619614045988,7.97239235030759,20.2843299505595,17.784262295082,5.86428133767112,10.4517678709134,749.728470899204,0,0.0790049157517644,"904_SCM_data_df_7.xlsx"
"904 7 donor 36",2005,16.47,78.8874718703331,3.58622944977031,6.36619614045988,7.56099865324538,20.2843299505595,17.784262295082,3.89185096125794,10.4517678709134,756.565383741909,0,0.025817677826023,"904_SCM_data_df_7.xlsx"
"904 7 donor 36",2006,23.13,78.8874718703331,3.58622944977031,6.36619614045988,8.82956986171322,20.2843299505595,17.784262295082,3.58307886399513,10.4517678709134,849.074592475302,0,0.0362576131217918,"904_SCM_data_df_7.xlsx"
"904 7 donor 36",2007,26.28,78.8874718703331,3.58622944977031,6.36619614045988,8.68294716432457,20.2843299505595,17.784262295082,3.52115501398007,10.4517678709134,798.734686281684,0,0.0411954203562771,"904_SCM_data_df_7.xlsx"
"904 7 donor 36",2008,8.1,78.8874718703331,3.58622944977031,6.36619614045988,10.362434424562,20.2843299505595,17.784262295082,4.51711890392467,10.4517678709134,810.761793613344,0,0.0126972186029621,"904_SCM_data_df_7.xlsx"
"904 7 donor 36",2009,128.61,78.8874718703331,3.58622944977031,6.36619614045988,7.24766899641549,20.2843299505595,17.784262295082,5.30525011157247,10.4517678709134,819.119887015986,0,0.201603615373699,"904_SCM_data_df_7.xlsx"
"904 7 donor 36",2010,35.73,78.8874718703331,3.58622944977031,6.36619614045988,7.0769444818543,20.2843299505595,17.784262295082,4.15218802996923,10.4517678709134,712.98821900352,0,0.0560088420597329,"904_SCM_data_df_7.xlsx"
"904 7 donor 36",2011,26.73,78.8874718703331,3.58622944977031,6.36619614045988,5.76740754624147,20.2843299505595,17.784262295082,4.078141092259,10.4517678709134,853.534636445072,0,0.041900821389775,"904_SCM_data_df_7.xlsx"
"904 7 donor 36",2012,120.51,78.8874718703331,3.58622944977031,6.28239700086892,7.01017893227906,20.2843299505595,17.784262295082,3.42424342510925,10.4517678709134,766.539836170025,0,0.188906396770737,"904_SCM_data_df_7.xlsx"
"904 7 donor 36",2013,171.9,78.8874718703331,3.58622944977031,3.67277410635577,3.8671588287335,20.2843299505595,17.784262295082,4.36621777053761,10.2471369100655,811.060131972394,0,0.269463194796196,"904_SCM_data_df_7.xlsx"
"904 7 donor 36",2014,197.37,78.8874718703331,3.58622944977031,15.576758870997,4.19335972541345,20.2843299505595,17.784262295082,3.8610574341959,10.2471369100655,799.545098979296,0,0.309388893292177,"904_SCM_data_df_7.xlsx"
"904 7 donor 36",2015,539.91,78.8874718703331,3.58622944977031,15.576758870997,4.50674670131853,20.2843299505595,17.784262295082,2.5455164614732,10.2471369100655,799.059851247177,0,0.846340159990775,"904_SCM_data_df_7.xlsx"
"904 7 donor 36",2016,1281.69,78.8874718703331,3.58622944977031,15.5826867029271,4.36783050761926,20.2843299505595,17.784262295082,1.65124805674663,10.2471369100655,708.805960521834,0,2.00912322360871,"904_SCM_data_df_7.xlsx"
"904 7 donor 36",2017,630.27,78.8874718703331,3.58622944977031,15.5826867029271,4.21252110257255,20.2843299505595,17.784262295082,1.08482604629745,10.2471369100655,877.88123115356,0,0.987984687517153,"904_SCM_data_df_7.xlsx"
"904 7 donor 36",2018,1171.17,78.8874718703331,3.58622944977031,15.8191007290453,4.5668355902775,20.2843299505595,17.784262295082,1.14983328313229,9.90592804167054,844.327700955097,0,1.83587672978162,"904_SCM_data_df_7.xlsx"
"904 7 donor 36",2019,1359.54,78.8874718703331,3.58622944977031,15.9051492185196,3.97035137048841,20.2843299505595,17.784262295082,1.02966543713542,9.90592804167054,824.690298578079,0,2.13115760240384,"904_SCM_data_df_7.xlsx"
"904 7 donor 36",2020,1787.31,78.8874718703331,3.58622944977031,15.9051514152751,4.44647443452864,20.2843299505595,17.784262295082,1.04869093873844,9.90592804167054,800.103869907518,0,2.80171182484694,"904_SCM_data_df_7.xlsx"
"904 7 donor 36",2021,1544.22,78.8874718703331,3.58622944977031,15.9051514152751,3.94907208764313,20.2843299505595,17.784262295082,0.805842147427052,9.90592804167054,775.517441236957,0,2.42065418655138,"904_SCM_data_df_7.xlsx"
"904 7 donor 36",2022,1169.73,78.8874718703331,3.58622944977031,15.9051514152751,3.94907208764313,20.2843299505595,17.784262295082,0.767936473868387,9.90592804167054,775.517441236957,0,1.83361944647443,"904_SCM_data_df_7.xlsx"
"904 7 donor 48",2001,14.67,96.4508946171581,2.42338134692474,11.2352595083627,10.5126814528974,19.4797791276758,14.9559520092348,10.6971830708724,24.8189670444044,775.748811750346,0,0.0229960736920314,"904_SCM_data_df_7.xlsx"
"904 7 donor 48",2002,78.57,96.4508946171581,2.42338134692474,11.2352595083627,10.3740141691083,19.4797791276758,14.9559520092348,10.6971830708724,24.8189670444044,701.874485512343,0,0.123163020448733,"904_SCM_data_df_7.xlsx"
"904 7 donor 48",2003,99.18,96.4508946171581,2.42338134692474,11.2352595083627,10.5006107855537,19.4797791276758,14.9559520092348,4.95309553779533,15.173064662228,815.980469181204,0,0.155470387782936,"904_SCM_data_df_7.xlsx"
"904 7 donor 48",2004,417.96,96.4508946171581,2.42338134692474,11.2352595083627,10.728605256684,19.4797791276758,14.9559520092348,3.57213774234143,15.173064662228,702.736186499213,0,0.655176479912846,"904_SCM_data_df_7.xlsx"
"904 7 donor 48",2005,110.97,96.4508946171581,2.42338134692474,11.2352595083627,10.7167583918653,19.4797791276758,14.9559520092348,2.17182588476107,15.173064662228,694.953925560535,0,0.173951894860581,"904_SCM_data_df_7.xlsx"
"904 7 donor 48",2006,283.86,96.4508946171581,2.42338134692474,11.2352595083627,7.58297388058525,19.4797791276758,14.9559520092348,2.1928303318268,15.173064662228,837.015276143858,0,0.444966971930473,"904_SCM_data_df_7.xlsx"
"904 7 donor 48",2007,183.24,96.4508946171581,2.42338134692474,11.2352595083627,10.0380666476378,19.4797791276758,14.9559520092348,2.0416439051545,15.173064662228,727.81481440597,0,0.287239300840343,"904_SCM_data_df_7.xlsx"
"904 7 donor 48",2008,204.75,96.4508946171581,2.42338134692474,11.2352595083627,10.0634597162078,19.4797791276758,14.9559520092348,1.94244330148898,13.0414814626746,775.657885026004,0,0.320957470241543,"904_SCM_data_df_7.xlsx"
"904 7 donor 48",2009,812.88,96.4508946171581,2.42338134692474,11.2352595083627,8.10940870268685,19.4797791276758,14.9559520092348,1.70942697508066,13.0414814626746,760.042873182932,0,1.2742364269106,"904_SCM_data_df_7.xlsx"
"904 7 donor 48",2010,1571.31,96.4508946171581,2.42338134692474,11.2352595083627,9.93782845207419,19.4797791276758,14.9559520092348,1.37906572983918,13.0414814626746,672.398069153449,0,2.46311932876795,"904_SCM_data_df_7.xlsx"
"904 7 donor 48",2011,530.19,96.4508946171581,2.42338134692474,11.2352442054103,8.36115206441622,19.4797791276758,14.9559520092348,1.05385064955545,13.0414814626746,807.452089963193,0,0.831103497667221,"904_SCM_data_df_7.xlsx"
"904 7 donor 48",2012,647.46,96.4508946171581,2.42338134692474,11.1882326714249,8.41095866909731,19.4797791276758,14.9559520092348,0.839876045139294,13.0414814626746,733.199170196459,0,1.01493100699677,"904_SCM_data_df_7.xlsx"
"904 7 donor 48",2013,599.49,96.4508946171581,2.42338134692474,6.24027929149727,5.94018620747296,19.4797791276758,14.9559520092348,0.904065300902344,7.73727745589993,804.192789761025,0,0.939735256825897,"904_SCM_data_df_7.xlsx"
"904 7 donor 48",2014,1155.69,96.4508946171581,2.42338134692474,11.290214108868,5.68867383138367,19.4797791276758,14.9559520092348,1.04838947149305,7.73727745589993,755.153847973431,0,1.8116109342293,"904_SCM_data_df_7.xlsx"
"904 7 donor 48",2015,1016.28,96.4508946171581,2.42338134692474,11.290214108868,5.10706651359509,19.4797791276758,14.9559520092348,0.946333790130037,7.73727745589993,735.090351128955,0,1.59307769405165,"904_SCM_data_df_7.xlsx"
"904 7 donor 48",2016,968.31,96.4508946171581,2.42338134692474,11.2927534969391,4.68889737370806,19.4797791276758,14.9559520092348,0.83309972939132,7.73727745589993,657.198528368179,0,1.51788194388077,"904_SCM_data_df_7.xlsx"
"904 7 donor 48",2017,719.73,96.4508946171581,2.42338134692474,5.1824096394092,4.31477252312632,19.4797791276758,14.9559520092348,0.740719227724459,7.73727745589993,832.423135149797,0,1.12821841297653,"904_SCM_data_df_7.xlsx"
"904 7 donor 48",2018,1527.3,96.4508946171581,2.42338134692474,5.1824173571183,4.61651940623788,19.4797791276758,14.9559520092348,0.823288573564244,6.46649526434809,799.459766670977,0,2.39413110769186,"904_SCM_data_df_7.xlsx"
"904 7 donor 48",2019,1845.45,96.4508946171581,2.42338134692474,5.1824173571183,4.09494763658957,19.4797791276758,14.9559520092348,0.600919722578794,6.46649526434809,734.742286233335,0,2.89284963837487,"904_SCM_data_df_7.xlsx"
"904 7 donor 48",2020,1359.45,96.4508946171581,2.42338134692474,5.18222241005731,4.31081553823688,19.4797791276758,14.9559520092348,0.474607590605022,6.46649526434809,718.018393820786,0,2.13101652219714,"904_SCM_data_df_7.xlsx"
"904 7 donor 48",2021,1542.06,96.4508946171581,2.42338134692474,5.18256422540631,4.22425467178447,19.4797791276758,14.9559520092348,0.39460862352277,6.46649526434809,701.294501408237,0,2.41726826159059,"904_SCM_data_df_7.xlsx"
"904 7 donor 48",2022,609.39,96.4508946171581,2.42338134692474,5.18256422540631,4.22425467178447,19.4797791276758,14.9559520092348,0.386203771805603,6.46649526434809,701.294501408237,0,0.955254079562851,"904_SCM_data_df_7.xlsx"
"904 8 donor 138",2001,41.31,111.723968214168,3.75374812929434,15.4249238549862,15.5956115886766,18.5381006224443,17.3546222834101,4.6712362537631,8.7256204135186,809.984528140617,0,0.0647558148751069,"904_SCM_data_df_8.xlsx"
"904 8 donor 138",2002,83.7,111.723968214168,3.75374812929434,15.4249238549862,13.5772039286002,18.5381006224443,17.3546222834101,4.6712362537631,8.7256204135186,753.478407049781,0,0.131204592230609,"904_SCM_data_df_8.xlsx"
"904 8 donor 138",2003,237.51,111.723968214168,3.75374812929434,15.4249238549862,16.429524097212,18.5381006224443,17.3546222834101,3.00826609831909,8.62787945795663,872.108385019216,0,0.372310665480189,"904_SCM_data_df_8.xlsx"
"904 8 donor 138",2004,278.91,111.723968214168,3.75374812929434,15.4249238549862,14.4406751004149,18.5381006224443,17.3546222834101,2.35507486765102,8.62787945795663,724.861570146928,0,0.437207560561996,"904_SCM_data_df_8.xlsx"
"904 8 donor 138",2005,94.32,111.723968214168,3.75374812929434,15.4249238549862,8.80543099796726,18.5381006224443,17.3546222834101,2.32177351096561,8.62787945795663,685.258937202639,0,0.147852056621159,"904_SCM_data_df_8.xlsx"
"904 8 donor 138",2006,186.03,111.723968214168,3.75374812929434,15.4249238549862,14.5299353007874,18.5381006224443,17.3546222834101,2.70159275309524,8.62787945795663,862.504410055526,0,0.29161278724803,"904_SCM_data_df_8.xlsx"
"904 8 donor 138",2007,180.18,111.723968214168,3.75374812929434,15.4249238549862,13.502869511874,18.5381006224443,17.3546222834101,3.19572157591872,8.62787945795663,757.14610979958,0,0.282442573812558,"904_SCM_data_df_8.xlsx"
"904 8 donor 138",2008,92.25,111.723968214168,3.75374812929434,15.4249238549862,14.6227689913092,18.5381006224443,17.3546222834101,2.81150891551901,7.3863221430047,800.758874911491,0,0.144607211867069,"904_SCM_data_df_8.xlsx"
"904 8 donor 138",2009,191.7,111.723968214168,3.75374812929434,15.4249238549862,12.9631215718185,18.5381006224443,17.3546222834101,2.57775695255938,7.3863221430047,804.232275014627,0,0.300500840270104,"904_SCM_data_df_8.xlsx"
"904 8 donor 138",2010,307.08,111.723968214168,3.75374812929434,15.4249238549862,14.1621738632654,18.5381006224443,17.3546222834101,2.38276473816429,7.3863221430047,710.758094300912,0,0.481365665258964,"904_SCM_data_df_8.xlsx"
"904 8 donor 138",2011,341.82,111.723968214168,3.75374812929434,15.4249238549862,9.71070179571973,18.5381006224443,17.3546222834101,2.33487482475687,7.3863221430047,865.095018442911,0,0.535822625045002,"904_SCM_data_df_8.xlsx"
"904 8 donor 138",2012,447.93,111.723968214168,3.75374812929434,15.4249238549862,7.93668282767115,18.5381006224443,17.3546222834101,1.90043123609291,7.3863221430047,748.547845120553,0,0.702156188743806,"904_SCM_data_df_8.xlsx"
"904 8 donor 138",2013,1136.79,111.723968214168,3.75374812929434,12.1366334631197,7.16775397362325,18.5381006224443,17.3546222834101,1.9256710585868,7.26166615572156,826.812866354738,0,1.78198409082238,"904_SCM_data_df_8.xlsx"
"904 8 donor 138",2014,1686.96,111.723968214168,3.75374812929434,12.2886972035217,7.65387879719737,18.5381006224443,17.3546222834101,1.28979871601387,7.26166615572156,781.284273141161,0,2.64440739437691,"904_SCM_data_df_8.xlsx"
"904 8 donor 138",2015,1446.66,111.723968214168,3.75374812929434,12.2886972035217,7.10252187050065,18.5381006224443,17.3546222834101,0.970896763856626,7.26166615572156,765.74855192795,0,2.26772324248904,"904_SCM_data_df_8.xlsx"
"904 8 donor 138",2016,1340.1,111.723968214168,3.75374812929434,12.0920740113449,7.30121097459625,18.5381006224443,17.3546222834101,0.709055096913986,7.26166615572156,657.594736950005,0,2.10068427775673,"904_SCM_data_df_8.xlsx"
"904 8 donor 138",2017,580.68,111.723968214168,3.75374812929434,12.2494527367892,7.29086082580714,18.5381006224443,17.3546222834101,0.628117632494847,7.26166615572156,862.595864498619,0,0.910249493625685,"904_SCM_data_df_8.xlsx"
"904 8 donor 138",2018,592.2,111.723968214168,3.75374812929434,12.2914097732444,7.29082935221938,18.5381006224443,17.3546222834101,0.646392888401073,7.23475585970457,859.896060518609,0,0.928307760083231,"904_SCM_data_df_8.xlsx"
"904 8 donor 138",2019,1146.87,111.723968214168,3.75374812929434,12.2914097732444,7.16882273989582,18.5381006224443,17.3546222834101,0.672765778978394,7.23475585970457,800.252294916254,0,1.79778507397274,"904_SCM_data_df_8.xlsx"
"904 8 donor 138",2020,1358.1,111.723968214168,3.75374812929434,12.2913618437549,7.21081998646942,18.5381006224443,17.3546222834101,0.769865205111343,7.23475585970457,779.807749807213,0,2.12890031909665,"904_SCM_data_df_8.xlsx"
"904 8 donor 138",2021,1960.74,111.723968214168,3.75374812929434,12.2913618437549,5.67912446086618,18.5381006224443,17.3546222834101,0.694251586847264,7.23475585970457,759.363204698172,0,3.07357338315703,"904_SCM_data_df_8.xlsx"
"904 8 donor 138",2022,1777.05,111.723968214168,3.75374812929434,11.1119016509519,5.67912446086618,18.5381006224443,17.3546222834101,0.606455062850979,7.23475585970457,759.363204698172,0,2.78562868128319,"904_SCM_data_df_8.xlsx"
"904 9 donor 39",2001,25.29,93.1050778120525,2.29696575575784,8.97364477236742,10.2232396466128,19.1675780991279,14.6018726444105,9.38219610403538,24.0452007610883,777.692043110463,0,0.0396435380825817,"904_SCM_data_df_9.xlsx"
"904 9 donor 39",2002,144.81,93.1050778120525,2.29696575575784,8.97364477236742,10.0265125108028,19.1675780991279,14.6018726444105,9.38219610403538,24.0452007610883,706.259388227576,0,0.226998052579623,"904_SCM_data_df_9.xlsx"
"904 9 donor 39",2003,162.81,93.1050778120525,2.29696575575784,8.97364477236742,10.1734641061549,19.1675780991279,14.6018726444105,4.35786856954511,13.1190577061373,819.688464765365,0,0.255214093919539,"904_SCM_data_df_9.xlsx"
"904 9 donor 39",2004,670.86,93.1050778120525,2.29696575575784,8.97364477236742,10.3954560442333,19.1675780991279,14.6018726444105,3.27213688234515,13.1190577061373,703.969138547719,0,1.05161186073866,"904_SCM_data_df_9.xlsx"
"904 9 donor 39",2005,209.97,93.1050778120525,2.29696575575784,8.97364477236742,10.366035837071,19.1675780991279,14.6018726444105,1.90907593219911,13.1190577061373,697.097372305596,0,0.329140122230118,"904_SCM_data_df_9.xlsx"
"904 9 donor 39",2006,455.13,93.1050778120525,2.29696575575784,8.97364477236742,6.98025229619677,19.1675780991279,14.6018726444105,1.93651725459397,13.1190577061373,839.538489682885,0,0.713442605279772,"904_SCM_data_df_9.xlsx"
"904 9 donor 39",2007,301.23,93.1050778120525,2.29696575575784,8.97364477236742,9.44408790522511,19.1675780991279,14.6018726444105,1.74991703412123,13.1190577061373,731.084161288898,0,0.472195451823492,"904_SCM_data_df_9.xlsx"
"904 9 donor 39",2008,300.33,93.1050778120525,2.29696575575784,8.97364477236742,9.55063490313709,19.1675780991279,14.6018726444105,1.59901680197826,11.4417429521268,779.190819313286,0,0.470784649756496,"904_SCM_data_df_9.xlsx"
"904 9 donor 39",2009,1018.35,93.1050778120525,2.29696575575784,8.97364477236742,7.78680052263709,19.1675780991279,14.6018726444105,1.45576151567911,11.4417429521268,764.043791752616,0,1.59632253880574,"904_SCM_data_df_9.xlsx"
"904 9 donor 39",2010,1922.67,93.1050778120525,2.29696575575784,8.97364477236742,9.5999612958372,19.1675780991279,14.6018726444105,1.12313900033434,11.4417429521268,670.256018054162,0,3.01389645572311,"904_SCM_data_df_9.xlsx"
"904 9 donor 39",2011,564.3,93.1050778120525,2.29696575575784,8.97339373624017,7.37188994656927,19.1675780991279,14.6018726444105,0.861820462961211,11.4417429521268,809.445023750497,0,0.884572896006361,"904_SCM_data_df_9.xlsx"
"904 9 donor 39",2012,759.78,93.1050778120525,2.29696575575784,8.97339373624017,7.54423462368237,19.1675780991279,14.6018726444105,0.717243836856481,11.4417429521268,736.332825520587,0,1.19099910495785,"904_SCM_data_df_9.xlsx"
"904 9 donor 39",2013,633.51,93.1050778120525,2.29696575575784,4.85037571992708,5.52020930716678,19.1675780991279,14.6018726444105,0.770374341578194,6.5182844918403,801.826744384096,0,0.993063574958338,"904_SCM_data_df_9.xlsx"
"904 9 donor 39",2014,1121.04,93.1050778120525,2.29696575575784,9.02240709234622,5.55404945181456,19.1675780991279,14.6018726444105,0.931892782119945,6.5182844918403,757.172457624446,0,1.75729505464996,"904_SCM_data_df_9.xlsx"
"904 9 donor 39",2015,1063.71,93.1050778120525,2.29696575575784,9.02240709234622,4.49066905433281,19.1675780991279,14.6018726444105,0.879050456400648,6.5182844918403,734.637062129786,0,1.66742696298233,"904_SCM_data_df_9.xlsx"
"904 9 donor 39",2016,989.82,93.1050778120525,2.29696575575784,9.0244105997237,4.03035310648928,19.1675780991279,14.6018726444105,0.773010176756685,6.5182844918403,656.804337540925,0,1.55160011328197,"904_SCM_data_df_9.xlsx"
"904 9 donor 39",2017,711.36,93.1050778120525,2.29696575575784,4.47791401720886,3.73214486699091,19.1675780991279,14.6018726444105,0.692351584628098,6.5182844918403,833.637484781388,0,1.11509795375347,"904_SCM_data_df_9.xlsx"
"904 9 donor 39",2018,1619.64,93.1050778120525,2.29696575575784,4.47799108173577,4.12020548910884,19.1675780991279,14.6018726444105,0.724752624224876,5.14001216858122,798.587514114671,0,2.53887939976563,"904_SCM_data_df_9.xlsx"
"904 9 donor 39",2019,1990.62,93.1050778120525,2.29696575575784,4.47799108173577,3.48091575512702,19.1675780991279,14.6018726444105,0.564429451877646,5.14001216858122,730.14795644796,0,3.12041201178129,"904_SCM_data_df_9.xlsx"
"904 9 donor 39",2020,1331.91,93.1050778120525,2.29696575575784,4.47779511175035,3.71274879512752,19.1675780991279,14.6018726444105,0.442486358446408,5.14001216858122,714.906422096478,0,2.08784597894707,"904_SCM_data_df_9.xlsx"
"904 9 donor 39",2021,1383.93,93.1050778120525,2.29696575575784,4.47795401929058,3.62123442181892,19.1675780991279,14.6018726444105,0.379617202235638,5.14001216858122,699.664887744996,0,2.16939033841943,"904_SCM_data_df_9.xlsx"
"904 9 donor 39",2022,578.97,93.1050778120525,2.29696575575784,4.47795401929058,3.62123442181892,19.1675780991279,14.6018726444105,0.388295107019171,5.14001216858122,699.664887744996,0,0.907568969698393,"904_SCM_data_df_9.xlsx"
"904 9 donor 303",2001,25.11,75.6412220843183,2.73171429607773,4.38425467712353,9.81163377685118,19.8199839147165,16.7497314388444,10.2264829024581,7.90105497897009,784.675257886412,0,0.0393613776691826,"904_SCM_data_df_9.xlsx"
"904 9 donor 303",2002,44.82,75.6412220843183,2.73171429607773,4.38425467712353,6.16176950214242,19.8199839147165,16.7497314388444,10.2264829024581,7.90105497897009,728.720829778409,0,0.0702579429363904,"904_SCM_data_df_9.xlsx"
"904 9 donor 303",2003,34.65,75.6412220843183,2.73171429607773,4.38425467712353,6.38364420743199,19.8199839147165,16.7497314388444,7.01153168048422,7.86698978862855,821.505578799458,0,0.054315879579338,"904_SCM_data_df_9.xlsx"
"904 9 donor 303",2004,62.01,75.6412220843183,2.73171429607773,4.38425467712353,5.39754123738166,19.8199839147165,16.7497314388444,4.92381305541581,7.86698978862855,723.900620882925,0,0.0972042624160101,"904_SCM_data_df_9.xlsx"
"904 9 donor 303",2005,21.42,75.6412220843183,2.73171429607773,4.38425467712353,4.9126328716269,19.8199839147165,16.7497314388444,3.28243307096548,7.86698978862855,732.794539321271,0,0.0335770891944999,"904_SCM_data_df_9.xlsx"
"904 9 donor 303",2006,48.78,75.6412220843183,2.73171429607773,4.38425467712353,6.26485889855968,19.8199839147165,16.7497314388444,3.17111654526043,7.86698978862855,813.638537952395,0,0.0764654720311719,"904_SCM_data_df_9.xlsx"
"904 9 donor 303",2007,43.47,75.6412220843183,2.73171429607773,4.38425467712353,5.90507740140704,19.8199839147165,16.7497314388444,3.00063415849626,7.86698978862855,772.986710235185,0,0.0681417398358967,"904_SCM_data_df_9.xlsx"
"904 9 donor 303",2008,10.26,75.6412220843183,2.73171429607773,4.38425467712353,7.4965073025105,19.8199839147165,16.7497314388444,3.95117007019431,7.86698978862855,782.427264282909,0,0.016083143563752,"904_SCM_data_df_9.xlsx"
"904 9 donor 303",2009,59.13,75.6412220843183,2.73171429607773,4.38425467712353,4.29511912530733,19.8199839147165,16.7497314388444,4.66929211619042,7.86698978862855,793.544257424337,0,0.0926896958016235,"904_SCM_data_df_9.xlsx"
"904 9 donor 303",2010,20.43,75.6412220843183,2.73171429607773,4.38425467712353,4.84267820065384,19.8199839147165,16.7497314388444,4.23080944555801,7.86698978862855,691.440399497238,0,0.0320252069208045,"904_SCM_data_df_9.xlsx"
"904 9 donor 303",2011,23.31,75.6412220843183,2.73171429607773,4.38425467712353,3.89852046926574,19.8199839147165,16.7497314388444,4.14301164332902,7.86698978862855,820.754009244642,0,0.036539773535191,"904_SCM_data_df_9.xlsx"
"904 9 donor 303",2012,283.41,75.6412220843183,2.73171429607773,4.16144082845369,4.78164409388469,19.8199839147165,16.7497314388444,3.47003149991247,7.86698978862855,737.088972191952,0,0.444261570896975,"904_SCM_data_df_9.xlsx"
"904 9 donor 303",2013,394.29,75.6412220843183,2.73171429607773,3.68638137067357,3.02504578006204,19.8199839147165,16.7497314388444,3.82726945088843,7.65226654439305,788.24300540769,0,0.618072385550857,"904_SCM_data_df_9.xlsx"
"904 9 donor 303",2014,349.56,75.6412220843183,2.73171429607773,10.0626577479471,3.27888683592573,19.8199839147165,16.7497314388444,3.2477170748324,7.65226654439305,770.335641076996,0,0.547955522821166,"904_SCM_data_df_9.xlsx"
"904 9 donor 303",2015,569.07,75.6412220843183,2.73171429607773,10.0626577479471,3.57436765510639,19.8199839147165,16.7497314388444,2.127333918943,7.65226654439305,770.314144365925,0,0.892050146961439,"904_SCM_data_df_9.xlsx"
"904 9 donor 303",2016,1246.14,75.6412220843183,2.73171429607773,10.0645354133516,3.6752345871373,19.8199839147165,16.7497314388444,1.53443017235533,7.65226654439305,686.275967241605,0,1.95339654196237,"904_SCM_data_df_9.xlsx"
"904 9 donor 303",2017,468.72,75.6412220843183,2.73171429607773,10.0644134272832,3.56395668959166,19.8199839147165,16.7497314388444,0.948969304380875,7.65226654439305,842.814506297932,0,0.734745716491409,"904_SCM_data_df_9.xlsx"
"904 9 donor 303",2018,729.9,75.6412220843183,2.73171429607773,10.4535732072538,3.49179052100862,19.8199839147165,16.7497314388444,0.938180540201263,7.30817328579066,806.381089959423,0,1.14416047633359,"904_SCM_data_df_9.xlsx"
"904 9 donor 303",2019,1064.97,75.6412220843183,2.73171429607773,10.5114431356717,2.75336402001586,19.8199839147165,16.7497314388444,0.922658828223442,7.30817328579066,792.56251488337,0,1.66940208587612,"904_SCM_data_df_9.xlsx"
"904 9 donor 303",2020,1509.48,75.6412220843183,2.73171429607773,10.5113261535696,3.53966387003881,19.8199839147165,16.7497314388444,0.959355620670024,7.30817328579066,769.184626326887,0,2.36619722676534,"904_SCM_data_df_9.xlsx"
"904 9 donor 303",2021,1373.76,75.6412220843183,2.73171429607773,10.5113261535696,2.43914366571676,19.8199839147165,16.7497314388444,0.81090646068346,7.30817328579066,745.806737770404,0,2.15344827506238,"904_SCM_data_df_9.xlsx"
"904 9 donor 303",2022,1434.24,75.6412220843183,2.73171429607773,10.5113261535696,2.43914366571676,19.8199839147165,16.7497314388444,0.730373733040844,7.30817328579066,745.806737770404,0,2.24825417396449,"904_SCM_data_df_9.xlsx"
"1650 project area",2001,52.56,230.764189939173,7.20339211869983,17.7250814247627,14.2309599544252,17.0767424699247,21.1100086730654,9.5891134703242,26.2319681092775,1103.31513871616,0,0.0291303395976588,"1650_SCM_data_df_0.xlsx"
"1650 project area",2002,177.3,230.764189939173,7.20339211869983,17.7250814247627,12.0432388982125,17.0767424699247,21.1100086730654,9.5891134703242,26.2319681092775,1033.71939937711,0,0.0982650154236092,"1650_SCM_data_df_0.xlsx"
"1650 project area",2003,28.8,230.764189939173,7.20339211869983,17.7250814247627,9.71428758036087,17.0767424699247,21.1100086730654,4.76946436816822,17.0255155621487,1123.86132661161,0,0.0159618299165254,"1650_SCM_data_df_0.xlsx"
"1650 project area",2004,112.14,230.764189939173,7.20339211869983,17.7250814247627,12.3320638830061,17.0767424699247,21.1100086730654,4.64622599274532,17.0255155621487,968.743366081015,0,0.0621513752374706,"1650_SCM_data_df_0.xlsx"
"1650 project area",2005,77.13,230.764189939173,7.20339211869983,17.7250814247627,11.7207305835265,17.0767424699247,21.1100086730654,4.39828535101272,17.0255155621487,865.930533329704,0,0.0427477757451945,"1650_SCM_data_df_0.xlsx"
"1650 project area",2006,114.84,230.764189939173,7.20339211869983,17.7250814247627,12.2214307337036,17.0767424699247,21.1100086730654,4.63523371526945,17.0255155621487,1137.37357630347,0,0.0636477967921448,"1650_SCM_data_df_0.xlsx"
"1650 project area",2007,87.75,230.764189939173,7.20339211869983,17.7250814247627,12.546718456139,17.0767424699247,21.1100086730654,4.41718153120754,17.0255155621487,981.250216210241,0,0.0486337005269132,"1650_SCM_data_df_0.xlsx"
"1650 project area",2008,194.49,230.764189939173,7.20339211869983,17.7250814247627,10.1406273508884,17.0767424699247,21.1100086730654,4.47360104824316,9.81024184459273,1094.03556012755,0,0.107792232655035,"1650_SCM_data_df_0.xlsx"
"1650 project area",2009,140.04,230.764189939173,7.20339211869983,17.7250814247627,9.95081761024091,17.0767424699247,21.1100086730654,4.12673339393697,9.81024184459273,1088.19434981678,0,0.0776143979691045,"1650_SCM_data_df_0.xlsx"
"1650 project area",2010,171.72,230.764189939173,7.20339211869983,17.720460163652,17.2030994304812,17.0767424699247,21.1100086730654,3.37255477081613,9.81024184459273,894.979739281277,1,0.0951724108772824,"1650_SCM_data_df_0.xlsx"
"1650 project area",2011,581.49,230.764189939173,7.20339211869983,17.720460163652,9.82782125866876,17.0767424699247,21.1100086730654,3.30287960299067,9.81024184459273,1130.4499722551,1,0.322279322158345,"1650_SCM_data_df_0.xlsx"
"1650 project area",2012,255.51,230.764189939173,7.20339211869983,16.5991127777112,10.7191121211718,17.0767424699247,21.1100086730654,3.30685292185017,9.81024184459273,1017.01725127213,1,0.141611359790673,"1650_SCM_data_df_0.xlsx"
"1650 project area",2013,358.83,230.764189939173,7.20339211869983,4.3886285191179,9.57104206458616,17.0767424699247,21.1100086730654,3.71510008757559,9.09835291186056,1034.83728436604,1,0.198874424616208,"1650_SCM_data_df_0.xlsx"
"1650 project area",2014,1157.13,230.764189939173,7.20339211869983,17.4555026755508,8.44289466288394,17.0767424699247,21.1100086730654,4.11469229556817,9.09835291186056,1126.97638711992,1,0.641316397614895,"1650_SCM_data_df_0.xlsx"
"1650 project area",2015,878.04,230.764189939173,7.20339211869983,17.6388553870641,9.30840073989717,17.0767424699247,21.1100086730654,3.84501914508911,9.09835291186056,1067.67104104745,1,0.486636289580067,"1650_SCM_data_df_0.xlsx"
"1650 project area",2016,1737.81,230.764189939173,7.20339211869983,17.6455060265102,9.07821605863236,17.0767424699247,21.1100086730654,3.25382713144996,9.09835291186056,902.365057314461,1,0.963146793306838,"1650_SCM_data_df_0.xlsx"
"1650 project area",2017,1710.81,230.764189939173,7.20339211869983,17.6858877534031,8.81110936736905,17.0767424699247,21.1100086730654,2.49223323576813,9.09835291186056,1128.69877872458,1,0.948182577760095,"1650_SCM_data_df_0.xlsx"
"1650 project area",2018,615.78,230.764189939173,7.20339211869983,17.6858877534031,7.94252805526697,17.0767424699247,21.1100086730654,1.83338356720122,7.78246945565501,1155.99791593879,1,0.341283875902708,"1650_SCM_data_df_0.xlsx"
"1650 project area",2019,1454.13,230.764189939173,7.20339211869983,17.6795925537441,7.82335760198283,17.0767424699247,21.1100086730654,1.78393059495902,7.78246945565501,1134.81696976834,1,0.805922768629063,"1650_SCM_data_df_0.xlsx"
"1650 project area",2020,1969.11,230.764189939173,7.20339211869983,17.6799764855661,7.77729002226573,17.0767424699247,21.1100086730654,1.76357361455198,7.78246945565501,1124.50775579602,1,1.09134023982393,"1650_SCM_data_df_0.xlsx"
"1650 project area",2021,1824.66,230.764189939173,7.20339211869983,17.6798092378371,7.49533536399922,17.0767424699247,21.1100086730654,1.91807189300905,7.78246945565501,1114.1985418237,1,1.01128168664886,"1650_SCM_data_df_0.xlsx"
"1650 project area",2022,1473.57,230.764189939173,7.20339211869983,17.679275256511,7.49533536399922,17.0767424699247,21.1100086730654,1.60541568213502,7.78246945565501,1114.1985418237,1,0.816697003822717,"1650_SCM_data_df_0.xlsx"
"1650 0 donor 98",2001,162.18,226.798914008765,4.34547706796798,52.177700346678,14.4473968380482,18.0265685395154,19.7224665811167,11.6535902450613,25.6802789181383,870.268522239342,0,0.0898850547174334,"1650_SCM_data_df_0.xlsx"
"1650 0 donor 98",2002,39.42,226.798914008765,4.34547706796798,52.177700346678,13.2743090490389,18.0265685395154,19.7224665811167,11.6535902450613,25.6802789181383,858.40252387782,0,0.0218477546982441,"1650_SCM_data_df_0.xlsx"
"1650 0 donor 98",2003,3.42,226.798914008765,4.34547706796798,52.177700346678,13.3730101816535,18.0265685395154,19.7224665811167,11.3303408705913,25.970101749375,852.733305507329,0,0.00189546730258739,"1650_SCM_data_df_0.xlsx"
"1650 0 donor 98",2004,23.76,226.798914008765,4.34547706796798,52.177700346678,14.5986745861622,18.0265685395154,19.7224665811167,11.192158009338,25.970101749375,797.350789710891,0,0.0131685096811334,"1650_SCM_data_df_0.xlsx"
"1650 0 donor 98",2005,67.68,226.798914008765,4.34547706796798,52.177700346678,13.4368314698791,18.0265685395154,19.7224665811167,14.5339682855703,25.970101749375,704.44942142632,0,0.0375103003038346,"1650_SCM_data_df_0.xlsx"
"1650 0 donor 98",2006,75.51,226.798914008765,4.34547706796798,52.177700346678,12.0917617779485,18.0265685395154,19.7224665811167,13.4772993391694,25.970101749375,872.071268799204,0,0.0418499228123899,"1650_SCM_data_df_0.xlsx"
"1650 0 donor 98",2007,118.17,226.798914008765,4.34547706796798,52.177700346678,13.5211348147721,18.0265685395154,19.7224665811167,10.9787845540143,25.970101749375,778.709932773557,0,0.0654933833762431,"1650_SCM_data_df_0.xlsx"
"1650 0 donor 98",2008,140.85,226.798914008765,4.34547706796798,52.177700346678,12.0344942925238,18.0265685395154,19.7224665811167,8.56925123773917,25.8590786724776,871.687479741041,0,0.0780633244355068,"1650_SCM_data_df_0.xlsx"
"1650 0 donor 98",2009,151.2,226.798914008765,4.34547706796798,52.177700346678,11.3961552374683,18.0265685395154,19.7224665811167,7.26191765648797,25.8590786724776,864.387011065277,0,0.0837996070617581,"1650_SCM_data_df_0.xlsx"
"1650 0 donor 98",2010,289.26,226.798914008765,4.34547706796798,12.1320398735175,12.1375299527328,18.0265685395154,19.7224665811167,8.69648055028884,25.8590786724776,757.610518451749,0,0.160316629224102,"1650_SCM_data_df_0.xlsx"
"1650 0 donor 98",2011,197.37,226.798914008765,4.34547706796798,12.1350948596637,14.2759736300503,18.0265685395154,19.7224665811167,9.49428912143831,25.8590786724776,874.087984938435,0,0.109388415646688,"1650_SCM_data_df_0.xlsx"
"1650 0 donor 98",2012,142.56,226.798914008765,4.34547706796798,10.419761938355,13.5209576865267,18.0265685395154,19.7224665811167,7.69153520563121,25.8590786724776,814.879400912042,0,0.0790110580868005,"1650_SCM_data_df_0.xlsx"
"1650 0 donor 98",2013,214.02,226.798914008765,4.34547706796798,10.1283322547056,11.8143842125537,18.0265685395154,19.7224665811167,7.1534106024848,22.0738301289025,813.684610739358,0,0.118616348567179,"1650_SCM_data_df_0.xlsx"
"1650 0 donor 98",2014,167.58,226.798914008765,4.34547706796798,9.57898919781181,11.3857917390069,18.0265685395154,19.7224665811167,5.41831116707148,22.0738301289025,863.029333308172,0,0.0928778978267819,"1650_SCM_data_df_0.xlsx"
"1650 0 donor 98",2015,140.13,226.798914008765,4.34547706796798,9.57898919781181,9.59976960123707,18.0265685395154,19.7224665811167,5.43786702574053,22.0738301289025,820.524978464449,0,0.0776642786875937,"1650_SCM_data_df_0.xlsx"
"1650 0 donor 98",2016,168.12,226.798914008765,4.34547706796798,8.91886871750241,9.74757102791185,18.0265685395154,19.7224665811167,5.24963182588174,22.0738301289025,734.259530591584,0,0.0931771821377168,"1650_SCM_data_df_0.xlsx"
"1650 0 donor 98",2017,183.87,226.798914008765,4.34547706796798,10.458839866524,9.73849490584302,18.0265685395154,19.7224665811167,5.97294183735996,22.0738301289025,892.160218397133,0,0.101906307873317,"1650_SCM_data_df_0.xlsx"
"1650 0 donor 98",2018,126.63,226.798914008765,4.34547706796798,10.3834201452873,9.73781904863926,18.0265685395154,19.7224665811167,4.73895235536768,21.9334162955299,903.227178420933,0,0.0701821709142224,"1650_SCM_data_df_0.xlsx"
"1650 0 donor 98",2019,49.68,226.798914008765,4.34547706796798,10.3828465114627,9.69930819871764,18.0265685395154,19.7224665811167,4.92865613996332,21.9334162955299,863.163357703289,0,0.0275341566060062,"1650_SCM_data_df_0.xlsx"
"1650 0 donor 98",2020,55.8,226.798914008765,4.34547706796798,11.5926842854859,9.51409099714044,18.0265685395154,19.7224665811167,6.72235696508576,21.9334162955299,874.765588297981,0,0.0309260454632679,"1650_SCM_data_df_0.xlsx"
"1650 0 donor 98",2021,110.07,226.798914008765,4.34547706796798,11.5926842854859,9.31277000586122,18.0265685395154,19.7224665811167,8.86522796213739,21.9334162955299,886.367818892673,0,0.0610041187122203,"1650_SCM_data_df_0.xlsx"
"1650 0 donor 98",2022,180.72,226.798914008765,4.34547706796798,11.5926849909418,9.31277000586122,18.0265685395154,19.7224665811167,9.70305576986266,21.9334162955299,886.367818892673,0,0.100160482726197,"1650_SCM_data_df_0.xlsx"
"1650 0 donor 159",2001,64.89,133.634552558986,3.22291383090321,26.8066370435536,17.2736738562128,17.5681053368315,17.8182856955731,8.24288717537423,32.360457066421,831.068445547799,0,0.0359639980306712,"1650_SCM_data_df_0.xlsx"
"1650 0 donor 159",2002,119.88,133.634552558986,3.22291383090321,26.8066370435536,17.2719465124411,17.5681053368315,17.8182856955731,8.24288717537423,32.360457066421,811.522260173167,0,0.0664411170275368,"1650_SCM_data_df_0.xlsx"
"1650 0 donor 159",2003,23.58,133.634552558986,3.22291383090321,26.8066370435536,15.8746109924571,17.5681053368315,17.8182856955731,6.27428358652154,28.1963490828056,821.057527893945,0,0.0130687482441551,"1650_SCM_data_df_0.xlsx"
"1650 0 donor 159",2004,30.96,133.634552558986,3.22291383090321,26.8066370435536,16.4641034595297,17.5681053368315,17.8182856955731,6.18406149060049,28.1963490828056,721.582533864276,0,0.0171589671602648,"1650_SCM_data_df_0.xlsx"
"1650 0 donor 159",2005,40.41,133.634552558986,3.22291383090321,26.8066370435536,17.1620183849608,17.5681053368315,17.8182856955731,6.83147603638806,28.1963490828056,708.375236175211,0,0.0223964426016246,"1650_SCM_data_df_0.xlsx"
"1650 0 donor 159",2006,24.75,133.634552558986,3.22291383090321,26.8066370435536,15.5519207804894,17.5681053368315,17.8182856955731,8.12713217368138,28.1963490828056,803.533318338082,0,0.013717197584514,"1650_SCM_data_df_0.xlsx"
"1650 0 donor 159",2007,6.75,133.634552558986,3.22291383090321,26.8066370435536,17.1647738950652,17.5681053368315,17.8182856955731,8.4996261981806,28.1963490828056,762.474519735417,0,0.00374105388668563,"1650_SCM_data_df_0.xlsx"
"1650 0 donor 159",2008,9.09,133.634552558986,3.22291383090321,26.8066370435536,17.1609017178316,17.5681053368315,17.8182856955731,8.28286891307606,24.6180407195466,840.312252231238,0,0.00503795256740331,"1650_SCM_data_df_0.xlsx"
"1650 0 donor 159",2009,31.59,133.634552558986,3.22291383090321,26.8066370435536,17.1478551953999,17.5681053368315,17.8182856955731,8.84340477329618,24.6180407195466,781.744126026758,0,0.0175081321896887,"1650_SCM_data_df_0.xlsx"
"1650 0 donor 159",2010,105.75,133.634552558986,3.22291383090321,25.7848379943275,15.5322662566812,17.5681053368315,17.8182856955731,8.27512102414955,24.6180407195466,721.821642590957,0,0.0586098442247415,"1650_SCM_data_df_0.xlsx"
"1650 0 donor 159",2011,366.12,133.634552558986,3.22291383090321,25.7848379943275,14.8879503999023,17.5681053368315,17.8182856955731,6.23451736203231,24.6180407195466,839.234428542073,0,0.202914762813829,"1650_SCM_data_df_0.xlsx"
"1650 0 donor 159",2012,7113.69,133.634552558986,3.22291383090321,22.9999713679934,14.8941252690529,17.5681053368315,17.8182856955731,5.66712589235662,24.6180407195466,773.856122783341,0,3.94262187010025,"1650_SCM_data_df_0.xlsx"
"1650 0 donor 159",2013,8539.2,133.634552558986,3.22291383090321,18.906477341274,13.8734472384262,17.5681053368315,17.8182856955731,5.43790225954521,23.9163901153917,780.236758359853,0,4.73268257024977,"1650_SCM_data_df_0.xlsx"
"1650 0 donor 159",2014,5617.98,133.634552558986,3.22291383090321,19.9356335129795,13.7416458525051,17.5681053368315,17.8182856955731,4.00301072437545,23.9163901153917,816.689531092932,0,3.1136542095292,"1650_SCM_data_df_0.xlsx"
"1650 0 donor 159",2015,4850.37,133.634552558986,3.22291383090321,17.0363321936626,12.5943717670631,17.5681053368315,17.8182856955731,3.278624512541,23.9163901153917,767.76734978368,0,2.68822156153532,"1650_SCM_data_df_0.xlsx"
"1650 0 donor 159",2016,852.84,133.634552558986,3.22291383090321,17.0368170040351,12.358332070445,17.5681053368315,17.8182856955731,3.04728013809257,23.9163901153917,712.238752728303,0,0.472669688403107,"1650_SCM_data_df_0.xlsx"
"1650 0 donor 159",2017,919.44,133.634552558986,3.22291383090321,17.0368170040351,12.342260709112,17.5681053368315,17.8182856955731,3.35537455944141,23.9163901153917,871.721556507106,0,0.509581420085072,"1650_SCM_data_df_0.xlsx"
"1650 0 donor 159",2018,359.19,133.634552558986,3.22291383090321,17.0363261532228,12.3331535425073,17.5681053368315,17.8182856955731,3.32771522292958,23.8104855502334,854.492938902681,0,0.199073947490165,"1650_SCM_data_df_0.xlsx"
"1650 0 donor 159",2019,351.54,133.634552558986,3.22291383090321,17.0363261532228,12.4719255715467,17.5681053368315,17.8182856955731,3.11868392176234,23.8104855502334,842.498719849825,0,0.194834086418588,"1650_SCM_data_df_0.xlsx"
"1650 0 donor 159",2020,286.02,133.634552558986,3.22291383090321,17.0363261532228,12.3844025248517,17.5681053368315,17.8182856955731,3.14236519934062,23.8104855502334,839.825423615855,0,0.158520923358492,"1650_SCM_data_df_0.xlsx"
"1650 0 donor 159",2021,627.84,133.634552558986,3.22291383090321,17.0363261532228,12.6534773218478,17.5681053368315,17.8182856955731,3.96027157835144,23.8104855502334,837.152127381885,0,0.347967892180253,"1650_SCM_data_df_0.xlsx"
"1650 0 donor 159",2022,585.45,133.634552558986,3.22291383090321,17.0363261532228,12.6534773218478,17.5681053368315,17.8182856955731,4.35417684396317,23.8104855502334,837.152127381885,0,0.324474073771867,"1650_SCM_data_df_0.xlsx"
"1650 0 donor 221",2001,122.13,95.5990360124395,3.68686197294419,11.9491844952747,9.9385002472688,20.3303649034624,17.3331169429455,6.83205865293728,23.2924894529171,798.080752274401,0,0.0676881349897653,"1650_SCM_data_df_0.xlsx"
"1650 0 donor 221",2002,730.71,95.5990360124395,3.68686197294419,11.9491844952747,10.8814092245972,20.3303649034624,17.3331169429455,6.83205865293728,23.2924894529171,718.608181350437,0,0.404981553413342,"1650_SCM_data_df_0.xlsx"
"1650 0 donor 221",2003,516.51,95.5990360124395,3.68686197294419,11.9491844952747,10.9985844740723,20.3303649034624,17.3331169429455,2.46355773962456,19.0016393166833,842.068412145755,0,0.286265443409184,"1650_SCM_data_df_0.xlsx"
"1650 0 donor 221",2004,884.16,95.5990360124395,3.68686197294419,11.9491844952747,10.4477987348496,20.3303649034624,17.3331169429455,2.01881603922555,19.0016393166833,724.511487314916,0,0.490028178437328,"1650_SCM_data_df_0.xlsx"
"1650 0 donor 221",2005,222.84,95.5990360124395,3.68686197294419,11.9491844952747,6.84758007596231,20.3303649034624,17.3331169429455,1.67904034394508,19.0016393166833,727.921336883347,0,0.123504658979115,"1650_SCM_data_df_0.xlsx"
"1650 0 donor 221",2006,1337.31,95.5990360124395,3.68686197294419,11.9491844952747,6.83133765928857,20.3303649034624,17.3331169429455,1.79197881869341,19.0016393166833,853.150204003701,0,0.741177596030157,"1650_SCM_data_df_0.xlsx"
"1650 0 donor 221",2007,615.69,95.5990360124395,3.68686197294419,11.9491844952747,6.86709108317057,20.3303649034624,17.3331169429455,1.79823627241862,19.0016393166833,757.654463077023,0,0.341233995184219,"1650_SCM_data_df_0.xlsx"
"1650 0 donor 221",2008,836.46,95.5990360124395,3.68686197294419,11.9491844952747,6.63600024532618,20.3303649034624,17.3331169429455,1.88560883684866,10.809479123131,800.001637357959,0,0.463591397638083,"1650_SCM_data_df_0.xlsx"
"1650 0 donor 221",2009,1429.02,95.5990360124395,3.68686197294419,11.9491844952747,6.31364106449359,20.3303649034624,17.3331169429455,1.77709762705204,10.809479123131,782.139563952149,0,0.792006048170592,"1650_SCM_data_df_0.xlsx"
"1650 0 donor 221",2010,2394.99,95.5990360124395,3.68686197294419,11.9491844952747,6.73893271513357,20.3303649034624,17.3331169429455,1.66468322562848,10.809479123131,702.693911193035,0,1.32737579971455,"1650_SCM_data_df_0.xlsx"
"1650 0 donor 221",2011,1419.39,95.5990360124395,3.68686197294419,11.9491844952747,7.32299187370919,20.3303649034624,17.3331169429455,1.50160551439959,10.809479123131,842.114654464742,0,0.786668811292254,"1650_SCM_data_df_0.xlsx"
"1650 0 donor 221",2012,2882.61,95.5990360124395,3.68686197294419,11.152135830221,10.3258989949952,20.3303649034624,17.3331169429455,1.4221528792801,10.809479123131,764.670460896839,0,1.59762953248872,"1650_SCM_data_df_0.xlsx"
"1650 0 donor 221",2013,4734.54,95.5990360124395,3.68686197294419,10.796252688181,6.2136601744036,20.3303649034624,17.3331169429455,1.2403959869744,6.9530090210098,834.687674801838,0,2.62402507683979,"1650_SCM_data_df_0.xlsx"
"1650 0 donor 221",2014,5242.68,95.5990360124395,3.68686197294419,17.2766018539332,5.58042490271596,20.3303649034624,17.3331169429455,1.11955756756322,6.9530090210098,776.473906897051,0,2.90565161342948,"1650_SCM_data_df_0.xlsx"
"1650 0 donor 221",2015,3421.71,95.5990360124395,3.68686197294419,17.2766018539332,4.57224602829688,20.3303649034624,17.3331169429455,0.880378644300912,6.9530090210098,758.4498233041,0,1.89641503623868,"1650_SCM_data_df_0.xlsx"
"1650 0 donor 221",2016,3394.26,95.5990360124395,3.68686197294419,17.2770968277993,4.41710434410493,20.3303649034624,17.3331169429455,0.770116487195583,6.9530090210098,688.127148338526,0,1.88120141709949,"1650_SCM_data_df_0.xlsx"
"1650 0 donor 221",2017,1367.28,95.5990360124395,3.68686197294419,8.88443616329843,3.93723277124777,20.3303649034624,17.3331169429455,0.69157343383936,6.9530090210098,866.283279023002,0,0.757787875287041,"1650_SCM_data_df_0.xlsx"
"1650 0 donor 221",2018,4675.77,95.5990360124395,3.68686197294419,8.88226118967654,4.64419391480077,20.3303649034624,17.3331169429455,0.814339132355692,5.47453824229901,828.020795001118,0,2.59145296766638,"1650_SCM_data_df_0.xlsx"
"1650 0 donor 221",2019,4936.5,95.5990360124395,3.68686197294419,8.88271162019068,4.20564734639779,20.3303649034624,17.3331169429455,0.661611386131745,5.47453824229901,761.684784171244,0,2.73595740912942,"1650_SCM_data_df_0.xlsx"
"1650 0 donor 221",2020,4086.81,95.5990360124395,3.68686197294419,8.59932080449225,4.40281240817613,20.3303649034624,17.3331169429455,0.618865617314478,5.47453824229901,740.971794982802,0,2.26503354587344,"1650_SCM_data_df_0.xlsx"
"1650 0 donor 221",2021,4361.04,95.5990360124395,3.68686197294419,8.60024361499775,3.61899391901905,20.3303649034624,17.3331169429455,0.526158901427166,5.47453824229901,720.25880579436,0,2.41702009510985,"1650_SCM_data_df_0.xlsx"
"1650 0 donor 221",2022,3117.78,95.5990360124395,3.68686197294419,8.60024740645274,3.61899391901905,20.3303649034624,17.3331169429455,0.493010797126909,5.47453824229901,720.25880579436,0,1.72796784990085,"1650_SCM_data_df_0.xlsx"
"1650 0 donor 350",2001,172.62,294.48332794018,5.34721857035734,38.3687661143818,14.3857505826548,17.9065969826665,21.8679422331776,9.46710623883326,23.8336777362298,961.206494318873,0,0.0956712180621738,"1650_SCM_data_df_0.xlsx"
"1650 0 donor 350",2002,26.19,294.48332794018,5.34721857035734,38.3687661143818,12.3362312708175,17.9065969826665,21.8679422331776,9.46710623883326,23.8336777362298,949.966323965528,0,0.0145152890803402,"1650_SCM_data_df_0.xlsx"
"1650 0 donor 350",2003,13.95,294.48332794018,5.34721857035734,38.3687661143818,13.3617133438088,17.9065969826665,21.8679422331776,9.00404458815086,24.1905184598486,959.632943268651,0,0.00773151136581697,"1650_SCM_data_df_0.xlsx"
"1650 0 donor 350",2004,55.17,294.48332794018,5.34721857035734,38.3687661143818,14.348944262175,17.9065969826665,21.8679422331776,8.0233558604337,24.1905184598486,894.123843640362,0,0.0305768804338439,"1650_SCM_data_df_0.xlsx"
"1650 0 donor 350",2005,98.73,294.48332794018,5.34721857035734,38.3687661143818,14.0990374802891,17.9065969826665,21.8679422331776,10.1339160544096,24.1905184598486,772.315285788106,0,0.0547191481825885,"1650_SCM_data_df_0.xlsx"
"1650 0 donor 350",2006,111.24,294.48332794018,5.34721857035734,38.3687661143818,11.3184107079721,17.9065969826665,21.8679422331776,8.96792672230773,24.1905184598486,980.556720526046,0,0.0616525680525792,"1650_SCM_data_df_0.xlsx"
"1650 0 donor 350",2007,246.42,294.48332794018,5.34721857035734,38.3687661143818,14.2149744370075,17.9065969826665,21.8679422331776,7.6705365086889,24.1905184598486,866.092859002246,0,0.13657340722327,"1650_SCM_data_df_0.xlsx"
"1650 0 donor 350",2008,471.24,294.48332794018,5.34721857035734,38.3687661143818,11.2765604820425,17.9065969826665,21.8679422331776,5.54141367078378,24.1755250409759,950.306355169962,0,0.261175442009146,"1650_SCM_data_df_0.xlsx"
"1650 0 donor 350",2009,527.4,294.48332794018,5.34721857035734,38.3687661143818,11.113990349493,17.9065969826665,21.8679422331776,5.43000916595575,24.1755250409759,953.135688226515,0,0.292301010346371,"1650_SCM_data_df_0.xlsx"
"1650 0 donor 350",2010,482.94,294.48332794018,5.34721857035734,9.40102051377974,12.1710900182997,17.9065969826665,21.8679422331776,6.40915612929581,24.1755250409759,829.919250338714,0,0.267659935412735,"1650_SCM_data_df_0.xlsx"
"1650 0 donor 350",2011,380.34,294.48332794018,5.34721857035734,9.49085130881567,17.390187008476,17.9065969826665,21.8679422331776,7.40603917039053,24.1755250409759,939.83054027187,0,0.210795916335113,"1650_SCM_data_df_0.xlsx"
"1650 0 donor 350",2012,388.26,294.48332794018,5.34721857035734,7.85233766561745,14.2972125392761,17.9065969826665,21.8679422331776,6.41087430085582,24.1755250409759,906.976242557587,0,0.215185419562157,"1650_SCM_data_df_0.xlsx"
"1650 0 donor 350",2013,565.83,294.48332794018,5.34721857035734,7.69156095105255,11.099498736448,17.9065969826665,21.8679422331776,5.99434923046268,18.0624963564299,899.809593004701,0,0.313600077141234,"1650_SCM_data_df_0.xlsx"
"1650 0 donor 350",2014,279.72,294.48332794018,5.34721857035734,8.80595027771503,10.9896817785973,17.9065969826665,21.8679422331776,4.74921067766685,18.0624963564299,954.961203152414,0,0.155029273064252,"1650_SCM_data_df_0.xlsx"
"1650 0 donor 350",2015,153.9,294.48332794018,5.34721857035734,8.75019514149951,8.92090933618699,17.9065969826665,21.8679422331776,4.29595180574435,18.0624963564299,916.395577540134,0,0.0852960286164323,"1650_SCM_data_df_0.xlsx"
"1650 0 donor 350",2016,170.64,294.48332794018,5.34721857035734,8.72157372255805,8.92392008734133,17.9065969826665,21.8679422331776,4.23088424497979,18.0624963564299,804.349565707758,0,0.0945738422554127,"1650_SCM_data_df_0.xlsx"
"1650 0 donor 350",2017,427.86,294.48332794018,5.34721857035734,9.38552170129108,8.78779459522764,17.9065969826665,21.8679422331776,5.33065331273759,18.0624963564299,977.531657625965,0,0.23713293569738,"1650_SCM_data_df_0.xlsx"
"1650 0 donor 350",2018,80.64,294.48332794018,5.34721857035734,9.38179061169461,8.78434125229579,17.9065969826665,21.8679422331776,3.85247511443569,17.9179752090703,1006.77909125271,0,0.044693123766271,"1650_SCM_data_df_0.xlsx"
"1650 0 donor 350",2019,137.16,294.48332794018,5.34721857035734,9.38121674649089,8.8811212898943,17.9065969826665,21.8679422331776,4.05218339404563,17.9179752090703,954.286097819408,0,0.076018214977452,"1650_SCM_data_df_0.xlsx"
"1650 0 donor 350",2020,177.75,294.48332794018,5.34721857035734,9.40153300637687,8.76068235695054,17.9065969826665,21.8679422331776,4.34653855235179,17.9179752090703,969.054631904786,0,0.0985144190160549,"1650_SCM_data_df_0.xlsx"
"1650 0 donor 350",2021,309.51,294.48332794018,5.34721857035734,9.40153083505442,8.68831958402968,17.9065969826665,21.8679422331776,6.47822646193775,17.9179752090703,983.823165990164,0,0.171539790884158,"1650_SCM_data_df_0.xlsx"
"1650 0 donor 350",2022,126.09,294.48332794018,5.34721857035734,9.40153083505442,8.68831958402968,17.9065969826665,21.8679422331776,5.97981102445679,17.9179752090703,983.823165990164,0,0.0698828866032876,"1650_SCM_data_df_0.xlsx"
"1650 1 donor 115",2001,167.04,119.463968314229,4.15039142095319,37.4073587228006,10.895922201464,18.4440341125113,17.9971563841626,6.36730117689372,19.5765095138348,834.438567191285,0,0.092578613515847,"1650_SCM_data_df_1.xlsx"
"1650 1 donor 115",2002,404.1,119.463968314229,4.15039142095319,37.4073587228006,11.2157549531218,18.4440341125113,17.9971563841626,6.36730117689372,19.5765095138348,825.435225887666,0,0.223964426016246,"1650_SCM_data_df_1.xlsx"
"1650 1 donor 115",2003,124.38,119.463968314229,4.15039142095319,37.4073587228006,9.56715863033193,18.4440341125113,17.9971563841626,4.07509919397988,11.6462822391396,863.413320367743,0,0.0689351529519939,"1650_SCM_data_df_1.xlsx"
"1650 1 donor 115",2004,222.75,119.463968314229,4.15039142095319,37.4073587228006,9.10158457161379,18.4440341125113,17.9971563841626,3.98164266422896,11.6462822391396,730.655284033009,0,0.123454778260626,"1650_SCM_data_df_1.xlsx"
"1650 1 donor 115",2005,208.17,119.463968314229,4.15039142095319,37.4073587228006,9.16111128206153,18.4440341125113,17.9971563841626,3.94462748016864,11.6462822391396,758.51278076386,0,0.115374101865385,"1650_SCM_data_df_1.xlsx"
"1650 1 donor 115",2006,369.9,119.463968314229,4.15039142095319,37.4073587228006,8.95351628857763,18.4440341125113,17.9971563841626,4.34930602899941,11.6462822391396,840.520562338069,0,0.205009752990372,"1650_SCM_data_df_1.xlsx"
"1650 1 donor 115",2007,282.51,119.463968314229,4.15039142095319,37.4073587228006,11.9993541820689,18.4440341125113,17.9971563841626,4.05501278853433,11.6462822391396,824.460839588565,0,0.156575575337416,"1650_SCM_data_df_1.xlsx"
"1650 1 donor 115",2008,153.81,119.463968314229,4.15039142095319,37.4073587228006,9.6316263356889,18.4440341125113,17.9971563841626,4.41325768055805,11.5430421875659,835.978762185768,0,0.0852461478979432,"1650_SCM_data_df_1.xlsx"
"1650 1 donor 115",2009,340.56,119.463968314229,4.15039142095319,37.4073587228006,11.4651854434609,18.4440341125113,17.9971563841626,4.55842320107987,11.5430421875659,819.158510444626,0,0.188748638762912,"1650_SCM_data_df_1.xlsx"
"1650 1 donor 115",2010,315.72,119.463968314229,4.15039142095319,34.5534648252864,14.4606846747391,18.4440341125113,17.9971563841626,4.72801823341614,11.5430421875659,720.036814838496,0,0.174981560459909,"1650_SCM_data_df_1.xlsx"
"1650 1 donor 115",2011,420.66,119.463968314229,4.15039142095319,33.2173006657076,10.40718165369,18.4440341125113,17.9971563841626,3.4534069674506,11.5430421875659,865.072910353157,0,0.233142478218248,"1650_SCM_data_df_1.xlsx"
"1650 1 donor 115",2012,745.74,119.463968314229,4.15039142095319,12.1482962837155,10.4647193588027,18.4440341125113,17.9971563841626,3.2350244420245,11.5430421875659,754.774783370299,0,0.413311633401028,"1650_SCM_data_df_1.xlsx"
"1650 1 donor 115",2013,2096.91,119.463968314229,4.15039142095319,5.03152848156067,8.67272261296603,18.4440341125113,17.9971563841626,3.29303140603388,11.4945778296179,814.929363620419,0,1.16217086007851,"1650_SCM_data_df_1.xlsx"
"1650 1 donor 115",2014,5525.73,119.463968314229,4.15039142095319,12.6819260395228,8.57308901410452,18.4440341125113,17.9971563841626,3.30424242822858,11.4945778296179,808.799305319666,0,3.06252647307783,"1650_SCM_data_df_1.xlsx"
"1650 1 donor 115",2015,4541.85,119.463968314229,4.15039142095319,12.6713299437418,7.06575192874254,18.4440341125113,17.9971563841626,2.71567601621143,11.4945778296179,791.815540059011,0,2.51723045855454,"1650_SCM_data_df_1.xlsx"
"1650 1 donor 115",2016,3066.57,119.463968314229,4.15039142095319,12.6638524314922,6.62215901774554,18.4440341125113,17.9971563841626,2.47922567675274,11.4945778296179,683.827344518375,0,1.69958572108053,"1650_SCM_data_df_1.xlsx"
"1650 1 donor 115",2017,1760.76,119.463968314229,4.15039142095319,12.6638524314922,6.84608354868646,18.4440341125113,17.9971563841626,2.27498821330172,11.4945778296179,850.266445097164,0,0.975866376521569,"1650_SCM_data_df_1.xlsx"
"1650 1 donor 115",2018,2115.72,119.463968314229,4.15039142095319,12.6649427749027,6.78291345246579,18.4440341125113,17.9971563841626,2.07437696898249,11.4605283133854,881.81584033231,0,1.17259593024274,"1650_SCM_data_df_1.xlsx"
"1650 1 donor 115",2019,2708.91,119.463968314229,4.15039142095319,12.6649427749027,6.28910267182182,18.4440341125113,17.9971563841626,2.07784039669377,11.4605283133854,858.48332900407,0,1.50135974580468,"1650_SCM_data_df_1.xlsx"
"1650 1 donor 115",2020,3663.36,119.463968314229,4.15039142095319,12.6649449511903,6.98928500875843,18.4440341125113,17.9971563841626,2.01704889958994,11.4605283133854,842.317509874052,0,2.03034476538202,"1650_SCM_data_df_1.xlsx"
"1650 1 donor 115",2021,4398.84,119.463968314229,4.15039142095319,12.6649449511903,5.61788108178312,18.4440341125113,17.9971563841626,1.76639425606596,11.4605283133854,826.151690744034,0,2.43796999687529,"1650_SCM_data_df_1.xlsx"
"1650 1 donor 115",2022,4172.85,119.463968314229,4.15039142095319,12.6649331345202,5.61788108178312,18.4440341125113,17.9971563841626,1.55446323067428,11.4605283133854,826.151690744034,0,2.31271951274906,"1650_SCM_data_df_1.xlsx"
"1650 1 donor 148",2001,180.99,237.672383265599,4.52094148488001,48.2374731424569,14.9209576705627,17.7665859818168,19.9079256352475,8.74075751614905,23.2431919402949,884.050899340273,0,0.100310124881664,"1650_SCM_data_df_1.xlsx"
"1650 1 donor 148",2002,61.83,237.672383265599,4.52094148488001,48.2374731424569,12.5596643084632,17.7665859818168,19.9079256352475,8.74075751614905,23.2431919402949,872.735799992673,0,0.0342680536020404,"1650_SCM_data_df_1.xlsx"
"1650 1 donor 148",2003,4.77,237.672383265599,4.52094148488001,48.2374731424569,14.2580263768737,17.7665859818168,19.9079256352475,8.30818464366632,23.6858509852613,869.994379053914,0,0.00264367807992451,"1650_SCM_data_df_1.xlsx"
"1650 1 donor 148",2004,42.3,237.672383265599,4.52094148488001,48.2374731424569,14.6364731774247,17.7665859818168,19.9079256352475,8.08178363270639,23.6858509852613,811.229616785465,0,0.0234439376898966,"1650_SCM_data_df_1.xlsx"
"1650 1 donor 148",2005,81.99,237.672383265599,4.52094148488001,48.2374731424569,14.0056664548243,17.7665859818168,19.9079256352475,11.2557525446062,23.6858509852613,721.990976069767,0,0.0454413345436081,"1650_SCM_data_df_1.xlsx"
"1650 1 donor 148",2006,91.71,237.672383265599,4.52094148488001,48.2374731424569,11.8396461013047,17.7665859818168,19.9079256352475,10.9358066432289,23.6858509852613,884.655935601397,0,0.0508284521404354,"1650_SCM_data_df_1.xlsx"
"1650 1 donor 148",2007,179.82,237.672383265599,4.52094148488001,48.2374731424569,14.3873178085248,17.7665859818168,19.9079256352475,8.51130333737776,23.6858509852613,793.710916746501,0,0.0996616755413052,"1650_SCM_data_df_1.xlsx"
"1650 1 donor 148",2008,324.27,237.672383265599,4.52094148488001,48.2374731424569,11.8840756815682,17.7665859818168,19.9079256352475,6.59530385357011,23.6822297622074,884.095114822269,0,0.179720228716378,"1650_SCM_data_df_1.xlsx"
"1650 1 donor 148",2009,201.78,237.672383265599,4.52094148488001,48.2374731424569,11.2481798158803,17.7665859818168,19.9079256352475,6.32213084698838,23.6822297622074,873.247965480608,0,0.111832570852656,"1650_SCM_data_df_1.xlsx"
"1650 1 donor 148",2010,366.48,237.672383265599,4.52094148488001,9.42459687098633,11.9463078837557,17.7665859818168,19.9079256352475,7.747315713783,23.6822297622074,768.653493956109,0,0.203114285687785,"1650_SCM_data_df_1.xlsx"
"1650 1 donor 148",2011,230.31,237.672383265599,4.52094148488001,9.42459687098633,15.9083650989591,17.7665859818168,19.9079256352475,7.87278697241535,23.6822297622074,880.07423345437,0,0.127644758613714,"1650_SCM_data_df_1.xlsx"
"1650 1 donor 148",2012,169.83,237.672383265599,4.52094148488001,8.95202875635388,14.3804200978656,17.7665859818168,19.9079256352475,7.03575610411322,23.6822297622074,828.732575733187,0,0.0941249157890104,"1650_SCM_data_df_1.xlsx"
"1650 1 donor 148",2013,226.8,237.672383265599,4.52094148488001,8.72205948533958,11.6252494568879,17.7665859818168,19.9079256352475,6.52601533202269,18.9598015295945,826.561313659559,0,0.125699410592637,"1650_SCM_data_df_1.xlsx"
"1650 1 donor 148",2014,177.57,237.672383265599,4.52094148488001,9.00469096785509,11.2132122288741,17.7665859818168,19.9079256352475,5.48500851162321,18.9598015295945,876.219806355715,0,0.0984146575790766,"1650_SCM_data_df_1.xlsx"
"1650 1 donor 148",2015,154.8,237.672383265599,4.52094148488001,9.00469096785509,9.25116584094393,17.7665859818168,19.9079256352475,5.17423990843969,18.9598015295945,830.777063187493,0,0.0857948358013238,"1650_SCM_data_df_1.xlsx"
"1650 1 donor 148",2016,149.04,237.672383265599,4.52094148488001,8.06922844841462,9.3858348251107,17.7665859818168,19.9079256352475,4.7314409203987,18.9598015295945,747.492183848841,0,0.0826024698180187,"1650_SCM_data_df_1.xlsx"
"1650 1 donor 148",2017,247.59,237.672383265599,4.52094148488001,9.19372440213271,9.32152293170609,17.7665859818168,19.9079256352475,5.32277842748941,18.9598015295945,909.964573108932,0,0.137221856563629,"1650_SCM_data_df_1.xlsx"
"1650 1 donor 148",2018,135.18,237.672383265599,4.52094148488001,9.18232568906127,9.3296792319724,17.7665859818168,19.9079256352475,4.49099863458799,18.8547383376608,916.198035804877,0,0.0749208391706909,"1650_SCM_data_df_1.xlsx"
"1650 1 donor 148",2019,74.97,237.672383265599,4.52094148488001,9.18177882823228,9.32864222375662,17.7665859818168,19.9079256352475,4.7174013434322,18.8547383376608,877.041668933103,0,0.0415506385014551,"1650_SCM_data_df_1.xlsx"
"1650 1 donor 148",2020,62.73,237.672383265599,4.52094148488001,9.23757588360473,9.15436371245533,17.7665859818168,19.9079256352475,5.73592801281489,18.8547383376608,890.242338706544,0,0.0347668607869318,"1650_SCM_data_df_1.xlsx"
"1650 1 donor 148",2021,172.17,237.672383265599,4.52094148488001,9.23757588360473,8.81066552956339,17.7665859818168,19.9079256352475,7.4922701950541,18.8547383376608,903.443008479986,0,0.0954218144697281,"1650_SCM_data_df_1.xlsx"
"1650 1 donor 148",2022,296.28,237.672383265599,4.52094148488001,9.23757660571897,8.81066552956339,17.7665859818168,19.9079256352475,7.26370367451242,18.8547383376608,903.443008479986,0,0.164207325266255,"1650_SCM_data_df_1.xlsx"
"1650 1 donor 181",2001,35.19,168.311124444338,3.70141352436974,52.6996581492506,15.958307196446,16.4675336323866,18.5562030786719,16.5771843150924,21.4108709100002,850.583041615025,0,0.0195033609292544,"1650_SCM_data_df_1.xlsx"
"1650 1 donor 181",2002,93.51,168.311124444338,3.70141352436974,52.6996581492506,15.0081120908751,16.4675336323866,18.5562030786719,16.5771843150924,21.4108709100002,822.798611962939,0,0.0518260665102183,"1650_SCM_data_df_1.xlsx"
"1650 1 donor 181",2003,1.71,168.311124444338,3.70141352436974,52.6996581492506,15.0502433788223,16.4675336323866,18.5562030786719,9.66775923595797,20.8877180044636,828.849884635515,0,0.000947733651293693,"1650_SCM_data_df_1.xlsx"
"1650 1 donor 181",2004,14.31,168.311124444338,3.70141352436974,52.6996581492506,13.7555649018888,16.4675336323866,18.5562030786719,9.63300098685617,20.8877180044636,727.912925762108,0,0.00793103423977353,"1650_SCM_data_df_1.xlsx"
"1650 1 donor 181",2005,19.71,168.311124444338,3.70141352436974,52.6996581492506,13.9608648684201,16.4675336323866,18.5562030786719,9.73816668489039,20.8877180044636,709.26405950887,0,0.010923877349122,"1650_SCM_data_df_1.xlsx"
"1650 1 donor 181",2006,9.45,168.311124444338,3.70141352436974,52.6996581492506,13.6825714202459,16.4675336323866,18.5562030786719,13.0067566972178,20.8877180044636,837.142065104755,0,0.00523747544135988,"1650_SCM_data_df_1.xlsx"
"1650 1 donor 181",2007,18.9,168.311124444338,3.70141352436974,52.6996581492506,15.1010537781106,16.4675336323866,18.5562030786719,12.8235955610344,20.8877180044636,771.219601583188,0,0.0104749508827198,"1650_SCM_data_df_1.xlsx"
"1650 1 donor 181",2008,16.83,168.311124444338,3.70141352436974,52.6996581492506,14.8329516734649,16.4675336323866,18.5562030786719,10.6754635204567,20.8877180044636,855.476497781794,0,0.0093276943574695,"1650_SCM_data_df_1.xlsx"
"1650 1 donor 181",2009,7.2,168.311124444338,3.70141352436974,52.6996581492506,14.6355362758446,16.4675336323866,18.5562030786719,10.7270497712969,20.8877180044636,796.981945749553,0,0.00399045747913134,"1650_SCM_data_df_1.xlsx"
"1650 1 donor 181",2010,59.94,168.311124444338,3.70141352436974,31.1607931947998,14.8411138397974,16.4675336323866,18.5562030786719,10.5529826073539,20.8877180044636,738.46440241086,0,0.0332205585137684,"1650_SCM_data_df_1.xlsx"
"1650 1 donor 181",2011,348.21,168.311124444338,3.70141352436974,31.1607931947998,15.4667897130513,16.4675336323866,18.5562030786719,7.63061142677311,20.8877180044636,852.457344002629,0,0.192988499834489,"1650_SCM_data_df_1.xlsx"
"1650 1 donor 181",2012,539.64,168.311124444338,3.70141352436974,29.3737854603562,15.1852694361543,16.4675336323866,18.5562030786719,5.95255759815417,20.8877180044636,795.793190914485,0,0.299084788060894,"1650_SCM_data_df_1.xlsx"
"1650 1 donor 181",2013,972.18,168.311124444338,3.70141352436974,28.5258351095449,14.8720421928188,16.4675336323866,18.5562030786719,5.88605499308701,20.3273395096024,810.033219532204,0,0.538811521119709,"1650_SCM_data_df_1.xlsx"
"1650 1 donor 181",2014,85.23,168.311124444338,3.70141352436974,29.7015653198319,10.8908469129663,16.4675336323866,18.5562030786719,5.65043025707659,20.3273395096024,832.161780581579,0,0.0472370404092172,"1650_SCM_data_df_1.xlsx"
"1650 1 donor 181",2015,369.09,168.311124444338,3.70141352436974,27.7635849398423,10.9939347315091,16.4675336323866,18.5562030786719,5.61921983858408,20.3273395096024,786.479630411821,0,0.20456082652397,"1650_SCM_data_df_1.xlsx"
"1650 1 donor 181",2016,917.37,168.311124444338,3.70141352436974,22.5259627320264,9.96278612973107,16.4675336323866,18.5562030786719,5.50187567998996,20.3273395096024,738.390652951327,0,0.508434163559822,"1650_SCM_data_df_1.xlsx"
"1650 1 donor 181",2017,468.9,168.311124444338,3.70141352436974,27.7693689582118,9.78360099318359,16.4675336323866,18.5562030786719,4.91083354989035,20.3273395096024,877.511645513273,0,0.259878543328428,"1650_SCM_data_df_1.xlsx"
"1650 1 donor 181",2018,805.5,168.311124444338,3.70141352436974,27.7692674707676,9.78896330704492,16.4675336323866,18.5562030786719,4.76814437849986,20.3273395096024,873.831986350525,0,0.446432430477818,"1650_SCM_data_df_1.xlsx"
"1650 1 donor 181",2019,970.92,168.311124444338,3.70141352436974,27.7692534349865,9.7978805787484,16.4675336323866,18.5562030786719,3.92076323944139,20.3273395096024,854.710978247537,0,0.538113191060861,"1650_SCM_data_df_1.xlsx"
"1650 1 donor 181",2020,121.59,168.311124444338,3.70141352436974,27.7692534349865,9.8352304675467,16.4675336323866,18.5562030786719,3.89560803383063,20.3273395096024,862.119817270649,0,0.0673888506788305,"1650_SCM_data_df_1.xlsx"
"1650 1 donor 181",2021,582.66,168.311124444338,3.70141352436974,27.7692534349865,10.2177979842158,16.4675336323866,18.5562030786719,3.92073781207661,20.3273395096024,869.528656293761,0,0.322927771498704,"1650_SCM_data_df_1.xlsx"
"1650 1 donor 181",2022,1037.97,168.311124444338,3.70141352436974,27.7692544423791,10.2177979842158,16.4675336323866,18.5562030786719,4.0281064106243,20.3273395096024,869.528656293761,0,0.575274326335272,"1650_SCM_data_df_1.xlsx"
"1650 2 donor 192",2001,283.68,107.982439936836,4.55220350846032,16.831180787003,6.76953043413103,17.6157932771561,21.3400003774259,5.14674953223304,13.1886826838806,1033.12972224743,0,0.157224024677775,"1650_SCM_data_df_2.xlsx"
"1650 2 donor 192",2002,391.68,107.982439936836,4.55220350846032,16.831180787003,6.78266567664551,17.6157932771561,21.3400003774259,5.14674953223304,13.1886826838806,1030.93908512285,0,0.217080886864745,"1650_SCM_data_df_2.xlsx"
"1650 2 donor 192",2003,35.46,107.982439936836,4.55220350846032,16.831180787003,6.7278345095732,17.6157932771561,21.3400003774259,3.68351538843668,12.0366681510509,1052.9602400743,0,0.0196530030847218,"1650_SCM_data_df_2.xlsx"
"1650 2 donor 192",2004,187.38,107.982439936836,4.55220350846032,16.831180787003,6.71267164896525,17.6157932771561,21.3400003774259,3.6565412720042,12.0366681510509,849.945684141181,0,0.103851655894393,"1650_SCM_data_df_2.xlsx"
"1650 2 donor 192",2005,34.47,107.982439936836,4.55220350846032,16.831180787003,6.66782505266021,17.6157932771561,21.3400003774259,3.99963669146807,12.0366681510509,942.936363167843,0,0.0191043151813413,"1650_SCM_data_df_2.xlsx"
"1650 2 donor 192",2006,336.51,107.982439936836,4.55220350846032,16.831180787003,6.64288598863816,17.6157932771561,21.3400003774259,5.09242921552248,12.0366681510509,1050.21254833025,0,0.186504006430901,"1650_SCM_data_df_2.xlsx"
"1650 2 donor 192",2007,109.35,107.982439936836,4.55220350846032,16.831180787003,6.64581109375043,17.6157932771561,21.3400003774259,4.08221316241546,12.0366681510509,976.040418146964,0,0.0606050729643072,"1650_SCM_data_df_2.xlsx"
"1650 2 donor 192",2008,248.13,107.982439936836,4.55220350846032,16.831180787003,6.69385368260673,17.6157932771561,21.3400003774259,3.83099962145706,11.6748304388489,1009.24162322406,0,0.137521140874564,"1650_SCM_data_df_2.xlsx"
"1650 2 donor 192",2009,167.76,107.982439936836,4.55220350846032,16.831180787003,6.67934382800163,17.6157932771561,21.3400003774259,3.48762909785224,11.6748304388489,989.279517722678,0,0.0929776592637602,"1650_SCM_data_df_2.xlsx"
"1650 2 donor 192",2010,916.74,107.982439936836,4.55220350846032,12.5378330431356,6.66352104493394,17.6157932771561,21.3400003774259,4.161632266623,11.6748304388489,894.656604004002,0,0.508084998530398,"1650_SCM_data_df_2.xlsx"
"1650 2 donor 192",2011,628.29,107.982439936836,4.55220350846032,12.5419634450738,6.65948534700232,17.6157932771561,21.3400003774259,3.31828772094391,11.6748304388489,1015.60820037264,0,0.348217295772698,"1650_SCM_data_df_2.xlsx"
"1650 2 donor 192",2012,800.19,107.982439936836,4.55220350846032,11.6434116393629,6.66156446691773,17.6157932771561,21.3400003774259,2.85638056942405,11.6748304388489,862.992775251328,0,0.443489468086959,"1650_SCM_data_df_2.xlsx"
"1650 2 donor 192",2013,1009.08,107.982439936836,4.55220350846032,11.5772917644708,6.47190932675416,17.6157932771561,21.3400003774259,2.70241291430887,9.87353947198255,964.387913601036,0,0.559262615700257,"1650_SCM_data_df_2.xlsx"
"1650 2 donor 192",2014,1272.69,107.982439936836,4.55220350846032,11.7758801106766,6.79210783866966,17.6157932771561,21.3400003774259,2.92431032417596,9.87353947198255,1043.50908681462,0,0.705363240154953,"1650_SCM_data_df_2.xlsx"
"1650 2 donor 192",2015,907.47,107.982439936836,4.55220350846032,14.8195303691904,6.61563599599255,17.6157932771561,21.3400003774259,2.94252014520064,9.87353947198255,1012.31569076261,0,0.502947284526016,"1650_SCM_data_df_2.xlsx"
"1650 2 donor 192",2016,2034,107.982439936836,4.55220350846032,14.8195303691904,6.52214584782241,17.6157932771561,21.3400003774259,2.13903717935553,9.87353947198255,868.823075725136,0,1.1273042378546,"1650_SCM_data_df_2.xlsx"
"1650 2 donor 192",2017,1963.35,107.982439936836,4.55220350846032,14.8195303691904,6.44880059556683,17.6157932771561,21.3400003774259,1.61125132143125,9.87353947198255,1024.3339674665,0,1.08814787384063,"1650_SCM_data_df_2.xlsx"
"1650 2 donor 192",2018,3753.54,107.982439936836,4.55220350846032,14.8166599729692,6.37571134601989,17.6157932771561,21.3400003774259,1.40352733141102,9.79701581554635,1082.34274169605,0,2.08032524530814,"1650_SCM_data_df_2.xlsx"
"1650 2 donor 192",2019,4395.78,107.982439936836,4.55220350846032,14.6700984034036,6.49374442412351,17.6157932771561,21.3400003774259,1.28380135043252,9.79701581554635,1056.15095730581,0,2.43627405244666,"1650_SCM_data_df_2.xlsx"
"1650 2 donor 192",2020,4812.84,107.982439936836,4.55220350846032,14.6700826161647,6.34280009990869,17.6157932771561,21.3400003774259,1.08551094583006,9.79701581554635,1028.45847688159,0,2.66742130192534,"1650_SCM_data_df_2.xlsx"
"1650 2 donor 192",2021,4986.81,107.982439936836,4.55220350846032,14.6811888757219,5.81171921327454,17.6157932771561,21.3400003774259,0.884635299961979,9.79701581554635,1000.76599645737,0,2.76384073076485,"1650_SCM_data_df_2.xlsx"
"1650 2 donor 192",2022,4361.76,107.982439936836,4.55220350846032,14.6811888757219,5.81171921327454,17.6157932771561,21.3400003774259,0.849358694415381,9.79701581554635,1000.76599645737,0,2.41741914085776,"1650_SCM_data_df_2.xlsx"
"1650 2 donor 220",2001,152.82,297.737853488665,5.41380529170776,38.3978725251145,14.1007981826649,17.9963206876398,22.1309708759958,10.0779430971293,24.4509506923935,969.673669510543,0,0.0846974599945627,"1650_SCM_data_df_2.xlsx"
"1650 2 donor 220",2002,22.41,297.737853488665,5.41380529170776,38.3978725251145,12.5382793457549,17.9963206876398,22.1309708759958,10.0779430971293,24.4509506923935,958.335339458463,0,0.0124202989037963,"1650_SCM_data_df_2.xlsx"
"1650 2 donor 220",2003,14.76,297.737853488665,5.41380529170776,38.3978725251145,12.767899368856,17.9963206876398,22.1309708759958,9.6850544767599,24.821440882214,967.684898667831,0,0.00818043783221924,"1650_SCM_data_df_2.xlsx"
"1650 2 donor 220",2004,51.84,297.737853488665,5.41380529170776,38.3978725251145,14.1960055143927,17.9963206876398,22.1309708759958,8.69052396498985,24.821440882214,901.856321070308,0,0.0287312938497456,"1650_SCM_data_df_2.xlsx"
"1650 2 donor 220",2005,100.17,297.737853488665,5.41380529170776,38.3978725251145,13.7917030964411,17.9963206876398,22.1309708759958,10.5573036540414,24.821440882214,774.301737463846,0,0.0555172396784147,"1650_SCM_data_df_2.xlsx"
"1650 2 donor 220",2006,115.74,297.737853488665,5.41380529170776,38.3978725251145,11.1297056790751,17.9963206876398,22.1309708759958,8.83685138392661,24.821440882214,990.526531527506,0,0.0641466039770363,"1650_SCM_data_df_2.xlsx"
"1650 2 donor 220",2007,255.24,297.737853488665,5.41380529170776,38.3978725251145,13.8448984075144,17.9963206876398,22.1309708759958,7.71170570294214,24.821440882214,872.864260463609,0,0.141461717635206,"1650_SCM_data_df_2.xlsx"
"1650 2 donor 220",2008,489.33,297.737853488665,5.41380529170776,38.3978725251145,11.121020435168,17.9963206876398,22.1309708759958,5.60248324229636,24.8050947615213,956.18929214292,0,0.271201466425464,"1650_SCM_data_df_2.xlsx"
"1650 2 donor 220",2009,553.23,297.737853488665,5.41380529170776,38.3978725251145,10.9684434454214,17.9963206876398,22.1309708759958,5.55376005093112,24.8050947615213,962.136203555743,0,0.306616776552754,"1650_SCM_data_df_2.xlsx"
"1650 2 donor 220",2010,496.62,297.737853488665,5.41380529170776,10.040574860586,12.1869457208368,17.9963206876398,22.1309708759958,6.44264117983026,24.8050947615213,837.223298211805,0,0.275241804623084,"1650_SCM_data_df_2.xlsx"
"1650 2 donor 220",2011,390.69,297.737853488665,5.41380529170776,10.2282879689662,17.1022955653404,17.9963206876398,22.1309708759958,7.78211342442396,24.8050947615213,946.938498564371,0,0.216532198961364,"1650_SCM_data_df_2.xlsx"
"1650 2 donor 220",2012,398.97,297.737853488665,5.41380529170776,8.18357028089267,13.9363520141826,17.9963206876398,22.1309708759958,6.65285812885862,24.8050947615213,915.480364932348,0,0.221121225062365,"1650_SCM_data_df_2.xlsx"
"1650 2 donor 220",2013,475.02,297.737853488665,5.41380529170776,8.03221685300522,10.9544439272023,17.9963206876398,22.1309708759958,6.23615116706972,18.6142596937583,905.947350455055,0,0.26327043218569,"1650_SCM_data_df_2.xlsx"
"1650 2 donor 220",2014,277.11,297.737853488665,5.41380529170776,8.86734097207614,10.8646849769295,17.9963206876398,22.1309708759958,4.80041208914722,18.6142596937583,961.632318503771,0,0.153582732228067,"1650_SCM_data_df_2.xlsx"
"1650 2 donor 220",2015,153.81,297.737853488665,5.41380529170776,8.76469024932159,8.77394372932797,17.9963206876398,22.1309708759958,4.52634129955391,18.6142596937583,926.177531250538,0,0.0852461478979432,"1650_SCM_data_df_2.xlsx"
"1650 2 donor 220",2016,172.17,297.737853488665,5.41380529170776,8.76607996285625,8.75136959196825,17.9963206876398,22.1309708759958,4.59892951290734,18.6142596937583,808.882039731379,0,0.0954218144697281,"1650_SCM_data_df_2.xlsx"
"1650 2 donor 220",2017,438.57,297.737853488665,5.41380529170776,9.92271330375673,8.65767306728447,17.9963206876398,22.1309708759958,5.79950202730943,18.6142596937583,980.991238026941,0,0.243068741197588,"1650_SCM_data_df_2.xlsx"
"1650 2 donor 220",2018,80.1,297.737853488665,5.41380529170776,9.90966842487077,8.63889379174301,17.9963206876398,22.1309708759958,3.96695913077409,18.4087771424956,1015.92804869317,0,0.0443938394553361,"1650_SCM_data_df_2.xlsx"
"1650 2 donor 220",2019,170.55,297.737853488665,5.41380529170776,9.90876671815653,8.74254795634444,17.9963206876398,22.1309708759958,4.16631867139493,18.4087771424956,960.977953530349,0,0.0945239615369236,"1650_SCM_data_df_2.xlsx"
"1650 2 donor 220",2020,207.09,297.737853488665,5.41380529170776,10.0410878695018,8.63445592787496,17.9963206876398,22.1309708759958,4.36491610019488,18.4087771424956,975.5292282237,0,0.114775533243515,"1650_SCM_data_df_2.xlsx"
"1650 2 donor 220",2021,345.51,297.737853488665,5.41380529170776,10.0422662605202,8.61603123083353,17.9963206876398,22.1309708759958,6.74364294876527,18.4087771424956,990.08050291705,0,0.191492078279815,"1650_SCM_data_df_2.xlsx"
"1650 2 donor 220",2022,160.11,297.737853488665,5.41380529170776,10.0422662605202,8.61603123083353,17.9963206876398,22.1309708759958,6.21549075929884,18.4087771424956,990.08050291705,0,0.0887377981921831,"1650_SCM_data_df_2.xlsx"
"1650 2 donor 289",2001,46.53,144.228433557863,3.42948337892021,36.8018225985853,18.8283588146227,16.9188380394066,17.8737454896239,10.9164326520463,26.3453441850087,833.017665655763,0,0.0257883314588863,"1650_SCM_data_df_2.xlsx"
"1650 2 donor 289",2002,83.97,144.228433557863,3.42948337892021,36.8018225985853,18.6093787864491,16.9188380394066,17.8737454896239,10.9164326520463,26.3453441850087,811.030427576806,0,0.0465387103503692,"1650_SCM_data_df_2.xlsx"
"1650 2 donor 289",2003,16.92,144.228433557863,3.42948337892021,36.8018225985853,17.7897653755811,16.9188380394066,17.8737454896239,8.176512919551,25.2688086777511,814.905877155201,0,0.00937757507595865,"1650_SCM_data_df_2.xlsx"
"1650 2 donor 289",2004,29.79,144.228433557863,3.42948337892021,36.8018225985853,18.1676064046605,16.9188380394066,17.8737454896239,8.1668586320162,25.2688086777511,715.214400051507,0,0.0165105178199059,"1650_SCM_data_df_2.xlsx"
"1650 2 donor 289",2005,38.61,144.228433557863,3.42948337892021,36.8018225985853,18.4780733517679,16.9188380394066,17.8737454896239,8.62501221354641,25.2688086777511,698.960531457167,0,0.0213988282318418,"1650_SCM_data_df_2.xlsx"
"1650 2 donor 289",2006,18.27,144.228433557863,3.42948337892021,36.8018225985853,17.5293089169712,16.9188380394066,17.8737454896239,10.1918438614233,25.2688086777511,806.475053949407,0,0.0101257858532958,"1650_SCM_data_df_2.xlsx"
"1650 2 donor 289",2007,7.47,144.228433557863,3.42948337892021,36.8018225985853,18.49262397152,16.9188380394066,17.8737454896239,9.87206253968501,25.2688086777511,769.514980951197,0,0.00414009963459876,"1650_SCM_data_df_2.xlsx"
"1650 2 donor 289",2008,8.46,144.228433557863,3.42948337892021,36.8018225985853,18.4924090619464,16.9188380394066,17.8737454896239,9.04039025291837,23.8572076119728,840.577849216957,0,0.00468878753797932,"1650_SCM_data_df_2.xlsx"
"1650 2 donor 289",2009,16.92,144.228433557863,3.42948337892021,36.8018225985853,18.4555422625893,16.9188380394066,17.8737454896239,9.66686082440467,23.8572076119728,778.289721083784,0,0.00937757507595865,"1650_SCM_data_df_2.xlsx"
"1650 2 donor 289",2010,27.18,144.228433557863,3.42948337892021,32.0320457337786,17.6184633449299,16.9188380394066,17.8737454896239,9.93679971726514,23.8572076119728,726.974864127418,0,0.0150639769837208,"1650_SCM_data_df_2.xlsx"
"1650 2 donor 289",2011,239.94,144.228433557863,3.42948337892021,32.0320457337786,17.0843401643348,16.9188380394066,17.8737454896239,7.91433410945735,23.8572076119728,838.541872399661,0,0.132981995492052,"1650_SCM_data_df_2.xlsx"
"1650 2 donor 289",2012,1042.11,144.228433557863,3.42948337892021,27.8453512839071,16.9882335443207,16.9188380394066,17.8737454896239,6.73540013587258,23.8572076119728,785.974789197686,0,0.577568839385772,"1650_SCM_data_df_2.xlsx"
"1650 2 donor 289",2013,2865.6,144.228433557863,3.42948337892021,25.84716474051,16.2303446762147,16.9188380394066,17.8737454896239,6.94576497096057,23.6321092431098,792.141529499003,0,1.58820207669427,"1650_SCM_data_df_2.xlsx"
"1650 2 donor 289",2014,3001.68,144.228433557863,3.42948337892021,28.2371163936264,15.7502226589731,16.9188380394066,17.8737454896239,5.20302609219798,23.6321092431098,817.904515654209,0,1.66362172304985,"1650_SCM_data_df_2.xlsx"
"1650 2 donor 289",2015,1848.6,144.228433557863,3.42948337892021,24.6771906001483,15.0965063240694,16.9188380394066,17.8737454896239,4.56409592393355,23.6321092431098,771.233883447078,0,1.02454995776697,"1650_SCM_data_df_2.xlsx"
"1650 2 donor 289",2016,460.44,144.228433557863,3.42948337892021,24.3979262252954,14.6120869767685,16.9188380394066,17.8737454896239,4.52424108280679,23.6321092431098,717.18033977026,0,0.255189755790449,"1650_SCM_data_df_2.xlsx"
"1650 2 donor 289",2017,271.89,144.228433557863,3.42948337892021,24.681522498346,14.6069272931828,16.9188380394066,17.8737454896239,4.8536245154544,23.6321092431098,873.730119199329,0,0.150689650555697,"1650_SCM_data_df_2.xlsx"
"1650 2 donor 289",2018,323.19,144.228433557863,3.42948337892021,24.6813102423949,14.6075780223879,16.9188380394066,17.8737454896239,5.01659713779522,23.6320651949727,861.02740152568,0,0.179121660094508,"1650_SCM_data_df_2.xlsx"
"1650 2 donor 289",2019,182.07,144.228433557863,3.42948337892021,24.6813102423949,14.7106967726932,16.9188380394066,17.8737454896239,4.23471935373938,23.6320651949727,845.46314012193,0,0.100908693503534,"1650_SCM_data_df_2.xlsx"
"1650 2 donor 289",2020,169.56,144.228433557863,3.42948337892021,24.6813102423949,14.7110645627878,16.9188380394066,17.8737454896239,4.10726634800254,23.6320651949727,844.476550323918,0,0.093975273633543,"1650_SCM_data_df_2.xlsx"
"1650 2 donor 289",2021,450,144.228433557863,3.42948337892021,24.6813102423949,15.0442130402156,16.9188380394066,17.8737454896239,4.3083443270977,23.6320651949727,843.489960525907,0,0.249403592445709,"1650_SCM_data_df_2.xlsx"
"1650 2 donor 289",2022,635.22,144.228433557863,3.42948337892021,24.6813102423949,15.0442130402156,16.9188380394066,17.8737454896239,4.62883565411991,23.6320651949727,843.489960525907,0,0.352058111096362,"1650_SCM_data_df_2.xlsx"
"1650 3 donor 12",2001,171.72,294.287665568427,5.34005638096169,38.4660368874024,14.3819001005732,17.9134901040932,21.8727991057106,9.50487704143706,23.9089665610611,960.916860005595,0,0.0951724108772824,"1650_SCM_data_df_3.xlsx"
"1650 3 donor 12",2002,26.19,294.287665568427,5.34005638096169,38.4660368874024,12.364772529073,17.9134901040932,21.8727991057106,9.50487704143706,23.9089665610611,949.645867838319,0,0.0145152890803402,"1650_SCM_data_df_3.xlsx"
"1650 3 donor 12",2003,13.95,294.287665568427,5.34005638096169,38.4660368874024,13.332504372605,17.9134901040932,21.8727991057106,9.05470548745832,24.2677932897886,959.098628940229,0,0.00773151136581697,"1650_SCM_data_df_3.xlsx"
"1650 3 donor 12",2004,54.99,294.287665568427,5.34005638096169,38.4660368874024,14.3561835223059,17.9134901040932,21.8727991057106,8.07595861344351,24.2677932897886,893.804276805101,0,0.0304771189968656,"1650_SCM_data_df_3.xlsx"
"1650 3 donor 12",2005,98.46,294.287665568427,5.34005638096169,38.4660368874024,14.0885473837635,17.9134901040932,21.8727991057106,10.1881032285566,24.2677932897886,771.705609012073,0,0.054569506027121,"1650_SCM_data_df_3.xlsx"
"1650 3 donor 12",2006,111.69,294.287665568427,5.34005638096169,38.4660368874024,11.3154257595167,17.9134901040932,21.8727991057106,8.98404125334689,24.2677932897886,980.164156960867,0,0.0619019716450249,"1650_SCM_data_df_3.xlsx"
"1650 3 donor 12",2007,245.7,294.287665568427,5.34005638096169,38.4660368874024,14.1992119059407,17.9134901040932,21.8727991057106,7.68560386851769,24.2677932897886,865.716027112593,0,0.136174361475357,"1650_SCM_data_df_3.xlsx"
"1650 3 donor 12",2008,471.78,294.287665568427,5.34005638096169,38.4660368874024,11.2739739675146,17.9134901040932,21.8727991057106,5.55502800898277,24.2528794991541,949.851980826699,0,0.261474726320081,"1650_SCM_data_df_3.xlsx"
"1650 3 donor 12",2009,527.67,294.287665568427,5.34005638096169,38.4660368874024,11.1100784954198,17.9134901040932,21.8727991057106,5.44540119677722,24.2528794991541,952.873863278111,0,0.292450652501838,"1650_SCM_data_df_3.xlsx"
"1650 3 donor 12",2010,481.59,294.287665568427,5.34005638096169,9.45112354968052,12.1774018927974,17.9134901040932,21.8727991057106,6.42646470833759,24.2528794991541,829.668787659463,0,0.266911724635397,"1650_SCM_data_df_3.xlsx"
"1650 3 donor 12",2011,380.88,294.287665568427,5.34005638096169,9.54587039261308,17.3736958097811,17.9134901040932,21.8727991057106,7.44763503789813,24.2528794991541,939.48513214392,0,0.211095200646048,"1650_SCM_data_df_3.xlsx"
"1650 3 donor 12",2012,388.98,294.287665568427,5.34005638096169,7.8815453845095,14.2817678384301,17.9134901040932,21.8727991057106,6.44399977187857,24.2528794991541,906.685207962382,0,0.215584465310071,"1650_SCM_data_df_3.xlsx"
"1650 3 donor 12",2013,559.8,294.287665568427,5.34005638096169,7.72062749990009,11.0988970484084,17.9134901040932,21.8727991057106,6.02817065370389,18.1440544494225,899.285679635361,0,0.310258069002462,"1650_SCM_data_df_3.xlsx"
"1650 3 donor 12",2014,279.36,294.287665568427,5.34005638096169,8.81077851129395,10.9882959578658,17.9134901040932,21.8727991057106,4.76382748968736,18.1440544494225,954.44083717791,0,0.154829750190296,"1650_SCM_data_df_3.xlsx"
"1650 3 donor 12",2015,153.36,294.287665568427,5.34005638096169,8.75261582241385,8.91876540902006,17.9134901040932,21.8727991057106,4.31678584226208,18.1440544494225,916.063936165961,0,0.0849967443054975,"1650_SCM_data_df_3.xlsx"
"1650 3 donor 12",2016,170.01,294.287665568427,5.34005638096169,8.72827087116856,8.92126760253809,17.9134901040932,21.8727991057106,4.263418212083,18.1440544494225,803.76712298354,0,0.0942246772259887,"1650_SCM_data_df_3.xlsx"
"1650 3 donor 12",2017,428.22,294.287665568427,5.34005638096169,9.43002291982114,8.78621966317954,17.9134901040932,21.8727991057106,5.37604442040505,18.1440544494225,976.796461842111,0,0.237332458571336,"1650_SCM_data_df_3.xlsx"
"1650 3 donor 12",2018,79.47,294.287665568427,5.34005638096169,9.42555067293048,8.7826287964735,17.9134901040932,21.8727991057106,3.86934401711299,17.9952467552362,1006.35396731481,0,0.0440446744259121,"1650_SCM_data_df_3.xlsx"
"1650 3 donor 12",2019,137.97,294.287665568427,5.34005638096169,9.42497721505357,8.87929005224036,17.9134901040932,21.8727991057106,4.07040660897211,17.9952467552362,953.761326145936,0,0.0764671414438543,"1650_SCM_data_df_3.xlsx"
"1650 3 donor 12",2020,177.3,294.287665568427,5.34005638096169,9.45163190525246,8.76207061829234,17.9134901040932,21.8727991057106,4.36304718339409,17.9952467552362,968.5193406458,0,0.0982650154236092,"1650_SCM_data_df_3.xlsx"
"1650 3 donor 12",2021,309.42,294.287665568427,5.34005638096169,9.45162973393603,8.69414934127855,17.9134901040932,21.8727991057106,6.52455321334849,17.9952467552362,983.277355145665,0,0.171489910165669,"1650_SCM_data_df_3.xlsx"
"1650 3 donor 12",2022,128.79,294.287665568427,5.34005638096169,9.45162973393603,8.69414934127855,17.9134901040932,21.8727991057106,6.02478883559272,17.9952467552362,983.277355145665,0,0.0713793081579618,"1650_SCM_data_df_3.xlsx"
"1650 3 donor 155",2001,499.86,99.8792113752367,4.4203369821743,25.8421836198456,6.188368125537,17.797598849517,21.0901744373856,4.69879514150221,13.7881856363104,1043.43740195139,0,0.277037510488693,"1650_SCM_data_df_3.xlsx"
"1650 3 donor 155",2002,571.95,99.8792113752367,4.4203369821743,25.8421836198456,6.2364808699494,17.797598849517,21.0901744373856,4.69879514150221,13.7881856363104,1047.82600414678,0,0.316991965998496,"1650_SCM_data_df_3.xlsx"
"1650 3 donor 155",2003,88.65,99.8792113752367,4.4203369821743,25.8421836198456,6.20273360519252,17.797598849517,21.0901744373856,3.74445356414167,12.831561769427,1059.22780863377,0,0.0491325077118046,"1650_SCM_data_df_3.xlsx"
"1650 3 donor 155",2004,209.07,99.8792113752367,4.4203369821743,25.8421836198456,6.25462821230104,17.797598849517,21.0901744373856,3.71196297153527,12.831561769427,842.645016635325,0,0.115872909050276,"1650_SCM_data_df_3.xlsx"
"1650 3 donor 155",2005,108.63,99.8792113752367,4.4203369821743,25.8421836198456,6.22875052617907,17.797598849517,21.0901744373856,4.13725883348097,12.831561769427,949.77805942517,0,0.0602060272163941,"1650_SCM_data_df_3.xlsx"
"1650 3 donor 155",2006,318.24,99.8792113752367,4.4203369821743,25.8421836198456,6.15481626137557,17.797598849517,21.0901744373856,5.25775943237045,12.831561769427,1063.38639648701,0,0.176378220577605,"1650_SCM_data_df_3.xlsx"
"1650 3 donor 155",2007,183.42,99.8792113752367,4.4203369821743,25.8421836198456,6.23025148251509,17.797598849517,21.0901744373856,4.53590368369755,12.831561769427,992.692619903855,0,0.101656904280871,"1650_SCM_data_df_3.xlsx"
"1650 3 donor 155",2008,295.74,99.8792113752367,4.4203369821743,25.8421836198456,6.25487516789997,17.797598849517,21.0901744373856,4.31882751650138,11.8838775995355,1012.92121629062,0,0.16390804095532,"1650_SCM_data_df_3.xlsx"
"1650 3 donor 155",2009,179.82,99.8792113752367,4.4203369821743,25.8421836198456,6.23795144499431,17.797598849517,21.0901744373856,3.9987746593712,11.8838775995355,992.337008018821,0,0.0996616755413052,"1650_SCM_data_df_3.xlsx"
"1650 3 donor 155",2010,828.36,99.8792113752367,4.4203369821743,14.0070855940162,6.26297128216741,17.797598849517,21.0901744373856,4.4081608725914,11.8838775995355,896.734638816655,0,0.45910213297406,"1650_SCM_data_df_3.xlsx"
"1650 3 donor 155",2011,396.63,99.8792113752367,4.4203369821743,14.0070855940162,6.2509841596787,17.797598849517,21.0901744373856,3.50925573024553,11.8838775995355,1019.80797161174,0,0.219824326381648,"1650_SCM_data_df_3.xlsx"
"1650 3 donor 155",2012,196.38,99.8792113752367,4.4203369821743,10.3210822210307,6.24500060721509,17.797598849517,21.0901744373856,3.12087676974892,11.8838775995355,863.376486498306,0,0.108839727743307,"1650_SCM_data_df_3.xlsx"
"1650 3 donor 155",2013,331.92,99.8792113752367,4.4203369821743,10.2958577945548,6.02510656902382,17.797598849517,21.0901744373856,3.04564581321309,11.3622593030458,973.679474240757,0,0.183960089787955,"1650_SCM_data_df_3.xlsx"
"1650 3 donor 155",2014,290.34,99.8792113752367,4.4203369821743,11.2391478968378,6.32172310436773,17.797598849517,21.0901744373856,3.28381435203378,11.3622593030458,1045.66427705581,0,0.160915197845971,"1650_SCM_data_df_3.xlsx"
"1650 3 donor 155",2015,758.97,99.8792113752367,4.4203369821743,14.0025200203367,6.04782854221755,17.797598849517,21.0901744373856,3.44916842281708,11.3622593030458,1020.0746105809,0,0.420644099018932,"1650_SCM_data_df_3.xlsx"
"1650 3 donor 155",2016,2079.18,99.8792113752367,4.4203369821743,14.0025200203367,5.77688419398025,17.797598849517,21.0901744373856,2.59094414786742,11.3622593030458,862.892254453748,0,1.15234435853615,"1650_SCM_data_df_3.xlsx"
"1650 3 donor 155",2017,1377.36,99.8792113752367,4.4203369821743,14.0057159426709,5.84073302628453,17.797598849517,21.0901744373856,2.04923762091573,11.3622593030458,1025.93583149151,0,0.763374515757825,"1650_SCM_data_df_3.xlsx"
"1650 3 donor 155",2018,1931.85,99.8792113752367,4.4203369821743,13.9927666878692,5.80352819942409,17.797598849517,21.0901744373856,1.79008674239649,11.2952990456621,1092.32031214082,0,1.07068962236943,"1650_SCM_data_df_3.xlsx"
"1650 3 donor 155",2019,2209.41,99.8792113752367,4.4203369821743,13.4053898109974,5.94314489184467,17.797598849517,21.0901744373856,1.7593886709427,11.2952990456621,1071.84942704286,0,1.22452175818994,"1650_SCM_data_df_3.xlsx"
"1650 3 donor 155",2020,2637,99.8792113752367,4.4203369821743,13.3908526504328,6.01010336310574,17.797598849517,21.0901744373856,1.52347832064509,11.2952990456621,1041.41355237913,0,1.46150505173185,"1650_SCM_data_df_3.xlsx"
"1650 3 donor 155",2021,3090.69,99.8792113752367,4.4203369821743,13.4147839940544,5.65638787390352,17.797598849517,21.0901744373856,1.32591314215494,11.2952990456621,1010.97767771539,0,1.71295375363562,"1650_SCM_data_df_3.xlsx"
"1650 3 donor 155",2022,4191.57,99.8792113752367,4.4203369821743,13.4147839940544,5.65638787390352,17.797598849517,21.0901744373856,1.27797409123101,11.2952990456621,1010.97767771539,0,2.3230947021948,"1650_SCM_data_df_3.xlsx"
"1650 3 donor 172",2001,15.84,126.645102347905,3.10406097969138,25.3775735356887,11.2504558668198,17.641253743107,17.8295064788013,11.0859126777746,30.8288242043817,803.38810947767,0,0.00877900645408894,"1650_SCM_data_df_3.xlsx"
"1650 3 donor 172",2002,112.41,126.645102347905,3.10406097969138,25.3775735356887,11.2226180637849,17.641253743107,17.8295064788013,11.0859126777746,30.8288242043817,777.359520547945,0,0.062301017392938,"1650_SCM_data_df_3.xlsx"
"1650 3 donor 172",2003,8.82,126.645102347905,3.10406097969138,25.3775735356887,11.2119856309414,17.641253743107,17.8295064788013,7.78353291623396,22.5251005523273,797.879214834614,0,0.00488831041193589,"1650_SCM_data_df_3.xlsx"
"1650 3 donor 172",2004,27.18,126.645102347905,3.10406097969138,25.3775735356887,11.1898984452577,17.641253743107,17.8295064788013,7.70945928146936,22.5251005523273,700.871892192895,0,0.0150639769837208,"1650_SCM_data_df_3.xlsx"
"1650 3 donor 172",2005,18.36,126.645102347905,3.10406097969138,25.3775735356887,11.1877888417777,17.641253743107,17.8295064788013,8.46155941806645,22.5251005523273,696.851877157813,0,0.0101756665717849,"1650_SCM_data_df_3.xlsx"
"1650 3 donor 172",2006,59.13,126.645102347905,3.10406097969138,25.3775735356887,10.6945067718518,17.641253743107,17.8295064788013,8.45890648955485,22.5251005523273,771.856726250139,0,0.0327716320473661,"1650_SCM_data_df_3.xlsx"
"1650 3 donor 172",2007,36.63,126.645102347905,3.10406097969138,25.3775735356887,11.1785865471021,17.641253743107,17.8295064788013,7.77035481550513,22.5251005523273,742.809542265286,0,0.0203014524250807,"1650_SCM_data_df_3.xlsx"
"1650 3 donor 172",2008,13.77,126.645102347905,3.10406097969138,25.3775735356887,11.1796588614097,17.641253743107,17.8295064788013,7.47060251969168,15.8461869626104,812.680482793184,0,0.00763174992883868,"1650_SCM_data_df_3.xlsx"
"1650 3 donor 172",2009,25.38,126.645102347905,3.10406097969138,25.3775735356887,11.1252092338741,17.641253743107,17.8295064788013,7.80731742753444,15.8461869626104,772.081871589264,0,0.014066362613938,"1650_SCM_data_df_3.xlsx"
"1650 3 donor 172",2010,49.68,126.645102347905,3.10406097969138,17.5787543972217,11.2350440757328,17.641253743107,17.8295064788013,8.66727251368052,15.8461869626104,699.632758102239,0,0.0275341566060062,"1650_SCM_data_df_3.xlsx"
"1650 3 donor 172",2011,340.02,126.645102347905,3.10406097969138,17.5787543972217,9.30860357705635,17.641253743107,17.8295064788013,7.66254404936811,15.8461869626104,805.324618554405,0,0.188449354451977,"1650_SCM_data_df_3.xlsx"
"1650 3 donor 172",2012,5856.03,126.645102347905,3.10406097969138,17.5787543972217,9.77525760123087,17.641253743107,17.8295064788013,6.17727676423099,15.8461869626104,746.54908898541,0,3.24558870993298,"1650_SCM_data_df_3.xlsx"
"1650 3 donor 172",2013,7535.52,126.645102347905,3.10406097969138,14.0483113486589,8.29891367907955,17.641253743107,17.8295064788013,4.97801850804457,15.0521846064355,763.277821583695,0,4.17641279765886,"1650_SCM_data_df_3.xlsx"
"1650 3 donor 172",2014,7140.33,126.645102347905,3.10406097969138,20.7113356458444,8.09426108581638,17.641253743107,17.8295064788013,3.47458287213547,15.0521846064355,788.231154360174,0,3.95738656277304,"1650_SCM_data_df_3.xlsx"
"1650 3 donor 172",2015,3469.14,126.645102347905,3.10406097969138,10.1882115606314,6.92218123063926,17.641253743107,17.8295064788013,2.73600938917625,15.0521846064355,750.252212384453,0,1.92270217488246,"1650_SCM_data_df_3.xlsx"
"1650 3 donor 172",2016,341.19,126.645102347905,3.10406097969138,10.1878643365051,6.09129957944083,17.641253743107,17.8295064788013,2.60646951542726,15.0521846064355,697.69466588707,0,0.189097803792336,"1650_SCM_data_df_3.xlsx"
"1650 3 donor 172",2017,1085.85,126.645102347905,3.10406097969138,10.1878643365051,6.07337599887659,17.641253743107,17.8295064788013,2.87583479856509,15.0521846064355,825.511920035639,0,0.601810868571495,"1650_SCM_data_df_3.xlsx"
"1650 3 donor 172",2018,1531.62,126.645102347905,3.10406097969138,10.186720688658,6.08242230756379,17.641253743107,17.8295064788013,2.98668888890122,14.889981569662,821.32514589598,0,0.848870067248214,"1650_SCM_data_df_3.xlsx"
"1650 3 donor 172",2019,1021.77,126.645102347905,3.10406097969138,10.186720688658,6.06557083038927,17.641253743107,17.8295064788013,3.41101696778895,14.889981569662,815.052307606638,0,0.566295797007226,"1650_SCM_data_df_3.xlsx"
"1650 3 donor 172",2020,450.27,126.645102347905,3.10406097969138,10.1867229549152,6.08539886071038,17.641253743107,17.8295064788013,3.29614051682653,14.889981569662,813.653427720236,0,0.249553234601176,"1650_SCM_data_df_3.xlsx"
"1650 3 donor 172",2021,802.26,126.645102347905,3.10406097969138,10.186637356111,6.19236080113274,17.641253743107,17.8295064788013,4.23709498798046,14.889981569662,812.254547833835,0,0.444636724612209,"1650_SCM_data_df_3.xlsx"
"1650 3 donor 172",2022,590.4,126.645102347905,3.10406097969138,10.1866620867883,6.19236080113274,17.641253743107,17.8295064788013,4.39869910565266,14.889981569662,812.254547833835,0,0.32721751328877,"1650_SCM_data_df_3.xlsx"
"1650 4 donor 96",2001,193.77,246.501305488826,4.59758245893705,43.9504165214273,14.3394662399035,17.4494961857313,20.1398728170083,8.34443035394733,20.3974651209131,911.345039253473,0,0.107393186907122,"1650_SCM_data_df_4.xlsx"
"1650 4 donor 96",2002,106.11,246.501305488826,4.59758245893705,43.9504165214273,11.4206213949192,17.4494961857313,20.1398728170083,8.34443035394733,20.3974651209131,897.400015763556,0,0.0588093670986981,"1650_SCM_data_df_4.xlsx"
"1650 4 donor 96",2003,5.22,246.501305488826,4.59758245893705,43.9504165214273,14.141789085847,17.4494961857313,20.1398728170083,7.13401709402184,20.4545947228723,904.078715092605,0,0.00289308167237022,"1650_SCM_data_df_4.xlsx"
"1650 4 donor 96",2004,50.4,246.501305488826,4.59758245893705,43.9504165214273,13.3130364354605,17.4494961857313,20.1398728170083,6.73739570243292,20.4545947228723,828.110665710492,0,0.0279332023539194,"1650_SCM_data_df_4.xlsx"
"1650 4 donor 96",2005,89.46,246.501305488826,4.59758245893705,43.9504165214273,13.2071458922617,17.4494961857313,20.1398728170083,9.05076501978215,20.4545947228723,755.482607913749,0,0.0495814341782069,"1650_SCM_data_df_4.xlsx"
"1650 4 donor 96",2006,98.55,246.501305488826,4.59758245893705,43.9504165214273,10.8558294144616,17.4494961857313,20.1398728170083,9.92303354973069,20.4545947228723,912.979007273438,0,0.0546193867456102,"1650_SCM_data_df_4.xlsx"
"1650 4 donor 96",2007,191.79,246.501305488826,4.59758245893705,43.9504165214273,14.2234200826588,17.4494961857313,20.1398728170083,8.03999896371274,20.4545947228723,819.84585407388,0,0.106295811100361,"1650_SCM_data_df_4.xlsx"
"1650 4 donor 96",2008,348.48,246.501305488826,4.59758245893705,43.9504165214273,11.2967432372127,17.4494961857313,20.1398728170083,6.07601960231436,20.4509999256227,911.080761024498,0,0.193138141989957,"1650_SCM_data_df_4.xlsx"
"1650 4 donor 96",2009,240.21,246.501305488826,4.59758245893705,43.9504165214273,10.8670952046598,17.4494961857313,20.1398728170083,5.83909701746868,20.4509999256227,892.991401646515,0,0.133131637647519,"1650_SCM_data_df_4.xlsx"
"1650 4 donor 96",2010,402.03,246.501305488826,4.59758245893705,9.85573852202235,11.854716498004,17.4494961857313,20.1398728170083,6.92703897539109,20.4509999256227,785.816471139372,0,0.222817169490996,"1650_SCM_data_df_4.xlsx"
"1650 4 donor 96",2011,281.61,246.501305488826,4.59758245893705,9.85573852202235,16.157235205015,17.4494961857313,20.1398728170083,6.43449017719569,20.4509999256227,905.484386864296,0,0.156076768152524,"1650_SCM_data_df_4.xlsx"
"1650 4 donor 96",2012,212.49,246.501305488826,4.59758245893705,9.70795481410106,14.1874788340963,17.4494961857313,20.1398728170083,5.87092680215184,20.4509999256227,850.336133954699,0,0.117768376352864,"1650_SCM_data_df_4.xlsx"
"1650 4 donor 96",2013,363.69,246.501305488826,4.59758245893705,9.52993901668717,10.9938104055008,17.4494961857313,20.1398728170083,5.68274345146379,16.0457116607017,858.026935698015,0,0.201567983414622,"1650_SCM_data_df_4.xlsx"
"1650 4 donor 96",2014,186.03,246.501305488826,4.59758245893705,9.85573852202235,10.5297074506112,17.4494961857313,20.1398728170083,5.61087770422685,16.0457116607017,904.765764665657,0,0.103103445117056,"1650_SCM_data_df_4.xlsx"
"1650 4 donor 96",2015,149.04,246.501305488826,4.59758245893705,9.855700516867,8.85335801920934,17.4494961857313,20.1398728170083,5.24483712472747,16.0457116607017,858.540234810371,0,0.0826024698180187,"1650_SCM_data_df_4.xlsx"
"1650 4 donor 96",2016,160.56,246.501305488826,4.59758245893705,7.98218079188554,8.80761182688508,17.4494961857313,20.1398728170083,4.65518315308855,16.0457116607017,777.928484522853,0,0.0889872017846288,"1650_SCM_data_df_4.xlsx"
"1650 4 donor 96",2017,296.28,246.501305488826,4.59758245893705,9.85281071855171,8.55647169997735,17.4494961857313,20.1398728170083,4.71587798508457,16.0457116607017,940.821581528665,0,0.164207325266255,"1650_SCM_data_df_4.xlsx"
"1650 4 donor 96",2018,53.19,246.501305488826,4.59758245893705,9.85278754223967,8.56449582210272,17.4494961857313,20.1398728170083,3.9905966061731,15.9850967277301,945.985006305422,0,0.0294795046270828,"1650_SCM_data_df_4.xlsx"
"1650 4 donor 96",2019,79.83,246.501305488826,4.59758245893705,9.85248303919131,8.6260453091211,17.4494961857313,20.1398728170083,4.22299167084808,15.9850967277301,907.405173332504,0,0.0442441972998687,"1650_SCM_data_df_4.xlsx"
"1650 4 donor 96",2020,84.06,246.501305488826,4.59758245893705,9.85248303919131,8.58024405092295,17.4494961857313,20.1398728170083,4.74912743946573,15.9850967277301,922.613387144043,0,0.0465885910688584,"1650_SCM_data_df_4.xlsx"
"1650 4 donor 96",2021,220.05,246.501305488826,4.59758245893705,9.85248303919131,8.28070482686732,17.4494961857313,20.1398728170083,5.93323966210486,15.9850967277301,937.821600955582,0,0.121958356705952,"1650_SCM_data_df_4.xlsx"
"1650 4 donor 96",2022,347.49,246.501305488826,4.59758245893705,9.85248377241866,8.28070482686732,17.4494961857313,20.1398728170083,5.28487998161658,15.9850967277301,937.821600955582,0,0.192589454086576,"1650_SCM_data_df_4.xlsx"
"1650 4 donor 115",2001,313.56,99.5886477821958,3.92460677518688,11.7476285230772,5.00731881142837,17.6879893255717,19.1668321780285,4.59012750348006,13.5583451644343,913.578490630867,0,0.17378442321617,"1650_SCM_data_df_4.xlsx"
"1650 4 donor 115",2002,754.83,99.5886477821958,3.92460677518688,11.7476285230772,5.01807818095435,17.6879893255717,19.1668321780285,4.59012750348006,13.5583451644343,911.378172075851,0,0.418349585968432,"1650_SCM_data_df_4.xlsx"
"1650 4 donor 115",2003,23.13,99.5886477821958,3.92460677518688,11.7476285230772,4.94955360960697,17.6879893255717,19.1668321780285,3.21342960395007,12.6204528076941,929.416363869102,0,0.0128193446517094,"1650_SCM_data_df_4.xlsx"
"1650 4 donor 115",2004,140.22,99.5886477821958,3.92460677518688,11.7476285230772,4.88344946528041,17.6879893255717,19.1668321780285,3.2048302018325,12.6204528076941,773.071023620456,0,0.0777141594060828,"1650_SCM_data_df_4.xlsx"
"1650 4 donor 115",2005,52.92,99.5886477821958,3.92460677518688,11.7476285230772,4.96174933284934,17.6879893255717,19.1668321780285,3.71807742721841,12.6204528076941,827.057348885675,0,0.0293298624716153,"1650_SCM_data_df_4.xlsx"
"1650 4 donor 115",2006,294.3,99.5886477821958,3.92460677518688,11.7476285230772,4.80495559007866,17.6879893255717,19.1668321780285,5.63680717569929,12.6204528076941,923.044017745659,0,0.163109949459493,"1650_SCM_data_df_4.xlsx"
"1650 4 donor 115",2007,210.24,99.5886477821958,3.92460677518688,11.7476285230772,4.89348703274478,17.6879893255717,19.1668321780285,4.27123951707617,12.6204528076941,872.896094023697,0,0.116521358390635,"1650_SCM_data_df_4.xlsx"
"1650 4 donor 115",2008,444.51,99.5886477821958,3.92460677518688,11.7476285230772,4.88672704935139,17.6879893255717,19.1668321780285,3.50983765260655,10.2396892620936,917.777712714354,0,0.246360868617871,"1650_SCM_data_df_4.xlsx"
"1650 4 donor 115",2009,427.05,99.5886477821958,3.92460677518688,11.7476285230772,4.85219025116391,17.6879893255717,19.1668321780285,3.36575781598631,10.2396892620936,873.633926165303,0,0.236684009230978,"1650_SCM_data_df_4.xlsx"
"1650 4 donor 115",2010,1165.68,99.5886477821958,3.92460677518688,11.0771360748674,4.77552462241049,17.6879893255717,19.1668321780285,3.85940159472318,10.2396892620936,797.581996757184,0,0.646055065871364,"1650_SCM_data_df_4.xlsx"
"1650 4 donor 115",2011,847.89,99.5886477821958,3.92460677518688,11.0771360748674,4.7273547226718,17.6879893255717,19.1668321780285,3.03748084300757,10.2396892620936,906.211716693765,0,0.469926248886204,"1650_SCM_data_df_4.xlsx"
"1650 4 donor 115",2012,1850.4,99.5886477821958,3.92460677518688,9.98870448556135,4.72816730773073,17.6879893255717,19.1668321780285,2.76329279421788,10.2396892620936,789.453523193769,0,1.02554757213675,"1650_SCM_data_df_4.xlsx"
"1650 4 donor 115",2013,1599.93,99.5886477821958,3.92460677518688,9.79161113442253,4.64279743041541,17.6879893255717,19.1668321780285,2.68746652313492,9.61614799921407,859.315792783162,0,0.886729532581472,"1650_SCM_data_df_4.xlsx"
"1650 4 donor 115",2014,1361.07,99.5886477821958,3.92460677518688,10.2918731786565,4.71014525568188,17.6879893255717,19.1668321780285,2.95033457050373,9.61614799921407,911.45162724684,0,0.75434610571129,"1650_SCM_data_df_4.xlsx"
"1650 4 donor 115",2015,1587.24,99.5886477821958,3.92460677518688,10.6256753801427,4.70235621571279,17.6879893255717,19.1668321780285,2.64139106018121,9.61614799921407,884.753790771,0,0.879696351274504,"1650_SCM_data_df_4.xlsx"
"1650 4 donor 115",2016,4999.32,99.5886477821958,3.92460677518688,10.6256753801427,4.31015442817085,17.6879893255717,19.1668321780285,1.97017806151107,9.61614799921407,766.977104349505,0,2.77077415063484,"1650_SCM_data_df_4.xlsx"
"1650 4 donor 115",2017,4739.31,99.5886477821958,3.92460677518688,10.6309548652045,4.18506033939208,17.6879893255717,19.1668321780285,1.41323554192393,9.61614799921407,916.689994430621,0,2.62666875491971,"1650_SCM_data_df_4.xlsx"
"1650 4 donor 115",2018,2925,99.5886477821958,3.92460677518688,10.631082047875,4.19916664835055,17.6879893255717,19.1668321780285,1.16412610868006,8.89106601794314,931.93335272136,0,1.62112335089711,"1650_SCM_data_df_4.xlsx"
"1650 4 donor 115",2019,2790.63,99.5886477821958,3.92460677518688,10.6369883526152,3.99638465731102,17.6879893255717,19.1668321780285,0.952091815360228,8.89106601794314,907.931899742192,0,1.54665143819282,"1650_SCM_data_df_4.xlsx"
"1650 4 donor 115",2020,3312.99,99.5886477821958,3.92460677518688,10.6362731715521,3.95721325842597,17.6879893255717,19.1668321780285,0.777808261345446,8.89106601794314,888.245382804991,0,1.8361591283038,"1650_SCM_data_df_4.xlsx"
"1650 4 donor 115",2021,3753.09,99.5886477821958,3.92460677518688,10.6363779680434,3.52163842377055,17.6879893255717,19.1668321780285,0.811111065598338,8.89106601794314,868.55886586779,0,2.0800758417157,"1650_SCM_data_df_4.xlsx"
"1650 4 donor 115",2022,4238.1,99.5886477821958,3.92460677518688,10.6363779680434,3.52163842377055,17.6879893255717,19.1668321780285,0.904236737466781,8.89106601794314,868.55886586779,0,2.34888303365368,"1650_SCM_data_df_4.xlsx"
"1650 4 donor 281",2001,13.95,135.062523970723,3.05471697202107,30.8064832580979,13.1246590964973,17.7315683429598,17.798230162175,11.8561402043763,29.436711123581,807.585474636051,0,0.00773151136581697,"1650_SCM_data_df_4.xlsx"
"1650 4 donor 281",2002,40.68,135.062523970723,3.05471697202107,30.8064832580979,13.1016181918291,17.7315683429598,17.798230162175,11.8561402043763,29.436711123581,780.885722245175,0,0.0225460847570921,"1650_SCM_data_df_4.xlsx"
"1650 4 donor 281",2003,5.4,135.062523970723,3.05471697202107,30.8064832580979,13.0857732434837,17.7315683429598,17.798230162175,8.50064917463008,22.9857954838742,800.56445649714,0,0.0029928431093485,"1650_SCM_data_df_4.xlsx"
"1650 4 donor 281",2004,34.38,135.062523970723,3.05471697202107,30.8064832580979,13.0458665260199,17.7315683429598,17.798230162175,8.48649367228421,22.9857954838742,702.135368180254,0,0.0190544344628521,"1650_SCM_data_df_4.xlsx"
"1650 4 donor 281",2005,37.71,135.062523970723,3.05471697202107,30.8064832580979,13.0451607002809,17.7315683429598,17.798230162175,9.16718424556677,22.9857954838742,696.040137366624,0,0.0209000210469504,"1650_SCM_data_df_4.xlsx"
"1650 4 donor 281",2006,40.23,135.062523970723,3.05471697202107,30.8064832580979,12.5441978823063,17.7315683429598,17.798230162175,9.65955346047044,22.9857954838742,779.000909698015,0,0.0222966811646464,"1650_SCM_data_df_4.xlsx"
"1650 4 donor 281",2007,17.46,135.062523970723,3.05471697202107,30.8064832580979,13.0204641214824,17.7315683429598,17.798230162175,8.45381332003461,22.9857954838742,744.600019795385,0,0.0096768593868935,"1650_SCM_data_df_4.xlsx"
"1650 4 donor 281",2008,8.19,135.062523970723,3.05471697202107,30.8064832580979,13.0222996669214,17.7315683429598,17.798230162175,8.08208729311636,16.7227137405872,814.421316404202,0,0.0045391453825119,"1650_SCM_data_df_4.xlsx"
"1650 4 donor 281",2009,7.83,135.062523970723,3.05471697202107,30.8064832580979,12.9787857190828,17.7315683429598,17.798230162175,8.60647056547872,16.7227137405872,774.785454173406,0,0.00433962250855533,"1650_SCM_data_df_4.xlsx"
"1650 4 donor 281",2010,36.81,135.062523970723,3.05471697202107,19.5317636296628,13.1584326119499,17.7315683429598,17.798230162175,9.34387107622509,16.7227137405872,703.629041719885,0,0.020401213862059,"1650_SCM_data_df_4.xlsx"
"1650 4 donor 281",2011,387.72,135.062523970723,3.05471697202107,19.5317636296628,10.831935061057,17.7315683429598,17.798230162175,7.86399202132236,16.7227137405872,808.479068326884,0,0.214886135251223,"1650_SCM_data_df_4.xlsx"
"1650 4 donor 281",2012,3349.35,135.062523970723,3.05471697202107,19.5317636296628,11.2351592188833,17.7315683429598,17.798230162175,6.46109745087494,16.7227137405872,757.534672227909,0,1.85631093857341,"1650_SCM_data_df_4.xlsx"
"1650 4 donor 281",2013,6639.39,135.062523970723,3.05471697202107,15.8642890162887,9.72588410464251,17.7315683429598,17.798230162175,5.36204061604827,16.2796178388246,773.356483183098,0,3.67975048366247,"1650_SCM_data_df_4.xlsx"
"1650 4 donor 281",2014,5950.89,135.062523970723,3.05471697202107,22.0824288920822,9.52647814952403,17.7315683429598,17.798230162175,3.6672577809452,16.2796178388246,796.186704396522,0,3.29816298722054,"1650_SCM_data_df_4.xlsx"
"1650 4 donor 281",2015,3286.26,135.062523970723,3.05471697202107,11.1330102715415,8.31507379846665,17.7315683429598,17.798230162175,2.95216237483189,16.2796178388246,754.758559140658,0,1.82134455491252,"1650_SCM_data_df_4.xlsx"
"1650 4 donor 281",2016,158.22,135.062523970723,3.05471697202107,11.1006353180953,7.46679445927322,17.7315683429598,17.798230162175,2.84610777958535,16.2796178388246,703.675519726156,0,0.0876903031039112,"1650_SCM_data_df_4.xlsx"
"1650 4 donor 281",2017,362.34,135.062523970723,3.05471697202107,11.1006353180953,7.41963866220194,17.7315683429598,17.798230162175,3.21325101835679,16.2796178388246,831.6206297935,0,0.200819772637285,"1650_SCM_data_df_4.xlsx"
"1650 4 donor 281",2018,1205.19,135.062523970723,3.05471697202107,11.0999103912633,7.432416906027,17.7315683429598,17.798230162175,3.40922528954968,16.1566307695552,830.252977787465,0,0.667952701288097,"1650_SCM_data_df_4.xlsx"
"1650 4 donor 281",2019,574.29,135.062523970723,3.05471697202107,11.0999103912633,7.38125675190392,17.7315683429598,17.798230162175,3.69012521944832,16.1566307695552,825.036464655508,0,0.318288864679213,"1650_SCM_data_df_4.xlsx"
"1650 4 donor 281",2020,222.66,135.062523970723,3.05471697202107,11.0999085446504,7.52253894232984,17.7315683429598,17.798230162175,3.56128945754428,16.1566307695552,824.191212572961,0,0.123404897542137,"1650_SCM_data_df_4.xlsx"
"1650 4 donor 281",2021,738,135.062523970723,3.05471697202107,11.0999058099759,7.50810745821809,17.7315683429598,17.798230162175,4.50314252721215,16.1566307695552,823.345960490414,0,0.409021891610962,"1650_SCM_data_df_4.xlsx"
"1650 4 donor 281",2022,910.98,135.062523970723,3.05471697202107,11.0999226465121,7.50810745821809,17.7315683429598,17.798230162175,4.70579006447882,16.1566307695552,823.345960490414,0,0.504892632547093,"1650_SCM_data_df_4.xlsx"
"1650 5 donor 32",2001,448.29,94.0227570309512,4.12656228960153,19.8084342035955,4.91881963110298,17.5907658561467,19.2404118815574,4.55531554177553,14.9489238666305,933.71010619629,0,0.248455858794415,"1650_SCM_data_df_5.xlsx"
"1650 5 donor 32",2002,1116.81,94.0227570309512,4.12656228960153,19.8084342035955,4.94616273830358,17.5907658561467,19.2404118815574,4.55531554177553,14.9489238666305,935.567226671324,0,0.61896983573176,"1650_SCM_data_df_5.xlsx"
"1650 5 donor 32",2003,46.08,94.0227570309512,4.12656228960153,19.8084342035955,4.95589939061112,17.5907658561467,19.2404118815574,3.45539908616644,13.7937229448042,943.627066885525,0,0.0255389278664406,"1650_SCM_data_df_5.xlsx"
"1650 5 donor 32",2004,135.63,94.0227570309512,4.12656228960153,19.8084342035955,4.909704622064,17.5907658561467,19.2404118815574,3.37533414037536,13.7937229448042,774.935670688734,0,0.0751702427631366,"1650_SCM_data_df_5.xlsx"
"1650 5 donor 32",2005,58.32,94.0227570309512,4.12656228960153,19.8084342035955,4.95806914307567,17.5907658561467,19.2404118815574,3.79277044927374,13.7937229448042,835.834041551945,0,0.0323227055809638,"1650_SCM_data_df_5.xlsx"
"1650 5 donor 32",2006,235.98,94.0227570309512,4.12656228960153,19.8084342035955,4.82270440004418,17.5907658561467,19.2404118815574,5.5105642500365,13.7937229448042,943.005535841739,0,0.13078724387853,"1650_SCM_data_df_5.xlsx"
"1650 5 donor 32",2007,240.03,94.0227570309512,4.12656228960153,19.8084342035955,4.95987683950354,17.5907658561467,19.2404118815574,4.57510877083725,13.7937229448042,894.146775616465,0,0.133031876210541,"1650_SCM_data_df_5.xlsx"
"1650 5 donor 32",2008,489.42,94.0227570309512,4.12656228960153,19.8084342035955,4.95503675482518,17.5907658561467,19.2404118815574,3.98488585517314,11.167903121099,936.528434785392,0,0.271251347143953,"1650_SCM_data_df_5.xlsx"
"1650 5 donor 32",2009,436.95,94.0227570309512,4.12656228960153,19.8084342035955,4.94003216345543,17.5907658561467,19.2404118815574,3.91897779080294,11.167903121099,887.10848070963,0,0.242170888264783,"1650_SCM_data_df_5.xlsx"
"1650 5 donor 32",2010,1298.79,94.0227570309512,4.12656228960153,13.0783015778393,4.89701207898799,17.5907658561467,19.2404118815574,4.22781606546476,11.167903121099,808.966921408231,0,0.719828648516804,"1650_SCM_data_df_5.xlsx"
"1650 5 donor 32",2011,674.1,94.0227570309512,4.12656228960153,13.0783078682157,4.84265542857872,17.5907658561467,19.2404118815574,3.37860521546745,11.167903121099,917.400091758627,0,0.373606581483672,"1650_SCM_data_df_5.xlsx"
"1650 5 donor 32",2012,1395.81,94.0227570309512,4.12656228960153,8.56516404433514,4.82400547445357,17.5907658561467,19.2404118815574,2.91469540491141,11.167903121099,796.092543123466,0,0.773600063048099,"1650_SCM_data_df_5.xlsx"
"1650 5 donor 32",2013,1117.8,94.0227570309512,4.12656228960153,8.5376493047172,4.70101118313804,17.5907658561467,19.2404118815574,2.86657543206443,11.167903121099,875.037991103793,0,0.61951852363514,"1650_SCM_data_df_5.xlsx"
"1650 5 donor 32",2014,1178.91,94.0227570309512,4.12656228960153,9.86107899909027,4.80669039225906,17.5907658561467,19.2404118815574,3.20687174248366,11.167903121099,927.399184841969,0,0.653387531489268,"1650_SCM_data_df_5.xlsx"
"1650 5 donor 32",2015,1356.93,94.0227570309512,4.12656228960153,9.9441100890799,4.79992831257726,17.5907658561467,19.2404118815574,3.08010283513752,11.167903121099,898.794909361682,0,0.75205159266079,"1650_SCM_data_df_5.xlsx"
"1650 5 donor 32",2016,5559.3,94.0227570309512,4.12656228960153,9.9441100890799,4.33300751981111,17.5907658561467,19.2404118815574,2.26104919459537,11.167903121099,764.678006400641,0,3.08113198107428,"1650_SCM_data_df_5.xlsx"
"1650 5 donor 32",2017,3632.22,94.0227570309512,4.12656228960153,10.3999843781308,4.27106246083432,17.5907658561467,19.2404118815574,1.85806981635076,11.167903121099,930.361795728675,0,2.01308603678478,"1650_SCM_data_df_5.xlsx"
"1650 5 donor 32",2018,3118.41,94.0227570309512,4.12656228960153,10.3999843781308,4.25574367035386,17.5907658561467,19.2404118815574,1.6205577881498,10.9113434158081,955.808128444107,0,1.72831701493027,"1650_SCM_data_df_5.xlsx"
"1650 5 donor 32",2019,2370.69,94.0227570309512,4.12656228960153,10.3768343943105,4.1294433480366,17.5907658561467,19.2404118815574,1.45058315779892,10.9113434158081,932.753940314214,0,1.31390800572248,"1650_SCM_data_df_5.xlsx"
"1650 5 donor 32",2020,3103.02,94.0227570309512,4.12656228960153,10.374731368236,4.15026213324408,17.5907658561467,19.2404118815574,1.21172208558753,10.9113434158081,908.477039284934,0,1.71978741206863,"1650_SCM_data_df_5.xlsx"
"1650 5 donor 32",2021,3228.21,94.0227570309512,4.12656228960153,10.376075634935,3.89390337253648,17.5907658561467,19.2404118815574,1.15307922666058,10.9113434158081,884.200138255654,0,1.78917149148702,"1650_SCM_data_df_5.xlsx"
"1650 5 donor 32",2022,5188.95,94.0227570309512,4.12656228960153,10.376075634935,3.89390337253648,17.5907658561467,19.2404118815574,1.08740958104306,10.9113434158081,884.200138255654,0,2.87587282449147,"1650_SCM_data_df_5.xlsx"
"1650 5 donor 51",2001,98.91,325.540347379335,5.6445362188361,34.7239686790216,12.8014085503807,18.227578233407,23.0146085276911,10.9990949886879,23.2264498469142,1015.03449648202,0,0.0548189096195668,"1650_SCM_data_df_5.xlsx"
"1650 5 donor 51",2002,28.62,325.540347379335,5.6445362188361,34.7239686790216,12.2525218050137,18.227578233407,23.0146085276911,10.9990949886879,23.2264498469142,999.228449759215,0,0.0158620684795471,"1650_SCM_data_df_5.xlsx"
"1650 5 donor 51",2003,20.43,325.540347379335,5.6445362188361,34.7239686790216,11.0854842939958,18.227578233407,23.0146085276911,10.5251117459775,23.6117112656277,1015.69816785487,0,0.0113229230970352,"1650_SCM_data_df_5.xlsx"
"1650 5 donor 51",2004,58.14,325.540347379335,5.6445362188361,34.7239686790216,13.0133315523278,18.227578233407,23.0146085276911,9.4692104363667,23.6117112656277,948.777942877569,0,0.0322229441439856,"1650_SCM_data_df_5.xlsx"
"1650 5 donor 51",2005,136.89,325.540347379335,5.6445362188361,34.7239686790216,12.5304434537224,18.227578233407,23.0146085276911,10.0171605691373,23.6117112656277,801.381996820611,0,0.0758685728219846,"1650_SCM_data_df_5.xlsx"
"1650 5 donor 51",2006,142.74,325.540347379335,5.6445362188361,34.7239686790216,10.3678600069716,18.227578233407,23.0146085276911,7.61561461231214,23.6117112656277,1046.68391166982,0,0.0791108195237788,"1650_SCM_data_df_5.xlsx"
"1650 5 donor 51",2007,268.56,325.540347379335,5.6445362188361,34.7239686790216,12.5389368146385,18.227578233407,23.0146085276911,6.95130042728591,23.6117112656277,914.761357101783,0,0.148844063971599,"1650_SCM_data_df_5.xlsx"
"1650 5 donor 51",2008,561.15,325.540347379335,5.6445362188361,34.7239686790216,10.7448191605924,18.227578233407,23.0146085276911,4.9596440116696,23.5823635787887,992.070907924272,0,0.311006279779799,"1650_SCM_data_df_5.xlsx"
"1650 5 donor 51",2009,645.48,325.540347379335,5.6445362188361,34.7239686790216,10.3503309789499,18.227578233407,23.0146085276911,5.36282717234198,23.5823635787887,1006.82731887807,0,0.357744513004124,"1650_SCM_data_df_5.xlsx"
"1650 5 donor 51",2010,528.21,325.540347379335,5.6445362188361,10.6718836381358,11.8129900605238,18.227578233407,23.0146085276911,5.65249262490536,23.5823635787887,878.417289815076,0,0.292749936812773,"1650_SCM_data_df_5.xlsx"
"1650 5 donor 51",2011,494.73,325.540347379335,5.6445362188361,11.3030211739095,15.9843474476078,18.227578233407,23.0146085276911,7.53110735822079,23.5823635787887,984.302767977869,0,0.274194309534812,"1650_SCM_data_df_5.xlsx"
"1650 5 donor 51",2012,564.84,325.540347379335,5.6445362188361,8.34176490782658,12.648717325783,18.227578233407,23.0146085276911,6.29426794123459,23.5823635787887,967.08110994425,0,0.313051389237853,"1650_SCM_data_df_5.xlsx"
"1650 5 donor 51",2013,461.34,325.540347379335,5.6445362188361,8.07587857209464,10.2605976385488,18.227578233407,23.0146085276911,6.06399228853844,17.109435106716,947.964075901252,0,0.25568856297534,"1650_SCM_data_df_5.xlsx"
"1650 5 donor 51",2014,402.84,325.540347379335,5.6445362188361,8.88199449546071,10.2543419369628,18.227578233407,23.0146085276911,4.68085102608564,17.109435106716,1007.11346389107,0,0.223266095957398,"1650_SCM_data_df_5.xlsx"
"1650 5 donor 51",2015,218.88,325.540347379335,5.6445362188361,8.59434343895773,8.00469092597485,18.227578233407,23.0146085276911,4.77995379062213,17.109435106716,978.746742902436,0,0.121309907365593,"1650_SCM_data_df_5.xlsx"
"1650 5 donor 51",2016,276.84,325.540347379335,5.6445362188361,8.59577829589632,7.58308724225745,18.227578233407,23.0146085276911,4.87671338929088,17.109435106716,847.410696801295,0,0.1534330900726,"1650_SCM_data_df_5.xlsx"
"1650 5 donor 51",2017,607.95,325.540347379335,5.6445362188361,10.4861428366056,7.89482475893704,18.227578233407,23.0146085276911,6.0168099116121,17.109435106716,1016.26639316964,0,0.336944253394152,"1650_SCM_data_df_5.xlsx"
"1650 5 donor 51",2018,186.66,325.540347379335,5.6445362188361,10.4695166257402,7.56205474510492,18.227578233407,23.0146085276911,3.92218556408623,16.8007437583398,1067.51807722452,0,0.10345261014648,"1650_SCM_data_df_5.xlsx"
"1650 5 donor 51",2019,464.58,325.540347379335,5.6445362188361,10.4634513433585,7.96858455853784,18.227578233407,23.0146085276911,3.9046798269764,16.8007437583398,1007.84815031494,0,0.25748426884095,"1650_SCM_data_df_5.xlsx"
"1650 5 donor 51",2020,495.45,325.540347379335,5.6445362188361,10.6748511054594,7.86200806281514,18.227578233407,23.0146085276911,3.6716520650487,16.8007437583398,1020.40422728857,0,0.274593355282725,"1650_SCM_data_df_5.xlsx"
"1650 5 donor 51",2021,701.37,325.540347379335,5.6445362188361,10.7057932620043,7.61531641914649,18.227578233407,23.0146085276911,5.7871589888788,16.8007437583398,1032.9603042622,0,0.388720439185882,"1650_SCM_data_df_5.xlsx"
"1650 5 donor 51",2022,362.97,325.540347379335,5.6445362188361,10.7043961486542,7.61531641914649,18.227578233407,23.0146085276911,4.95355164564466,16.8007437583398,1032.9603042622,0,0.201168937666709,"1650_SCM_data_df_5.xlsx"
"1650 5 donor 63",2001,26.64,130.753723966095,3.15039082147886,24.8538351713799,13.650399865456,17.6952335623814,17.914427916477,10.5422980171966,32.2927107875542,806.382786853751,0,0.014764692672786,"1650_SCM_data_df_5.xlsx"
"1650 5 donor 63",2002,84.15,130.753723966095,3.15039082147886,24.8538351713799,13.6471887540303,17.6952335623814,17.914427916477,10.5422980171966,32.2927107875542,781.818859573653,0,0.0466384717873475,"1650_SCM_data_df_5.xlsx"
"1650 5 donor 63",2003,15.48,130.753723966095,3.15039082147886,24.8538351713799,13.4338914955865,17.6952335623814,17.914427916477,7.6063570911186,24.8358090440881,799.721028396223,0,0.00857948358013238,"1650_SCM_data_df_5.xlsx"
"1650 5 donor 63",2004,39.96,130.753723966095,3.15039082147886,24.8538351713799,13.553109272047,17.6952335623814,17.914427916477,7.52045916694835,24.8358090440881,705.868207846564,0,0.0221470390091789,"1650_SCM_data_df_5.xlsx"
"1650 5 donor 63",2005,40.95,130.753723966095,3.15039082147886,24.8538351713799,13.6143270890261,17.6952335623814,17.914427916477,8.26535779492141,24.8358090440881,697.262940013933,0,0.0226957269125595,"1650_SCM_data_df_5.xlsx"
"1650 5 donor 63",2006,54.54,130.753723966095,3.15039082147886,24.8538351713799,12.8177955447284,17.6952335623814,17.914427916477,7.97772849529956,24.8358090440881,774.247507054089,0,0.0302277154044199,"1650_SCM_data_df_5.xlsx"
"1650 5 donor 63",2007,19.98,130.753723966095,3.15039082147886,24.8538351713799,13.6093826084109,17.6952335623814,17.914427916477,7.91768357736086,24.8358090440881,743.857209760509,0,0.0110735195045895,"1650_SCM_data_df_5.xlsx"
"1650 5 donor 63",2008,14.4,130.753723966095,3.15039082147886,24.8538351713799,13.6082037142805,17.6952335623814,17.914427916477,7.80395013323964,19.1173609520432,819.226648000548,0,0.00798091495826268,"1650_SCM_data_df_5.xlsx"
"1650 5 donor 63",2009,13.95,130.753723966095,3.15039082147886,24.8538351713799,13.5700057541985,17.6952335623814,17.914427916477,8.28599788415117,19.1173609520432,770.916410647929,0,0.00773151136581697,"1650_SCM_data_df_5.xlsx"
"1650 5 donor 63",2010,64.8,130.753723966095,3.15039082147886,19.6176643043759,13.2732682609909,17.6952335623814,17.914427916477,8.80173309277486,19.1173609520432,703.623594263621,0,0.035914117312182,"1650_SCM_data_df_5.xlsx"
"1650 5 donor 63",2011,361.44,130.753723966095,3.15039082147886,19.6176643043759,11.4309937301605,17.6952335623814,17.914427916477,7.26144279187696,19.1173609520432,809.637638401864,0,0.200320965452393,"1650_SCM_data_df_5.xlsx"
"1650 5 donor 63",2012,6896.25,130.753723966095,3.15039082147886,19.6168819281977,11.8503120599498,17.6952335623814,17.914427916477,6.21019822706077,19.1173609520432,752.103513429081,0,3.82211005423048,"1650_SCM_data_df_5.xlsx"
"1650 5 donor 63",2013,7674.12,130.753723966095,3.15039082147886,16.2571319086322,10.2573229416959,17.6952335623814,17.914427916477,5.25710341516429,18.3020802784795,764.639584645447,0,4.25322910413214,"1650_SCM_data_df_5.xlsx"
"1650 5 donor 63",2014,4995.18,130.753723966095,3.15039082147886,20.3410365583376,10.0785337567251,17.6952335623814,17.914427916477,3.62801347493757,18.3020802784795,790.770247476427,0,2.76847963758434,"1650_SCM_data_df_5.xlsx"
"1650 5 donor 63",2015,3133.17,130.753723966095,3.15039082147886,11.9113471063325,8.8051215519629,17.6952335623814,17.914427916477,2.90828712101911,18.3020802784795,756.017912680208,0,1.73649745276249,"1650_SCM_data_df_5.xlsx"
"1650 5 donor 63",2016,450.99,130.753723966095,3.15039082147886,11.9124495257379,7.98249505700636,17.6952335623814,17.914427916477,2.79963607122618,18.3020802784795,699.891783288144,0,0.249952280349089,"1650_SCM_data_df_5.xlsx"
"1650 5 donor 63",2017,1081.62,130.753723966095,3.15039082147886,11.9124495257379,7.97371066766354,17.6952335623814,17.914427916477,3.18240653382111,18.3020802784795,833.529226787217,0,0.599466474802505,"1650_SCM_data_df_5.xlsx"
"1650 5 donor 63",2018,1365.75,130.753723966095,3.15039082147886,11.911275544906,7.9756546853674,17.6952335623814,17.914427916477,3.19580991329571,18.270714751163,827.945636042983,0,0.756939903072726,"1650_SCM_data_df_5.xlsx"
"1650 5 donor 63",2019,879.48,130.753723966095,3.15039082147886,11.911275544906,8.01466717564709,17.6952335623814,17.914427916477,3.4199777813671,18.270714751163,818.835363385116,0,0.487434381075893,"1650_SCM_data_df_5.xlsx"
"1650 5 donor 63",2020,379.44,130.753723966095,3.15039082147886,11.911275544906,7.98427900175451,17.6952335623814,17.914427916477,3.30965973021262,18.270714751163,818.241519918787,0,0.210297109150222,"1650_SCM_data_df_5.xlsx"
"1650 5 donor 63",2021,587.34,130.753723966095,3.15039082147886,11.9112621854187,8.24448018334396,17.6952335623814,17.914427916477,4.29824384047654,18.270714751163,817.647676452457,0,0.325521568860139,"1650_SCM_data_df_5.xlsx"
"1650 5 donor 63",2022,433.98,130.753723966095,3.15039082147886,11.9112774231936,8.24448018334396,17.6952335623814,17.914427916477,4.58808076026245,18.270714751163,817.647676452457,0,0.240524824554641,"1650_SCM_data_df_5.xlsx"
"1650 5 donor 350",2001,861.66,190.099087348259,7.59782572087166,19.1767909925941,4.52247671969331,17.4101100377153,23.4919683846241,1.96383528032001,11.0693755309648,1215.89245969299,0,0.477557998815043,"1650_SCM_data_df_5.xlsx"
"1650 5 donor 350",2002,755.01,190.099087348259,7.59782572087166,19.1767909925941,4.6230281849148,17.4101100377153,23.4919683846241,1.96383528032001,11.0693755309648,1193.23696296185,0,0.41844934740541,"1650_SCM_data_df_5.xlsx"
"1650 5 donor 350",2003,631.71,190.099087348259,7.59782572087166,19.1767909925941,4.37938917217497,17.4101100377153,23.4919683846241,1.4535534000898,9.60540081746244,1241.88957992216,0,0.350112763075286,"1650_SCM_data_df_5.xlsx"
"1650 5 donor 350",2004,1279.35,190.099087348259,7.59782572087166,19.1767909925941,4.68276193127166,17.4101100377153,23.4919683846241,1.23894986604117,9.60540081746244,1000.6246722899,0,0.70905441332315,"1650_SCM_data_df_5.xlsx"
"1650 5 donor 350",2005,1105.47,190.099087348259,7.59782572087166,19.1767909925941,4.74201406970077,17.4101100377153,23.4919683846241,1.22461244410057,9.60540081746244,1086.16870038261,0,0.612684865202128,"1650_SCM_data_df_5.xlsx"
"1650 5 donor 350",2006,2042.64,190.099087348259,7.59782572087166,19.1767909925941,4.99558998775027,17.4101100377153,23.4919683846241,1.19132047768935,9.60540081746244,1225.06991558445,0,1.13209278682956,"1650_SCM_data_df_5.xlsx"
"1650 5 donor 350",2007,2339.55,190.099087348259,7.59782572087166,19.1767909925941,5.00805072063576,17.4101100377153,23.4919683846241,0.940925023020271,9.60540081746244,1100.85802813628,0,1.29664927712524,"1650_SCM_data_df_5.xlsx"
"1650 5 donor 350",2008,2036.34,190.099087348259,7.59782572087166,19.1767909925941,4.72755001989817,17.4101100377153,23.4919683846241,0.846352137707564,10.3100773114766,1140.28990661275,0,1.12860113653532,"1650_SCM_data_df_5.xlsx"
"1650 5 donor 350",2009,1837.08,190.099087348259,7.59782572087166,19.1767909925941,4.23756978042075,17.4101100377153,23.4919683846241,0.796420962627513,10.3100773114766,1179.77492538014,0,1.01816522580036,"1650_SCM_data_df_5.xlsx"
"1650 5 donor 350",2010,3879.45,190.099087348259,7.59782572087166,17.1281309283094,5.00702605356244,17.4101100377153,23.4919683846241,0.755769166213847,10.3100773114766,1048.55621865701,0,2.15010837047445,"1650_SCM_data_df_5.xlsx"
"1650 5 donor 350",2011,7250.04,190.099087348259,7.59782572087166,16.5725814057268,5.00419638025324,17.4101100377153,23.4919683846241,0.69800515520852,10.3100773114766,1156.2672326771,0,4.0181911586113,"1650_SCM_data_df_5.xlsx"
"1650 5 donor 350",2012,6344.82,190.099087348259,7.59782572087166,16.713362048496,5.32066953881198,17.4101100377153,23.4919683846241,0.580140435584038,10.3100773114766,989.210806486663,0,3.51649089204751,"1650_SCM_data_df_5.xlsx"
"1650 5 donor 350",2013,9006.21,190.099087348259,7.59782572087166,15.3696335999929,4.76216608729775,17.4101100377153,23.4919683846241,0.563998706757553,8.84185355056106,1104.16518879398,0,4.99151361848992,"1650_SCM_data_df_5.xlsx"
"1650 5 donor 350",2014,4649.49,190.099087348259,7.59782572087166,15.2466705750711,4.76092265466597,17.4101100377153,23.4919683846241,0.542145765075016,8.84185355056106,1217.78999348071,0,2.57688779786755,"1650_SCM_data_df_5.xlsx"
"1650 5 donor 350",2015,2816.46,190.099087348259,7.59782572087166,11.0661580492132,4.27905046809271,17.4101100377153,23.4919683846241,0.601265329502079,8.84185355056106,1179.74894934452,0,1.5609672043992,"1650_SCM_data_df_5.xlsx"
"1650 5 donor 350",2016,4998.6,190.099087348259,7.59782572087166,10.0490212008505,3.9644864867265,17.4101100377153,23.4919683846241,0.52589888675692,8.84185355056106,1031.84357956352,0,2.77037510488693,"1650_SCM_data_df_5.xlsx"
"1650 5 donor 350",2017,2988.9,190.099087348259,7.59782572087166,10.2685324723188,4.06726950451053,17.4101100377153,23.4919683846241,0.477138636145405,8.84185355056106,1186.00355739682,0,1.6565386610244,"1650_SCM_data_df_5.xlsx"
"1650 5 donor 350",2018,5230.62,190.099087348259,7.59782572087166,10.953388318524,4.0741823710518,17.4101100377153,23.4919683846241,0.534359179495946,6.03016543679125,1294.12927685072,0,2.89896759715194,"1650_SCM_data_df_5.xlsx"
"1650 5 donor 350",2019,5946.21,190.099087348259,7.59782572087166,10.9532736134693,4.05697865594922,17.4101100377153,23.4919683846241,0.460506584713208,6.03016543679125,1239.91099580855,0,3.2955691898591,"1650_SCM_data_df_5.xlsx"
"1650 5 donor 350",2020,6646.95,190.099087348259,7.59782572087166,10.9532415654783,3.76721930672214,17.4101100377153,23.4919683846241,0.444364125454508,6.03016543679125,1201.01505497262,0,3.68394046401556,"1650_SCM_data_df_5.xlsx"
"1650 5 donor 350",2021,4763.07,190.099087348259,7.59782572087166,10.9533791764654,3.87562573175043,17.4101100377153,23.4919683846241,0.382253898459931,6.03016543679125,1162.11911413669,0,2.63983726460085,"1650_SCM_data_df_5.xlsx"
"1650 5 donor 350",2022,3645.63,190.099087348259,7.59782572087166,10.9533804957947,3.87562573175043,17.4101100377153,23.4919683846241,0.374802519658118,6.03016543679125,1162.11911413669,0,2.02051826383966,"1650_SCM_data_df_5.xlsx"
"1650 6 donor 36",2001,300.6,111.149028331901,4.59824733965201,13.9207314419497,6.1770768509206,17.7500444034946,21.5865064995615,4.37664805866198,13.4816478183259,1032.9653727136,0,0.166601599753733,"1650_SCM_data_df_6.xlsx"
"1650 6 donor 36",2002,343.35,111.149028331901,4.59824733965201,13.9207314419497,6.53719889778447,17.7500444034946,21.5865064995615,4.37664805866198,13.4816478183259,1024.55589919804,0,0.190294941036076,"1650_SCM_data_df_6.xlsx"
"1650 6 donor 36",2003,63.09,111.149028331901,4.59824733965201,13.9207314419497,6.03947664965998,17.7500444034946,21.5865064995615,2.99720354576154,10.5487175224406,1054.3391713965,0,0.0349663836608884,"1650_SCM_data_df_6.xlsx"
"1650 6 donor 36",2004,259.11,111.149028331901,4.59824733965201,13.9207314419497,6.02124503064978,17.7500444034946,21.5865064995615,2.9568669970316,10.5487175224406,860.105575859156,0,0.143606588530239,"1650_SCM_data_df_6.xlsx"
"1650 6 donor 36",2005,106.92,111.149028331901,4.59824733965201,13.9207314419497,5.97643441490106,17.7500444034946,21.5865064995615,3.11799605748971,10.5487175224406,935.505564879527,0,0.0592582935651004,"1650_SCM_data_df_6.xlsx"
"1650 6 donor 36",2006,526.86,111.149028331901,4.59824733965201,13.9207314419497,5.9223110081681,17.7500444034946,21.5865064995615,3.65927389040232,10.5487175224406,1045.41915071446,0,0.292001726035436,"1650_SCM_data_df_6.xlsx"
"1650 6 donor 36",2007,273.51,111.149028331901,4.59824733965201,13.9207314419497,5.83713766759693,17.7500444034946,21.5865064995615,2.69381040261006,10.5487175224406,968.083090586424,0,0.151587503488502,"1650_SCM_data_df_6.xlsx"
"1650 6 donor 36",2008,320.49,111.149028331901,4.59824733965201,13.9207314419497,5.94289084636032,17.7500444034946,21.5865064995615,2.55681090159876,10.3621786446157,1006.51283104143,0,0.177625238539834,"1650_SCM_data_df_6.xlsx"
"1650 6 donor 36",2009,316.53,111.149028331901,4.59824733965201,13.9207314419497,5.92901011576094,17.7500444034946,21.5865064995615,2.24444544704725,10.3621786446157,993.995568375082,0,0.175430486926311,"1650_SCM_data_df_6.xlsx"
"1650 6 donor 36",2010,849.6,111.149028331901,4.59824733965201,10.6742694583392,6.22393136768418,17.7500444034946,21.5865064995615,2.80328886672395,10.3621786446157,898.695352255642,0,0.470873982537498,"1650_SCM_data_df_6.xlsx"
"1650 6 donor 36",2011,1041.48,111.149028331901,4.59824733965201,10.7844826514006,6.22325643800884,17.7500444034946,21.5865064995615,2.29457909720233,10.3621786446157,1016.65216926107,0,0.577219674356348,"1650_SCM_data_df_6.xlsx"
"1650 6 donor 36",2012,3066.12,111.149028331901,4.59824733965201,10.8274994077631,5.92168624711652,17.7500444034946,21.5865064995615,1.80340625228958,10.3621786446157,865.113799377522,0,1.69933631748808,"1650_SCM_data_df_6.xlsx"
"1650 6 donor 36",2013,2529.45,111.149028331901,4.59824733965201,10.5974386149539,5.7390046973764,17.7500444034946,21.5865064995615,1.62490053195859,7.8753108644105,957.054481929547,0,1.40189759313733,"1650_SCM_data_df_6.xlsx"
"1650 6 donor 36",2014,1693.89,111.149028331901,4.59824733965201,10.7648721012586,6.000972002793,17.7500444034946,21.5865064995615,1.67513025325758,7.8753108644105,1040.81198617015,0,0.938805002684136,"1650_SCM_data_df_6.xlsx"
"1650 6 donor 36",2015,1613.43,111.149028331901,4.59824733965201,13.7100978756069,5.81727598904112,17.7500444034946,21.5865064995615,1.689343537347,7.8753108644105,1010.63996394648,0,0.894211640354844,"1650_SCM_data_df_6.xlsx"
"1650 6 donor 36",2016,2573.82,111.149028331901,4.59824733965201,13.7100978756069,5.81517837319692,17.7500444034946,21.5865064995615,1.29800153082407,7.8753108644105,882.48258328273,0,1.42648878735248,"1650_SCM_data_df_6.xlsx"
"1650 6 donor 36",2017,2705.13,111.149028331901,4.59824733965201,13.7100978756069,5.72828383631838,17.7500444034946,21.5865064995615,1.04257364384973,7.8753108644105,1028.44918728335,0,1.49926475562813,"1650_SCM_data_df_6.xlsx"
"1650 6 donor 36",2018,5458.77,111.149028331901,4.59824733965201,13.7102571212737,5.67332090135454,17.7500444034946,21.5865064995615,0.87856799623011,7.83479047525482,1083.38810357152,0,3.02541521852191,"1650_SCM_data_df_6.xlsx"
"1650 6 donor 36",2019,5950.8,111.149028331901,4.59824733965201,13.6733403280559,5.69344507960507,17.7500444034946,21.5865064995615,0.691639647455324,7.83479047525482,1050.10461626195,0,3.29811310650205,"1650_SCM_data_df_6.xlsx"
"1650 6 donor 36",2020,6166.53,111.149028331901,4.59824733965201,13.6733403280559,5.42508181638548,17.7500444034946,21.5865064995615,0.528471075306775,7.83479047525482,1024.04513327926,0,3.41767718872052,"1650_SCM_data_df_6.xlsx"
"1650 6 donor 36",2021,5716.44,111.149028331901,4.59824733965201,13.6778593756591,4.95506888486294,17.7500444034946,21.5865064995615,0.448445765090107,7.83479047525482,997.985650296562,0,3.16822371555633,"1650_SCM_data_df_6.xlsx"
"1650 6 donor 36",2022,4566.15,111.149028331901,4.59824733965201,13.6778594677972,4.95506888486294,17.7500444034946,21.5865064995615,0.444862317971808,7.83479047525482,997.985650296562,0,2.53069825254661,"1650_SCM_data_df_6.xlsx"
"1650 6 donor 59",2001,260.55,108.137522354161,4.70810600451357,18.6905461769528,6.79709415611447,17.7731320071068,22.1307968848607,4.7601338291304,13.2665875284041,1080.17496736603,0,0.144404680026065,"1650_SCM_data_df_6.xlsx"
"1650 6 donor 59",2002,240.48,108.137522354161,4.70810600451357,18.6905461769528,6.83662770317448,17.7731320071068,22.1307968848607,4.7601338291304,13.2665875284041,1075.69864029805,0,0.133281279802987,"1650_SCM_data_df_6.xlsx"
"1650 6 donor 59",2003,49.41,108.137522354161,4.70810600451357,18.6905461769528,6.77182546992304,17.7731320071068,22.1307968848607,3.46187236509521,12.101067340557,1101.24202862825,0,0.0273845144505388,"1650_SCM_data_df_6.xlsx"
"1650 6 donor 59",2004,260.37,108.137522354161,4.70810600451357,18.6905461769528,6.75464445866576,17.7731320071068,22.1307968848607,3.43529736445691,12.101067340557,882.619100254909,0,0.144304918589087,"1650_SCM_data_df_6.xlsx"
"1650 6 donor 59",2005,71.46,108.137522354161,4.70810600451357,18.6905461769528,6.70397993981167,17.7731320071068,22.1307968848607,3.6528281385464,12.101067340557,985.611588559904,0,0.0396052904803785,"1650_SCM_data_df_6.xlsx"
"1650 6 donor 59",2006,449.82,108.137522354161,4.70810600451357,18.6905461769528,6.71691884620892,17.7731320071068,22.1307968848607,4.5690709838273,12.101067340557,1097.06238998291,0,0.24930383100873,"1650_SCM_data_df_6.xlsx"
"1650 6 donor 59",2007,144.09,108.137522354161,4.70810600451357,18.6905461769528,6.69667660536455,17.7731320071068,22.1307968848607,3.60565403473873,12.101067340557,1014.31621277907,0,0.0798590303011159,"1650_SCM_data_df_6.xlsx"
"1650 6 donor 59",2008,186.12,108.137522354161,4.70810600451357,18.6905461769528,6.76091596667107,17.7731320071068,22.1307968848607,3.40753070970506,12.0419324524138,1044.07570071991,0,0.103153325835545,"1650_SCM_data_df_6.xlsx"
"1650 6 donor 59",2009,154.89,108.137522354161,4.70810600451357,18.6905461769528,6.75200064162409,17.7731320071068,22.1307968848607,3.0778391077651,12.0419324524138,1037.25926384493,0,0.0858447165198129,"1650_SCM_data_df_6.xlsx"
"1650 6 donor 59",2010,506.25,108.137522354161,4.70810600451357,12.1445457706649,6.79241735093618,17.7731320071068,22.1307968848607,3.77024592019218,12.0419324524138,934.520247065744,0,0.280579041501422,"1650_SCM_data_df_6.xlsx"
"1650 6 donor 59",2011,546.84,108.137522354161,4.70810600451357,12.1659008935004,6.77754103396944,17.7731320071068,22.1307968848607,3.00482735871782,12.0419324524138,1059.5963511583,0,0.303075245540025,"1650_SCM_data_df_6.xlsx"
"1650 6 donor 59",2012,1242.63,108.137522354161,4.70810600451357,11.6695966887535,6.77024208931896,17.7731320071068,22.1307968848607,2.54885618517848,12.0419324524138,894.148543656685,0,0.68870308017958,"1650_SCM_data_df_6.xlsx"
"1650 6 donor 59",2013,1627.38,108.137522354161,4.70810600451357,11.5730187469681,6.58032497538406,17.7731320071068,22.1307968848607,2.40741969375216,10.0927758228718,1003.07882069526,0,0.901943151720661,"1650_SCM_data_df_6.xlsx"
"1650 6 donor 59",2014,769.5,108.137522354161,4.70810600451357,11.6795214633248,7.29170028273643,17.7731320071068,22.1307968848607,2.73395539436015,10.0927758228718,1094.61034426735,0,0.426480143082162,"1650_SCM_data_df_6.xlsx"
"1650 6 donor 59",2015,850.77,108.137522354161,4.70810600451357,16.4957387374436,6.92064976483034,17.7731320071068,22.1307968848607,2.79022450682086,10.0927758228718,1065.45707498809,0,0.471522431877857,"1650_SCM_data_df_6.xlsx"
"1650 6 donor 59",2016,1720.44,108.137522354161,4.70810600451357,16.4957387374436,6.90826183702082,17.7731320071068,22.1307968848607,2.05214429215431,10.0927758228718,914.109280371999,0,0.953519814638433,"1650_SCM_data_df_6.xlsx"
"1650 6 donor 59",2017,1742.49,108.137522354161,4.70810600451357,16.4957387374436,6.84127676088624,17.7731320071068,22.1307968848607,1.55624220310178,10.0927758228718,1071.26076024538,0,0.965740590668273,"1650_SCM_data_df_6.xlsx"
"1650 6 donor 59",2018,3924.72,108.137522354161,4.70810600451357,16.4666006012173,6.76153767820887,17.7731320071068,22.1307968848607,1.34473879572265,10.0383988365291,1141.54598336088,0,2.17519837187449,"1650_SCM_data_df_6.xlsx"
"1650 6 donor 59",2019,4770,108.137522354161,4.70810600451357,16.3028842146044,7.11551922041564,17.7731320071068,22.1307968848607,1.26373894946822,10.0383988365291,1110.39097061542,0,2.64367807992451,"1650_SCM_data_df_6.xlsx"
"1650 6 donor 59",2020,5053.77,108.137522354161,4.70810600451357,16.2839221053929,6.9447367864846,17.7731320071068,22.1307968848607,1.05654483986595,10.0383988365291,1079.40635227878,0,2.80095198532078,"1650_SCM_data_df_6.xlsx"
"1650 6 donor 59",2021,5109.39,108.137522354161,4.70810600451357,16.298825876211,6.36643668513464,17.7731320071068,22.1307968848607,0.885964823348012,10.0383988365291,1048.42173394213,0,2.83177826934706,"1650_SCM_data_df_6.xlsx"
"1650 6 donor 59",2022,4237.56,108.137522354161,4.70810600451357,16.298825876211,6.36643668513464,17.7731320071068,22.1307968848607,0.880985897035985,10.0383988365291,1048.42173394213,0,2.34858374934275,"1650_SCM_data_df_6.xlsx"
"1650 6 donor 123",2001,334.44,97.4148890880885,3.98542429599452,12.7727651048619,4.72286373639792,17.6801064361808,19.0856856214022,4.71744199749675,13.8785914722852,910.228841807688,0,0.185356749905651,"1650_SCM_data_df_6.xlsx"
"1650 6 donor 123",2002,756.09,97.4148890880885,3.98542429599452,12.7727651048619,4.73704521398381,17.6801064361808,19.0856856214022,4.71744199749675,13.8785914722852,909.409109841957,0,0.41904791602728,"1650_SCM_data_df_6.xlsx"
"1650 6 donor 123",2003,19.17,97.4148890880885,3.98542429599452,12.7727651048619,4.73201498289073,17.6801064361808,19.0856856214022,3.42795453291557,13.4625711887126,924.62089441309,0,0.0106245930381872,"1650_SCM_data_df_6.xlsx"
"1650 6 donor 123",2004,120.6,97.4148890880885,3.98542429599452,12.7727651048619,4.66596797611085,17.6801064361808,19.0856856214022,3.39998958013604,13.4625711887126,766.613293148027,0,0.0668401627754499,"1650_SCM_data_df_6.xlsx"
"1650 6 donor 123",2005,29.07,97.4148890880885,3.98542429599452,12.7727651048619,4.73773477441575,17.6801064361808,19.0856856214022,3.86389166294324,13.4625711887126,821.037954119593,0,0.0161114720719928,"1650_SCM_data_df_6.xlsx"
"1650 6 donor 123",2006,252.99,97.4148890880885,3.98542429599452,12.7727651048619,4.6386197385182,17.6801064361808,19.0856856214022,5.83442486547091,13.4625711887126,919.119524714637,0,0.140214699672977,"1650_SCM_data_df_6.xlsx"
"1650 6 donor 123",2007,182.79,97.4148890880885,3.98542429599452,12.7727651048619,4.72567892909575,17.6801064361808,19.0856856214022,4.64176994097094,13.4625711887126,871.955511745164,0,0.101307739251447,"1650_SCM_data_df_6.xlsx"
"1650 6 donor 123",2008,429.3,97.4148890880885,3.98542429599452,12.7727651048619,4.7229562491154,17.6801064361808,19.0856856214022,3.77774283755769,10.4937048402719,918.126068392861,0,0.237931027193206,"1650_SCM_data_df_6.xlsx"
"1650 6 donor 123",2009,414.27,97.4148890880885,3.98542429599452,12.7727651048619,4.70407306559802,17.6801064361808,19.0856856214022,3.6572685952638,10.4937048402719,868.96085637589,0,0.229600947205519,"1650_SCM_data_df_6.xlsx"
"1650 6 donor 123",2010,1157.76,97.4148890880885,3.98542429599452,11.7537514285476,4.65583630495295,17.6801064361808,19.0856856214022,4.05961268777874,10.4937048402719,793.793662786977,0,0.641665562644319,"1650_SCM_data_df_6.xlsx"
"1650 6 donor 123",2011,804.78,97.4148890880885,3.98542429599452,11.7537514285476,4.6052996722458,17.6801064361808,19.0856856214022,3.2750178041856,10.4937048402719,902.416177822786,0,0.446033384729905,"1650_SCM_data_df_6.xlsx"
"1650 6 donor 123",2012,1728.9,97.4148890880885,3.98542429599452,9.49971589732773,4.6053993727989,17.6801064361808,19.0856856214022,2.95282851211803,10.4937048402719,786.597578103686,0,0.958208602176413,"1650_SCM_data_df_6.xlsx"
"1650 6 donor 123",2013,1291.5,97.4148890880885,3.98542429599452,9.39190662030189,4.52163184183431,17.6801064361808,19.0856856214022,2.88237632787631,10.320079177756,855.115136627421,0,0.715788310319184,"1650_SCM_data_df_6.xlsx"
"1650 6 donor 123",2014,1167.03,97.4148890880885,3.98542429599452,10.3489614698708,4.5877138974998,17.6801064361808,19.0856856214022,3.19328611804147,10.320079177756,907.238994416795,0,0.646803276648701,"1650_SCM_data_df_6.xlsx"
"1650 6 donor 123",2015,1589.4,97.4148890880885,3.98542429599452,10.5112202424993,4.57939897483148,17.6801064361808,19.0856856214022,2.88612216989379,10.320079177756,879.30668390391,0,0.880893488518243,"1650_SCM_data_df_6.xlsx"
"1650 6 donor 123",2016,7347.24,97.4148890880885,3.98542429599452,10.5112202424993,4.12317344053107,17.6801064361808,19.0856856214022,2.14563223369624,10.320079177756,757.194822203036,0,4.07206233457957,"1650_SCM_data_df_6.xlsx"
"1650 6 donor 123",2017,5392.8,97.4148890880885,3.98542429599452,10.6463453741144,4.00257456838296,17.6801064361808,19.0856856214022,1.49829357951439,10.320079177756,910.659079248283,0,2.98885265186937,"1650_SCM_data_df_6.xlsx"
"1650 6 donor 123",2018,3146.4,97.4148890880885,3.98542429599452,10.6464065145658,3.99232661969134,17.6801064361808,19.0856856214022,1.2294992881545,9.5512044897608,915.841832948433,0,1.74382991838039,"1650_SCM_data_df_6.xlsx"
"1650 6 donor 123",2019,2642.04,97.4148890880885,3.98542429599452,10.678433593557,3.81276565768696,17.6801064361808,19.0856856214022,1.00736873541272,9.5512044897608,889.676254930072,0,1.46429837196724,"1650_SCM_data_df_6.xlsx"
"1650 6 donor 123",2020,3254.04,97.4148890880885,3.98542429599452,10.6747904337956,3.78546025293411,17.6801064361808,19.0856856214022,0.826169208311247,9.5512044897608,870.053211100845,0,1.80348725769341,"1650_SCM_data_df_6.xlsx"
"1650 6 donor 123",2021,3232.62,97.4148890880885,3.98542429599452,10.6747904337956,3.4417443866889,17.6801064361808,19.0856856214022,0.942191017703167,9.5512044897608,850.430167271617,0,1.79161564669299,"1650_SCM_data_df_6.xlsx"
"1650 6 donor 123",2022,4195.89,97.4148890880885,3.98542429599452,10.6747904337956,3.4417443866889,17.6801064361808,19.0856856214022,1.0557230057919,9.5512044897608,850.430167271617,0,2.32548897668228,"1650_SCM_data_df_6.xlsx"
"1650 6 donor 129",2001,48.24,138.163929931286,3.20975751251623,27.8396359168767,16.3700985657671,17.5937318463104,18.0249726497823,10.1251892254921,32.2091073748654,818.038973778595,0,0.02673606511018,"1650_SCM_data_df_6.xlsx"
"1650 6 donor 129",2002,71.82,138.163929931286,3.20975751251623,27.8396359168767,16.3766001432013,17.5937318463104,18.0249726497823,10.1251892254921,32.2091073748654,795.107237566171,0,0.0398048133543351,"1650_SCM_data_df_6.xlsx"
"1650 6 donor 129",2003,14.31,138.163929931286,3.20975751251623,27.8396359168767,15.8395667789705,17.5937318463104,18.0249726497823,7.63504904865513,26.48043494333,810.46139067033,0,0.00793103423977353,"1650_SCM_data_df_6.xlsx"
"1650 6 donor 129",2004,31.5,138.163929931286,3.20975751251623,27.8396359168767,16.1206791242521,17.5937318463104,18.0249726497823,7.549185425663,26.48043494333,713.328885943622,0,0.0174582514711996,"1650_SCM_data_df_6.xlsx"
"1650 6 donor 129",2005,38.52,138.163929931286,3.20975751251623,27.8396359168767,16.339579987345,17.5937318463104,18.0249726497823,8.53557752683636,26.48043494333,703.291770019931,0,0.0213489475133527,"1650_SCM_data_df_6.xlsx"
"1650 6 donor 129",2006,30.78,138.163929931286,3.20975751251623,27.8396359168767,15.2728860872751,17.5937318463104,18.0249726497823,8.26974131523151,26.48043494333,789.46118702406,0,0.0170592057232865,"1650_SCM_data_df_6.xlsx"
"1650 6 donor 129",2007,12.96,138.163929931286,3.20975751251623,27.8396359168767,16.334188970172,17.5937318463104,18.0249726497823,8.35370078927212,26.48043494333,753.710974753427,0,0.00718282346243641,"1650_SCM_data_df_6.xlsx"
"1650 6 donor 129",2008,5.49,138.163929931286,3.20975751251623,27.8396359168767,16.3314401235527,17.5937318463104,18.0249726497823,8.32999491802005,22.0248395535229,830.771029259406,0,0.00304272382783765,"1650_SCM_data_df_6.xlsx"
"1650 6 donor 129",2009,16.74,138.163929931286,3.20975751251623,27.8396359168767,16.3006564307361,17.5937318463104,18.0249726497823,9.04517647114328,22.0248395535229,778.724778743336,0,0.00927781363898036,"1650_SCM_data_df_6.xlsx"
"1650 6 donor 129",2010,42.12,138.163929931286,3.20975751251623,22.8093768940866,15.6107709412431,17.5937318463104,18.0249726497823,9.20564667806356,22.0248395535229,712.892797487695,0,0.0233441762529183,"1650_SCM_data_df_6.xlsx"
"1650 6 donor 129",2011,481.68,138.163929931286,3.20975751251623,22.8093768940866,13.7739806184297,17.5937318463104,18.0249726497823,7.04750492934294,22.0248395535229,824.658080138702,0,0.266961605353887,"1650_SCM_data_df_6.xlsx"
"1650 6 donor 129",2012,7097.31,138.163929931286,3.20975751251623,22.5481518138828,14.1118094185362,17.5937318463104,18.0249726497823,6.25489106934716,22.0248395535229,766.206155125042,0,3.93354357933523,"1650_SCM_data_df_6.xlsx"
"1650 6 donor 129",2013,7556.94,138.163929931286,3.20975751251623,19.1145484936115,12.5318107994849,17.5937318463104,18.0249726497823,5.76165176281873,21.3080324994727,774.581860792752,0,4.18828440865927,"1650_SCM_data_df_6.xlsx"
"1650 6 donor 129",2014,5263.92,138.163929931286,3.20975751251623,21.6250060222239,12.3825175077429,17.5937318463104,18.0249726497823,3.89464016018561,21.3080324994727,803.577096249014,0,2.91742346299292,"1650_SCM_data_df_6.xlsx"
"1650 6 donor 129",2015,3707.82,138.163929931286,3.20975751251623,14.3436744052707,11.1251671885927,17.5937318463104,18.0249726497823,3.19556717471665,21.3080324994727,766.682478742334,0,2.05498584031566,"1650_SCM_data_df_6.xlsx"
"1650 6 donor 129",2016,363.15,138.163929931286,3.20975751251623,14.3447681721302,10.3599487239546,17.5937318463104,18.0249726497823,3.09336817601545,21.3080324994727,709.450801620713,0,0.201268699103687,"1650_SCM_data_df_6.xlsx"
"1650 6 donor 129",2017,599.85,138.163929931286,3.20975751251623,14.3447681721302,10.3539903067171,17.5937318463104,18.0249726497823,3.63621310458133,21.3080324994727,850.522749959104,0,0.33245498873013,"1650_SCM_data_df_6.xlsx"
"1650 6 donor 129",2018,673.47,138.163929931286,3.20975751251623,14.3440548127838,10.3532137073588,17.5937318463104,18.0249726497823,3.62118715462407,21.3047004418148,845.362670637213,0,0.373257416454248,"1650_SCM_data_df_6.xlsx"
"1650 6 donor 129",2019,581.58,138.163929931286,3.20975751251623,14.3440548127838,10.3960351298247,17.5937318463104,18.0249726497823,3.53701494233096,21.3047004418148,832.769196999389,0,0.322329202876834,"1650_SCM_data_df_6.xlsx"
"1650 6 donor 129",2020,286.92,138.163929931286,3.20975751251623,14.3440548127838,10.3932204167268,17.5937318463104,18.0249726497823,3.44328635425108,21.3047004418148,834.430719093896,0,0.159019730543384,"1650_SCM_data_df_6.xlsx"
"1650 6 donor 129",2021,647.1,138.163929931286,3.20975751251623,14.3440548127838,10.7257647069924,17.5937318463104,18.0249726497823,4.43274025787329,21.3047004418148,836.092241188404,0,0.358642365936929,"1650_SCM_data_df_6.xlsx"
"1650 6 donor 129",2022,698.94,138.163929931286,3.20975751251623,14.3440548127838,10.7257647069924,17.5937318463104,18.0249726497823,4.76638329707048,21.3047004418148,836.092241188404,0,0.387373659786675,"1650_SCM_data_df_6.xlsx"
"1650 6 donor 193",2001,183.15,269.800014764015,4.97546734211108,42.7341635941606,14.8940927590835,17.8379169268427,21.1052037420941,9.18939988777129,24.4343981571624,924.944048270557,0,0.101507262125403,"1650_SCM_data_df_6.xlsx"
"1650 6 donor 193",2002,32.49,269.800014764015,4.97546734211108,42.7341635941606,12.7317511969397,17.8379169268427,21.1052037420941,9.18939988777129,24.4343981571624,914.528770401814,0,0.0180069393745802,"1650_SCM_data_df_6.xlsx"
"1650 6 donor 193",2003,11.43,269.800014764015,4.97546734211108,42.7341635941606,13.9177294155781,17.8379169268427,21.1052037420941,8.9463732309547,24.8350842170466,917.78915266768,0,0.006334851248121,"1650_SCM_data_df_6.xlsx"
"1650 6 donor 193",2004,48.78,269.800014764015,4.97546734211108,42.7341635941606,14.8060337141265,17.8379169268427,21.1052037420941,8.24917539815661,24.8350842170466,856.23637520134,0,0.0270353494211148,"1650_SCM_data_df_6.xlsx"
"1650 6 donor 193",2005,92.7,269.800014764015,4.97546734211108,42.7341635941606,14.267587804258,17.8379169268427,21.1052037420941,11.0493626907805,24.8350842170466,746.857669905499,0,0.051377140043816,"1650_SCM_data_df_6.xlsx"
"1650 6 donor 193",2006,102.15,269.800014764015,4.97546734211108,42.7341635941606,11.755730548411,17.8379169268427,21.1052037420941,10.23782717278,24.8350842170466,936.404079419297,0,0.0566146154851759,"1650_SCM_data_df_6.xlsx"
"1650 6 donor 193",2007,236.97,269.800014764015,4.97546734211108,42.7341635941606,14.4564252297025,17.8379169268427,21.1052037420941,8.22120796890454,24.8350842170466,831.832694854463,0,0.13133593178191,"1650_SCM_data_df_6.xlsx"
"1650 6 donor 193",2008,455.67,269.800014764015,4.97546734211108,42.7341635941606,11.6993852935985,17.8379169268427,21.1052037420941,5.96476309140701,24.8264131831548,918.872875730291,0,0.252546077710525,"1650_SCM_data_df_6.xlsx"
"1650 6 donor 193",2009,419.04,269.800014764015,4.97546734211108,42.7341635941606,11.334558841258,17.8379169268427,21.1052037420941,5.79292701026487,24.8264131831548,916.062189803061,0,0.232244625285444,"1650_SCM_data_df_6.xlsx"
"1650 6 donor 193",2010,433.62,269.800014764015,4.97546734211108,9.72776509453965,12.2328966169315,17.8379169268427,21.1052037420941,7.04200370376949,24.8264131831548,798.990967309364,0,0.240325301680685,"1650_SCM_data_df_6.xlsx"
"1650 6 donor 193",2011,345.24,269.800014764015,4.97546734211108,9.76070610786167,17.1082368419884,17.8379169268427,21.1052037420941,7.77789916733179,24.8264131831548,909.883262158943,0,0.191342436124348,"1650_SCM_data_df_6.xlsx"
"1650 6 donor 193",2012,249.21,269.800014764015,4.97546734211108,8.46528533067507,14.5053479794947,17.8379169268427,21.1052037420941,6.80516052202447,24.8264131831548,868.827222178436,0,0.138119709496433,"1650_SCM_data_df_6.xlsx"
"1650 6 donor 193",2013,286.02,269.800014764015,4.97546734211108,8.25677022975249,11.5027988025607,17.8379169268427,21.1052037420941,6.42895005433823,19.2062862481531,863.746897059297,0,0.158520923358492,"1650_SCM_data_df_6.xlsx"
"1650 6 donor 193",2014,200.61,269.800014764015,4.97546734211108,8.99535994056652,11.2647852757263,17.8379169268427,21.1052037420941,5.27715262050155,19.2062862481531,916.916537250274,0,0.111184121512297,"1650_SCM_data_df_6.xlsx"
"1650 6 donor 193",2015,141.3,269.800014764015,4.97546734211108,8.97970801552775,9.22208610584133,17.8379169268427,21.1052037420941,4.87609954997508,19.2062862481531,876.19366002138,0,0.0783127280279525,"1650_SCM_data_df_6.xlsx"
"1650 6 donor 193",2016,157.14,269.800014764015,4.97546734211108,8.75173786714385,9.25271288709747,17.8379169268427,21.1052037420941,4.63773022482375,19.2062862481531,775.456102033771,0,0.0870917344820414,"1650_SCM_data_df_6.xlsx"
"1650 6 donor 193",2017,334.98,269.800014764015,4.97546734211108,9.66059245714273,9.12610792994087,17.8379169268427,21.1052037420941,5.56957321674572,19.2062862481531,943.721733295295,0,0.185656034216586,"1650_SCM_data_df_6.xlsx"
"1650 6 donor 193",2018,54.54,269.800014764015,4.97546734211108,9.65052701814642,9.12792171797624,17.8379169268427,21.1052037420941,4.26193799946494,19.0700989338828,963.702877539716,0,0.0302277154044199,"1650_SCM_data_df_6.xlsx"
"1650 6 donor 193",2019,87.48,269.800014764015,4.97546734211108,9.64989206561883,9.19713514068552,17.8379169268427,21.1052037420941,4.45972375363411,19.0700989338828,916.797575926442,0,0.0484840583714458,"1650_SCM_data_df_6.xlsx"
"1650 6 donor 193",2020,82.89,269.800014764015,4.97546734211108,9.72785631283726,9.12934742445653,17.8379169268427,21.1052037420941,5.07842631424705,19.0700989338828,930.733412685286,0,0.0459401417284995,"1650_SCM_data_df_6.xlsx"
"1650 6 donor 193",2021,128.43,269.800014764015,4.97546734211108,9.72785576168438,8.88509437535453,17.8379169268427,21.1052037420941,7.28254588167253,19.0700989338828,944.669249444129,0,0.0711797852840052,"1650_SCM_data_df_6.xlsx"
"1650 6 donor 193",2022,174.33,269.800014764015,4.97546734211108,9.72785645825725,8.88509437535453,17.8379169268427,21.1052037420941,6.82622287389867,19.0700989338828,944.669249444129,0,0.0966189517134675,"1650_SCM_data_df_6.xlsx"
"1650 7 donor 1",2001,66.96,130.008040770542,3.17181518160974,25.6354392302129,16.6693902901327,17.6036911349153,17.7094730859255,7.82410365972449,32.4201050062358,832.064971131534,0,0.0371112545559214,"1650_SCM_data_df_7.xlsx"
"1650 7 donor 1",2002,131.31,130.008040770542,3.17181518160974,25.6354392302129,16.6612481277332,17.6036911349153,17.7094730859255,7.82410365972449,32.4201050062358,813.867803368886,0,0.0727759682756578,"1650_SCM_data_df_7.xlsx"
"1650 7 donor 1",2003,23.58,130.008040770542,3.17181518160974,25.6354392302129,15.1659029873569,17.6036911349153,17.7094730859255,5.76520589079272,28.3500694913062,822.80712431412,0,0.0130687482441551,"1650_SCM_data_df_7.xlsx"
"1650 7 donor 1",2004,31.05,130.008040770542,3.17181518160974,25.6354392302129,15.7376365762647,17.6036911349153,17.7094730859255,5.67479421577372,28.3500694913062,722.170173677448,0,0.0172088478787539,"1650_SCM_data_df_7.xlsx"
"1650 7 donor 1",2005,40.41,130.008040770542,3.17181518160974,25.6354392302129,16.5290096831147,17.6036911349153,17.7094730859255,6.20031530399463,28.3500694913062,709.52534497442,0,0.0223964426016246,"1650_SCM_data_df_7.xlsx"
"1650 7 donor 1",2006,27.9,130.008040770542,3.17181518160974,25.6354392302129,14.9028720675498,17.6036911349153,17.7094730859255,8.23416390805759,28.3500694913062,805.387192989571,0,0.0154630227316339,"1650_SCM_data_df_7.xlsx"
"1650 7 donor 1",2007,6.84,130.008040770542,3.17181518160974,25.6354392302129,16.5319834538959,17.6036911349153,17.7094730859255,8.56409656917133,28.3500694913062,764.222659120996,0,0.00379093460517477,"1650_SCM_data_df_7.xlsx"
"1650 7 donor 1",2008,9.27,130.008040770542,3.17181518160974,25.6354392302129,16.5280202742643,17.6036911349153,17.7094730859255,8.10897474930524,24.4739884852747,840.433993625772,0,0.0051377140043816,"1650_SCM_data_df_7.xlsx"
"1650 7 donor 1",2009,32.49,130.008040770542,3.17181518160974,25.6354392302129,16.5200975027377,17.6036911349153,17.7094730859255,8.35275588515913,24.4739884852747,782.737232238241,0,0.0180069393745802,"1650_SCM_data_df_7.xlsx"
"1650 7 donor 1",2010,157.77,130.008040770542,3.17181518160974,25.1734973899549,14.7714022444445,17.6036911349153,17.7094730859255,7.73186412113496,24.4739884852747,723.033538863405,0,0.0874408995114655,"1650_SCM_data_df_7.xlsx"
"1650 7 donor 1",2011,416.88,130.008040770542,3.17181518160974,25.1734973899549,14.3749570803683,17.6036911349153,17.7094730859255,5.92640321852835,24.4739884852747,839.956449809201,0,0.231047488041704,"1650_SCM_data_df_7.xlsx"
"1650 7 donor 1",2012,7346.97,130.008040770542,3.17181518160974,21.9001341310645,14.3280958914754,17.6036911349153,17.7094730859255,5.45475262933252,24.4739884852747,771.652361781073,0,4.07191269242411,"1650_SCM_data_df_7.xlsx"
"1650 7 donor 1",2013,8481.87,130.008040770542,3.17181518160974,17.5559424058372,13.4109568333784,17.6036911349153,17.7094730859255,5.23129899377974,23.7646855324409,779.967407771181,0,4.70090855257218,"1650_SCM_data_df_7.xlsx"
"1650 7 donor 1",2014,5470.65,130.008040770542,3.17181518160974,18.6754359893722,13.2911787174619,17.6036911349153,17.7094730859255,3.87568137079958,23.7646855324409,819.126120170372,0,3.03199947336248,"1650_SCM_data_df_7.xlsx"
"1650 7 donor 1",2015,4762.26,130.008040770542,3.17181518160974,16.638506152269,12.1740455188537,17.6036911349153,17.7094730859255,3.12272794310684,23.7646855324409,769.334456998957,0,2.63938833813445,"1650_SCM_data_df_7.xlsx"
"1650 7 donor 1",2016,1225.26,130.008040770542,3.17181518160974,16.6389328864574,11.972882537702,17.6036911349153,17.7094730859255,2.86322525369194,23.7646855324409,710.748732404069,0,0.679076101511175,"1650_SCM_data_df_7.xlsx"
"1650 7 donor 1",2017,1301.94,130.008040770542,3.17181518160974,16.6389393620334,11.9566492726563,17.6036911349153,17.7094730859255,3.04948234577145,23.7646855324409,874.415075378001,0,0.721574473663924,"1650_SCM_data_df_7.xlsx"
"1650 7 donor 1",2018,450.9,130.008040770542,3.17181518160974,16.6384738165714,11.9465698412549,17.6036911349153,17.7094730859255,3.05191344640846,23.594059171013,854.277896693501,0,0.2499023996306,"1650_SCM_data_df_7.xlsx"
"1650 7 donor 1",2019,498.06,130.008040770542,3.17181518160974,16.6384738165714,12.0924791515536,17.6036911349153,17.7094730859255,2.90197464717907,23.594059171013,843.116841595924,0,0.27603989611891,"1650_SCM_data_df_7.xlsx"
"1650 7 donor 1",2020,467.01,130.008040770542,3.17181518160974,16.6384738165714,11.9873159844657,17.6036911349153,17.7094730859255,2.91688335249124,23.594059171013,838.651840409853,0,0.258831048240156,"1650_SCM_data_df_7.xlsx"
"1650 7 donor 1",2021,492.39,130.008040770542,3.17181518160974,16.6384738165714,12.2334772666598,17.6036911349153,17.7094730859255,3.63947546002565,23.594059171013,834.186839223782,0,0.272897410854094,"1650_SCM_data_df_7.xlsx"
"1650 7 donor 1",2022,586.53,130.008040770542,3.17181518160974,16.6384738165714,12.2334772666598,17.6036911349153,17.7094730859255,3.98259916256543,23.594059171013,834.186839223782,0,0.325072642393737,"1650_SCM_data_df_7.xlsx"
"1650 7 donor 10",2001,92.16,99.3606774569721,3.70567998516939,12.1025916564493,11.0180492773685,20.3988080859661,17.5348058990697,7.6805705244941,25.5352170381072,806.553417118144,0,0.0510778557328811,"1650_SCM_data_df_7.xlsx"
"1650 7 donor 10",2002,714.33,99.3606774569721,3.70567998516939,12.1025916564493,11.9260005400518,20.3988080859661,17.5348058990697,7.6805705244941,25.5352170381072,722.975683792729,0,0.395903262648318,"1650_SCM_data_df_7.xlsx"
"1650 7 donor 10",2003,500.67,99.3606774569721,3.70567998516939,12.1025916564493,12.0188529421723,20.3988080859661,17.5348058990697,2.67821631988828,19.621557670373,850.567642737691,0,0.277486436955095,"1650_SCM_data_df_7.xlsx"
"1650 7 donor 10",2004,1049.58,99.3606774569721,3.70567998516939,12.1025916564493,11.406146357925,20.3988080859661,17.5348058990697,2.14587957788263,19.621557670373,729.535494946658,0,0.581708939020371,"1650_SCM_data_df_7.xlsx"
"1650 7 donor 10",2005,292.68,99.3606774569721,3.70567998516939,12.1025916564493,7.80462346733242,20.3988080859661,17.5348058990697,1.76844263822801,19.621557670373,731.76704673807,0,0.162212096526689,"1650_SCM_data_df_7.xlsx"
"1650 7 donor 10",2006,1655.73,99.3606774569721,3.70567998516939,12.1025916564493,7.60024554596019,20.3988080859661,17.5348058990697,1.85587421288698,19.621557670373,862.179238921029,0,0.91765557804474,"1650_SCM_data_df_7.xlsx"
"1650 7 donor 10",2007,666.09,99.3606774569721,3.70567998516939,12.1025916564493,7.64414207081284,20.3988080859661,17.5348058990697,1.78020872586071,19.621557670373,763.24769173643,0,0.369167197538138,"1650_SCM_data_df_7.xlsx"
"1650 7 donor 10",2008,972.36,99.3606774569721,3.70567998516939,12.1025916564493,7.47999417709814,20.3988080859661,17.5348058990697,1.94228357937235,11.0072755851625,808.485537101781,0,0.538911282556687,"1650_SCM_data_df_7.xlsx"
"1650 7 donor 10",2009,1547.19,99.3606774569721,3.70567998516939,12.1025916564493,7.04967049235741,20.3988080859661,17.5348058990697,1.81676634572529,11.0072755851625,789.107149497774,0,0.857499431546835,"1650_SCM_data_df_7.xlsx"
"1650 7 donor 10",2010,2918.79,99.3606774569721,3.70567998516939,12.1025916564493,7.45638561308646,20.3988080859661,17.5348058990697,1.74183117913901,11.0072755851625,707.829093306854,0,1.61768158132136,"1650_SCM_data_df_7.xlsx"
"1650 7 donor 10",2011,1541.79,99.3606774569721,3.70567998516939,12.1025916564493,8.19999602592915,20.3988080859661,17.5348058990697,1.49139581357167,11.0072755851625,850.541745782684,0,0.854506588437487,"1650_SCM_data_df_7.xlsx"
"1650 7 donor 10",2012,3899.7,99.3606774569721,3.70567998516939,11.3636112054367,11.031589773761,20.3988080859661,17.5348058990697,1.36575135970392,11.0072755851625,771.661203799345,0,2.16133153213451,"1650_SCM_data_df_7.xlsx"
"1650 7 donor 10",2013,5349.51,99.3606774569721,3.70567998516939,10.8539063134998,6.87811760363528,20.3988080859661,17.5348058990697,1.20261743240611,7.13654003349098,839.466619192431,0,2.9648600262761,"1650_SCM_data_df_7.xlsx"
"1650 7 donor 10",2014,5454.27,99.3606774569721,3.70567998516939,17.5212304217344,6.26302679889148,20.3988080859661,17.5348058990697,1.11084250635102,7.13654003349098,783.954875979572,0,3.02292118259746,"1650_SCM_data_df_7.xlsx"
"1650 7 donor 10",2015,3678.12,99.3606774569721,3.70567998516939,17.5212304217344,4.90470199907975,20.3988080859661,17.5348058990697,0.873989203404158,7.13654003349098,763.754495112614,0,2.03852520321424,"1650_SCM_data_df_7.xlsx"
"1650 7 donor 10",2016,3683.16,99.3606774569721,3.70567998516939,17.5219609186764,4.7372190140419,20.3988080859661,17.5348058990697,0.764378647916749,7.13654003349098,691.213355431239,0,2.04131852344964,"1650_SCM_data_df_7.xlsx"
"1650 7 donor 10",2017,1447.74,99.3606774569721,3.70567998516939,8.70147036125747,4.26669054753927,20.3988080859661,17.5348058990697,0.683720061120766,7.13654003349098,871.789979791073,0,0.802381237616334,"1650_SCM_data_df_7.xlsx"
"1650 7 donor 10",2018,4737.33,99.3606774569721,3.70567998516939,8.69944648464016,4.97774848849323,20.3988080859661,17.5348058990697,0.804066932011751,5.78229491213474,836.636287041143,0,2.62557137911295,"1650_SCM_data_df_7.xlsx"
"1650 7 donor 10",2019,5450.31,99.3606774569721,3.70567998516939,8.69971883670732,4.52609931569386,20.3988080859661,17.5348058990697,0.674480969140452,5.78229491213474,768.607474472423,0,3.02072643098393,"1650_SCM_data_df_7.xlsx"
"1650 7 donor 10",2020,4589.1,99.3606774569721,3.70567998516939,8.41977673547841,4.72334888012793,20.3988080859661,17.5348058990697,0.6201915002617,5.78229491213474,746.50781410007,0,2.54341783576134,"1650_SCM_data_df_7.xlsx"
"1650 7 donor 10",2021,5040.18,99.3606774569721,3.70567998516939,8.42055217272333,3.91512629497263,20.3988080859661,17.5348058990697,0.526543352617198,5.78229491213474,724.408153727717,0,2.79341999682891,"1650_SCM_data_df_7.xlsx"
"1650 7 donor 10",2022,3035.79,99.3606774569721,3.70567998516939,8.42055566890661,3.91512629497263,20.3988080859661,17.5348058990697,0.502473934035974,5.78229491213474,724.408153727717,0,1.68252651535724,"1650_SCM_data_df_7.xlsx"
"1650 7 donor 62",2001,150.21,309.972753460697,5.58556913624102,36.2120525570863,13.8291803869765,17.9870251870057,22.362236975095,9.86852049443291,23.5337641125407,987.048013498662,0,0.0832509191583776,"1650_SCM_data_df_7.xlsx"
"1650 7 donor 62",2002,24.3,309.972753460697,5.58556913624102,36.2120525570863,12.1518113994871,17.9870251870057,22.362236975095,9.86852049443291,23.5337641125407,975.464998390373,0,0.0134677939920683,"1650_SCM_data_df_7.xlsx"
"1650 7 donor 62",2003,15.39,309.972753460697,5.58556913624102,36.2120525570863,12.6662169588047,17.9870251870057,22.362236975095,9.30904286047312,23.8923687199583,987.802197417937,0,0.00852960286164324,"1650_SCM_data_df_7.xlsx"
"1650 7 donor 62",2004,54.36,309.972753460697,5.58556913624102,36.2120525570863,13.8713358341752,17.9870251870057,22.362236975095,8.25884654041273,23.8923687199583,919.552280674489,0,0.0301279539674416,"1650_SCM_data_df_7.xlsx"
"1650 7 donor 62",2005,106.92,309.972753460697,5.58556913624102,36.2120525570863,13.70154479036,17.9870251870057,22.362236975095,9.70111739284882,23.8923687199583,790.000713231131,0,0.0592582935651004,"1650_SCM_data_df_7.xlsx"
"1650 7 donor 62",2006,113.4,309.972753460697,5.58556913624102,36.2120525570863,10.95129002531,17.9870251870057,22.362236975095,8.13811211549349,23.8923687199583,1011.82413662955,0,0.0628497052963186,"1650_SCM_data_df_7.xlsx"
"1650 7 donor 62",2007,264.6,309.972753460697,5.58556913624102,36.2120525570863,13.7621097643285,17.9870251870057,22.362236975095,7.24885553378551,23.8923687199583,889.709285880799,0,0.146649312358077,"1650_SCM_data_df_7.xlsx"
"1650 7 donor 62",2008,499.86,309.972753460697,5.58556913624102,36.2120525570863,11.0121077467447,17.9870251870057,22.362236975095,5.31541839803293,23.8705197373533,971.684318905898,0,0.277037510488693,"1650_SCM_data_df_7.xlsx"
"1650 7 donor 62",2009,598.23,309.972753460697,5.58556913624102,36.2120525570863,10.8496766948259,17.9870251870057,22.362236975095,5.28029022457067,23.8705197373533,978.477745523573,0,0.331557135797325,"1650_SCM_data_df_7.xlsx"
"1650 7 donor 62",2010,509.67,309.972753460697,5.58556913624102,9.39259483032315,12.0495240777949,17.9870251870057,22.362236975095,6.00993816202835,23.8705197373533,852.578944972969,0,0.28247450880401,"1650_SCM_data_df_7.xlsx"
"1650 7 donor 62",2011,418.59,309.972753460697,5.58556913624102,9.58197388463972,17.1519383130002,17.9870251870057,22.362236975095,7.24767384689675,23.8705197373533,961.860667384523,0,0.231995221692998,"1650_SCM_data_df_7.xlsx"
"1650 7 donor 62",2012,487.44,309.972753460697,5.58556913624102,7.64767157343783,13.8612801066794,17.9870251870057,22.362236975095,6.23309903644417,23.8705197373533,933.92310202813,0,0.270153971337192,"1650_SCM_data_df_7.xlsx"
"1650 7 donor 62",2013,622.26,309.972753460697,5.58556913624102,7.51941098209429,10.7662316152881,17.9870251870057,22.362236975095,5.79357296215712,17.4270434793468,923.843335590511,0,0.344875287633926,"1650_SCM_data_df_7.xlsx"
"1650 7 donor 62",2014,296.01,309.972753460697,5.58556913624102,8.66895417448353,10.7102427411387,17.9870251870057,22.362236975095,4.43463315442425,17.4270434793468,981.336459154335,0,0.164057683110787,"1650_SCM_data_df_7.xlsx"
"1650 7 donor 62",2015,156.87,309.972753460697,5.58556913624102,8.54988501049032,8.58771080670049,17.9870251870057,22.362236975095,4.15092390184607,17.4270434793468,946.015017261858,0,0.086942092326574,"1650_SCM_data_df_7.xlsx"
"1650 7 donor 62",2016,185.4,309.972753460697,5.58556913624102,8.55126856621116,8.56967489537427,17.9870251870057,22.362236975095,4.19089407213348,17.4270434793468,825.955113062398,0,0.102754280087632,"1650_SCM_data_df_7.xlsx"
"1650 7 donor 62",2017,470.61,309.972753460697,5.58556913624102,9.3695568475739,8.48384439017351,17.9870251870057,22.362236975095,5.33643786230476,17.4270434793468,998.94417814682,0,0.260826276979722,"1650_SCM_data_df_7.xlsx"
"1650 7 donor 62",2018,82.62,309.972753460697,5.58556913624102,9.36428262546762,8.4711886493567,17.9870251870057,22.362236975095,3.65602176714807,17.2426823163083,1036.42681915567,0,0.0457904995730321,"1650_SCM_data_df_7.xlsx"
"1650 7 donor 62",2019,291.42,309.972753460697,5.58556913624102,9.36341248126728,8.57411733345914,17.9870251870057,22.362236975095,3.79790170231897,17.2426823163083,981.292395901557,0,0.161513766467841,"1650_SCM_data_df_7.xlsx"
"1650 7 donor 62",2020,367.65,309.972753460697,5.58556913624102,9.39312156067183,8.40879991840858,17.9870251870057,22.362236975095,3.88924561348978,17.2426823163083,995.485249991674,0,0.203762735028144,"1650_SCM_data_df_7.xlsx"
"1650 7 donor 62",2021,434.88,309.972753460697,5.58556913624102,9.39434862737697,8.40607707059046,17.9870251870057,22.362236975095,6.00176874104992,17.2426823163083,1009.67810408179,0,0.241023631739533,"1650_SCM_data_df_7.xlsx"
"1650 7 donor 62",2022,193.77,309.972753460697,5.58556913624102,9.39434862737697,8.40607707059046,17.9870251870057,22.362236975095,5.50886369292763,17.2426823163083,1009.67810408179,0,0.107393186907122,"1650_SCM_data_df_7.xlsx"
"1650 7 donor 265",2001,41.04,150.026714911251,3.13668161960155,38.4455216953542,16.6395763324014,17.4975482164306,17.7083785691926,11.6007201769708,26.3729791236159,815.235189018085,0,0.0227456076310486,"1650_SCM_data_df_7.xlsx"
"1650 7 donor 265",2002,45.09,150.026714911251,3.13668161960155,38.4455216953542,16.5586501562732,17.4975482164306,17.7083785691926,11.6007201769708,26.3729791236159,788.5200896066,0,0.02499023996306,"1650_SCM_data_df_7.xlsx"
"1650 7 donor 265",2003,8.46,150.026714911251,3.13668161960155,38.4455216953542,16.5215277120511,17.4975482164306,17.7083785691926,9.10767883438154,23.9299084118862,801.867512223497,0,0.00468878753797932,"1650_SCM_data_df_7.xlsx"
"1650 7 donor 265",2004,29.7,150.026714911251,3.13668161960155,38.4455216953542,16.4798474006926,17.4975482164306,17.7083785691926,9.10490848959261,23.9299084118862,700.936654283594,0,0.0164606371014168,"1650_SCM_data_df_7.xlsx"
"1650 7 donor 265",2005,35.64,150.026714911251,3.13668161960155,38.4455216953542,16.4809494236682,17.4975482164306,17.7083785691926,9.96993033009131,23.9299084118862,693.233320178747,0,0.0197527645217001,"1650_SCM_data_df_7.xlsx"
"1650 7 donor 265",2006,17.64,150.026714911251,3.13668161960155,38.4455216953542,16.0758985265198,17.4975482164306,17.7083785691926,10.4574099307691,23.9299084118862,790.99724586255,0,0.00977662082387178,"1650_SCM_data_df_7.xlsx"
"1650 7 donor 265",2007,17.1,150.026714911251,3.13668161960155,38.4455216953542,16.4892129644277,17.4975482164306,17.7083785691926,9.40274009423568,23.9299084118862,748.181871314843,0,0.00947733651293693,"1650_SCM_data_df_7.xlsx"
"1650 7 donor 265",2008,8.19,150.026714911251,3.13668161960155,38.4455216953542,16.5056630050293,17.4975482164306,17.7083785691926,9.28455019473783,19.5247260610118,821.202798763136,0,0.0045391453825119,"1650_SCM_data_df_7.xlsx"
"1650 7 donor 265",2009,9.72,150.026714911251,3.13668161960155,38.4455216953542,16.4301628476738,17.4975482164306,17.7083785691926,9.90312898432717,19.5247260610118,772.972883235562,0,0.00538711759682731,"1650_SCM_data_df_7.xlsx"
"1650 7 donor 265",2010,34.11,150.026714911251,3.13668161960155,23.0914548911472,16.5227923246041,17.4975482164306,17.7083785691926,10.1514956859062,19.5247260610118,710.148923793872,0,0.0189047923073847,"1650_SCM_data_df_7.xlsx"
"1650 7 donor 265",2011,234,150.026714911251,3.13668161960155,23.0914548911472,14.4037991028239,17.4975482164306,17.7083785691926,8.03522959526613,19.5247260610118,817.652674516125,0,0.129689868071768,"1650_SCM_data_df_7.xlsx"
"1650 7 donor 265",2012,755.19,150.026714911251,3.13668161960155,23.0663184769764,14.7275571511273,17.4975482164306,17.7083785691926,7.0038565889214,19.5247260610118,772.292831083455,0,0.418549108842388,"1650_SCM_data_df_7.xlsx"
"1650 7 donor 265",2013,908.82,150.026714911251,3.13668161960155,20.2786105687388,13.3745438056052,17.4975482164306,17.7083785691926,6.5697757764675,19.2301196673277,782.075051633139,0,0.503695495303353,"1650_SCM_data_df_7.xlsx"
"1650 7 donor 265",2014,695.16,150.026714911251,3.13668161960155,23.5057742800639,13.0135056756212,17.4975482164306,17.7083785691926,4.73034803261227,19.2301196673277,805.484279159194,0,0.385278669610131,"1650_SCM_data_df_7.xlsx"
"1650 7 donor 265",2015,1813.59,150.026714911251,3.13668161960155,14.0416864118673,11.9976585185938,17.4975482164306,17.7083785691926,4.09898679823473,19.2301196673277,764.63446013189,0,1.00514635827469,"1650_SCM_data_df_7.xlsx"
"1650 7 donor 265",2016,155.52,150.026714911251,3.13668161960155,13.7860574855424,10.6630647738493,17.4975482164306,17.7083785691926,4.00372163785146,19.2301196673277,711.693876678806,0,0.0861938815492369,"1650_SCM_data_df_7.xlsx"
"1650 7 donor 265",2017,412.92,150.026714911251,3.13668161960155,14.0451566000778,10.5821662551002,17.4975482164306,17.7083785691926,4.46199759165611,19.2301196673277,844.581345020379,0,0.228852736428182,"1650_SCM_data_df_7.xlsx"
"1650 7 donor 265",2018,787.95,150.026714911251,3.13668161960155,14.0448661845539,10.5922872162398,17.4975482164306,17.7083785691926,4.34118748615855,19.229265811452,844.381858770807,0,0.436705690372436,"1650_SCM_data_df_7.xlsx"
"1650 7 donor 265",2019,220.05,150.026714911251,3.13668161960155,14.0448661845539,10.571084603972,17.4975482164306,17.7083785691926,3.92159667150112,19.229265811452,833.18009239293,0,0.121958356705952,"1650_SCM_data_df_7.xlsx"
"1650 7 donor 265",2020,136.71,150.026714911251,3.13668161960155,14.0448661845539,10.7009594855391,17.4975482164306,17.7083785691926,3.82339257282063,19.229265811452,835.411961681855,0,0.0757688113850063,"1650_SCM_data_df_7.xlsx"
"1650 7 donor 265",2021,758.88,150.026714911251,3.13668161960155,14.0448661845539,10.7742871923728,17.4975482164306,17.7083785691926,4.66495349714956,19.229265811452,837.643830970781,0,0.420594218300443,"1650_SCM_data_df_7.xlsx"
"1650 7 donor 265",2022,1323.81,150.026714911251,3.13668161960155,14.0448661845539,10.7742871923728,17.4975482164306,17.7083785691926,5.13406333683567,19.229265811452,837.643830970781,0,0.733695488256786,"1650_SCM_data_df_7.xlsx"
"1650 8 donor 28",2001,34.38,145.130519172725,3.26093332645085,33.3733947223527,16.6669054540389,17.5625532916344,17.997608793751,11.4275612957727,29.5541010332613,816.093466674512,0,0.0190544344628521,"1650_SCM_data_df_8.xlsx"
"1650 8 donor 28",2002,41.58,145.130519172725,3.26093332645085,33.3733947223527,16.6422013743885,17.5625532916344,17.997608793751,11.4275612957727,29.5541010332613,790.618941337504,0,0.0230448919419835,"1650_SCM_data_df_8.xlsx"
"1650 8 donor 28",2003,9.18,145.130519172725,3.26093332645085,33.3733947223527,16.505904511027,17.5625532916344,17.997608793751,8.81427463125959,25.2308169063882,806.579819315562,0,0.00508783328589246,"1650_SCM_data_df_8.xlsx"
"1650 8 donor 28",2004,29.07,145.130519172725,3.26093332645085,33.3733947223527,16.5719298408036,17.5625532916344,17.997608793751,8.78203558190883,25.2308169063882,707.674520452444,0,0.0161114720719928,"1650_SCM_data_df_8.xlsx"
"1650 8 donor 28",2005,34.2,145.130519172725,3.26093332645085,33.3733947223527,16.5960448688276,17.5625532916344,17.997608793751,9.70128089043856,25.2308169063882,698.818375838285,0,0.0189546730258739,"1650_SCM_data_df_8.xlsx"
"1650 8 donor 28",2006,16.74,145.130519172725,3.26093332645085,33.3733947223527,15.9985882379387,17.5625532916344,17.997608793751,9.79461172553969,25.2308169063882,790.258183586313,0,0.00927781363898036,"1650_SCM_data_df_8.xlsx"
"1650 8 donor 28",2007,10.8,145.130519172725,3.26093332645085,33.3733947223527,16.5771913809047,17.5625532916344,17.997608793751,9.20276073695907,25.2308169063882,751.777058538161,0,0.00598568621869701,"1650_SCM_data_df_8.xlsx"
"1650 8 donor 28",2008,7.29,145.130519172725,3.26093332645085,33.3733947223527,16.5769579363414,17.5625532916344,17.997608793751,9.11002723633687,20.3888994346369,826.662051494399,0,0.00404033819762048,"1650_SCM_data_df_8.xlsx"
"1650 8 donor 28",2009,12.6,145.130519172725,3.26093332645085,33.3733947223527,16.5259849967308,17.5625532916344,17.997608793751,9.83014155002514,20.3888994346369,776.151022927474,0,0.00698330058847984,"1650_SCM_data_df_8.xlsx"
"1650 8 donor 28",2010,31.05,145.130519172725,3.26093332645085,22.8721907309535,16.4353305042977,17.5625532916344,17.997608793751,10.1504330267296,20.3888994346369,711.916717084981,0,0.0172088478787539,"1650_SCM_data_df_8.xlsx"
"1650 8 donor 28",2011,254.79,145.130519172725,3.26093332645085,22.8721907309535,14.2737847324211,17.5625532916344,17.997608793751,7.76089509977943,20.3888994346369,820.519988965327,0,0.14121231404276,"1650_SCM_data_df_8.xlsx"
"1650 8 donor 28",2012,2653.2,145.130519172725,3.26093332645085,22.8181447187449,14.5891944058692,17.5625532916344,17.997608793751,6.72933395664255,20.3888994346369,770.821304356031,0,1.4704835810599,"1650_SCM_data_df_8.xlsx"
"1650 8 donor 28",2013,4058.1,145.130519172725,3.26093332645085,19.8430972134803,13.0697067599355,17.5625532916344,17.997608793751,6.15200730986849,20.0265233521714,781.312554326891,0,2.2491215966754,"1650_SCM_data_df_8.xlsx"
"1650 8 donor 28",2014,2642.22,145.130519172725,3.26093332645085,23.1442988498474,12.8585680200747,17.5625532916344,17.997608793751,4.30201236794226,20.0265233521714,805.741875250473,0,1.46439813340422,"1650_SCM_data_df_8.xlsx"
"1650 8 donor 28",2015,2315.25,145.130519172725,3.26093332645085,14.0383850469064,11.6186832357019,17.5625532916344,17.997608793751,3.64863488289224,20.0265233521714,766.20874680977,0,1.28318148313317,"1650_SCM_data_df_8.xlsx"
"1650 8 donor 28",2016,322.83,145.130519172725,3.26093332645085,14.0301397644635,10.5537149944996,17.5625532916344,17.997608793751,3.50683734016254,20.0265233521714,709.941380799448,0,0.178922137220551,"1650_SCM_data_df_8.xlsx"
"1650 8 donor 28",2017,324.63,145.130519172725,3.26093332645085,14.0416126269236,10.5128546324141,17.5625532916344,17.997608793751,4.06134296881678,20.0265233521714,845.462213462079,0,0.179919751590334,"1650_SCM_data_df_8.xlsx"
"1650 8 donor 28",2018,656.55,145.130519172725,3.26093332645085,14.0411461729481,10.5227335361447,17.5625532916344,17.997608793751,3.98404887121644,20.025152418251,845.845162117547,0,0.363879841378289,"1650_SCM_data_df_8.xlsx"
"1650 8 donor 28",2019,256.68,145.130519172725,3.26093332645085,14.0411461729481,10.5542005590356,17.5625532916344,17.997608793751,3.82621300912374,20.025152418251,834.816286022267,0,0.142259809131032,"1650_SCM_data_df_8.xlsx"
"1650 8 donor 28",2020,114.75,145.130519172725,3.26093332645085,14.0411461729481,10.6425259181184,17.5625532916344,17.997608793751,3.68323933963636,20.025152418251,835.793732661188,0,0.0635979160736557,"1650_SCM_data_df_8.xlsx"
"1650 8 donor 28",2021,735.75,145.130519172725,3.26093332645085,14.0411461729481,10.7715167016897,17.5625532916344,17.997608793751,4.68505939254271,20.025152418251,836.771179300109,0,0.407774873648734,"1650_SCM_data_df_8.xlsx"
"1650 8 donor 28",2022,948.33,145.130519172725,3.26093332645085,14.0411461729481,10.7715167016897,17.5625532916344,17.997608793751,5.04397425338879,20.025152418251,836.771179300109,0,0.525593130720086,"1650_SCM_data_df_8.xlsx"
"1650 8 donor 49",2001,299.43,104.149588769506,4.22490103604109,14.2806173175272,5.98154562665888,17.5917666752883,20.1203800568137,5.01236098810767,13.253445588139,969.001858749612,0,0.165953150413375,"1650_SCM_data_df_8.xlsx"
"1650 8 donor 49",2002,679.23,104.149588769506,4.22490103604109,14.2806173175272,5.99308608365812,17.5917666752883,20.1203800568137,5.01236098810767,13.253445588139,966.863140165089,0,0.376449782437553,"1650_SCM_data_df_8.xlsx"
"1650 8 donor 49",2003,24.84,104.149588769506,4.22490103604109,14.2806173175272,5.92805130473684,17.5917666752883,20.1203800568137,3.5434923404227,12.2804934344102,987.184616351051,0,0.0137670783030031,"1650_SCM_data_df_8.xlsx"
"1650 8 donor 49",2004,169.29,104.149588769506,4.22490103604109,14.2806173175272,5.87183227301842,17.5917666752883,20.1203800568137,3.53090301476522,12.2804934344102,808.15940544691,0,0.0938256314780756,"1650_SCM_data_df_8.xlsx"
"1650 8 donor 49",2005,48.69,104.149588769506,4.22490103604109,14.2806173175272,5.91037112261651,17.5917666752883,20.1203800568137,4.00808531048485,12.2804934344102,879.453424412438,0,0.0269854687026257,"1650_SCM_data_df_8.xlsx"
"1650 8 donor 49",2006,334.17,104.149588769506,4.22490103604109,14.2806173175272,5.79406772065411,17.5917666752883,20.1203800568137,5.45363563057748,12.2804934344102,982.535358588921,0,0.185207107750183,"1650_SCM_data_df_8.xlsx"
"1650 8 donor 49",2007,167.58,104.149588769506,4.22490103604109,14.2806173175272,5.86345816483188,17.5917666752883,20.1203800568137,4.36866131513832,12.2804934344102,920.50151296834,0,0.0928778978267819,"1650_SCM_data_df_8.xlsx"
"1650 8 donor 49",2008,405.45,104.149588769506,4.22490103604109,14.2806173175272,5.87539451929492,17.5917666752883,20.1203800568137,3.89518285964213,10.906581092722,958.604928771301,0,0.224712636793583,"1650_SCM_data_df_8.xlsx"
"1650 8 donor 49",2009,416.7,104.149588769506,4.22490103604109,14.2806173175272,5.8532266524428,17.5917666752883,20.1203800568137,3.62485569522875,10.906581092722,926.284445339356,0,0.230947726604726,"1650_SCM_data_df_8.xlsx"
"1650 8 donor 49",2010,1071.99,104.149588769506,4.22490103604109,12.1789013124519,5.78716186851503,17.5917666752883,20.1203800568137,4.20538977701749,10.906581092722,840.530897926378,0,0.594129237924167,"1650_SCM_data_df_8.xlsx"
"1650 8 donor 49",2011,661.32,104.149588769506,4.22490103604109,12.1789013124519,5.74698226863359,17.5917666752883,20.1203800568137,3.33730397809583,10.906581092722,955.480963521057,0,0.366523519458213,"1650_SCM_data_df_8.xlsx"
"1650 8 donor 49",2012,1081.89,104.149588769506,4.22490103604109,10.9940749667252,5.7500395900239,17.5917666752883,20.1203800568137,2.9012190500348,10.906581092722,822.022601699797,0,0.599616116957973,"1650_SCM_data_df_8.xlsx"
"1650 8 donor 49",2013,1346.67,104.149588769506,4.22490103604109,10.927889637702,5.60089168969165,17.5917666752883,20.1203800568137,2.79254501944312,9.63552356874137,907.486461807856,0,0.746365190753028,"1650_SCM_data_df_8.xlsx"
"1650 8 donor 49",2014,1364.31,104.149588769506,4.22490103604109,11.301407482852,5.73562074713071,17.5917666752883,20.1203800568137,2.95721159970827,9.63552356874137,970.863795831443,0,0.756141811576899,"1650_SCM_data_df_8.xlsx"
"1650 8 donor 49",2015,1470.15,104.149588769506,4.22490103604109,12.6576699177317,5.71544841885233,17.5917666752883,20.1203800568137,2.86722141839831,9.63552356874137,942.929545313051,0,0.81480153652013,"1650_SCM_data_df_8.xlsx"
"1650 8 donor 49",2016,3350.52,104.149588769506,4.22490103604109,12.6576699177317,5.4789235862807,17.5917666752883,20.1203800568137,2.14943496408324,9.63552356874137,812.730729214283,0,1.85695938791377,"1650_SCM_data_df_8.xlsx"
"1650 8 donor 49",2017,2479.05,104.149588769506,4.22490103604109,12.6576699177317,5.38728853572194,17.5917666752883,20.1203800568137,1.62303948068066,9.63552356874137,965.883136025809,0,1.37396439078341,"1650_SCM_data_df_8.xlsx"
"1650 8 donor 49",2018,3316.32,104.149588769506,4.22490103604109,12.6576921737991,5.3792672482025,17.5917666752883,20.1203800568137,1.37439200107012,9.32161074472183,1005.68511188674,0,1.83800471488789,"1650_SCM_data_df_8.xlsx"
"1650 8 donor 49",2019,3450.33,104.149588769506,4.22490103604109,12.6204716440228,5.25096714041337,17.5917666752883,20.1203800568137,1.17306446089342,9.32161074472183,982.004769145429,0,1.91227710471823,"1650_SCM_data_df_8.xlsx"
"1650 8 donor 49",2020,3832.02,104.149588769506,4.22490103604109,12.6204716440228,5.16818946741516,17.5917666752883,20.1203800568137,0.95424634921234,9.32161074472183,958.531222955165,0,2.12382123183068,"1650_SCM_data_df_8.xlsx"
"1650 8 donor 49",2021,4415.4,104.149588769506,4.22490103604109,12.6245192721625,4.68110109365443,17.5917666752883,20.1203800568137,0.813569710479079,9.32161074472183,935.057676764901,0,2.44714804907729,"1650_SCM_data_df_8.xlsx"
"1650 8 donor 49",2022,4238.46,104.149588769506,4.22490103604109,12.6245192721625,4.68110109365443,17.5917666752883,20.1203800568137,0.814673174717178,9.32161074472183,935.057676764901,0,2.34908255652764,"1650_SCM_data_df_8.xlsx"
"1650 8 donor 223",2001,282.42,110.605084027037,4.61759166711995,14.3468962003284,6.31662599837263,17.7372891657212,21.5169424505953,4.50114666794695,13.4696097979555,1031.19500744464,0,0.156525694618927,"1650_SCM_data_df_8.xlsx"
"1650 8 donor 223",2002,319.32,110.605084027037,4.61759166711995,14.3468962003284,6.59612167519018,17.7372891657212,21.5169424505953,4.50114666794695,13.4696097979555,1024.04935866339,0,0.176976789199475,"1650_SCM_data_df_8.xlsx"
"1650 8 donor 223",2003,38.43,110.605084027037,4.61759166711995,14.3468962003284,6.19755713827412,17.7372891657212,21.5169424505953,3.07858154491192,10.7590211091635,1053.05430158785,0,0.0212990667948635,"1650_SCM_data_df_8.xlsx"
"1650 8 donor 223",2004,233.19,110.605084027037,4.61759166711995,14.3468962003284,6.17804420646929,17.7372891657212,21.5169424505953,3.04402793445236,10.7590211091635,857.905385905495,0,0.129240941605366,"1650_SCM_data_df_8.xlsx"
"1650 8 donor 223",2005,88.65,110.605084027037,4.61759166711995,14.3468962003284,6.13375681779582,17.7372891657212,21.5169424505953,3.23880673059952,10.7590211091635,935.809365228565,0,0.0491325077118046,"1650_SCM_data_df_8.xlsx"
"1650 8 donor 223",2006,490.68,110.605084027037,4.61759166711995,14.3468962003284,6.08282634282853,17.7372891657212,21.5169424505953,3.89367599498691,10.7590211091635,1045.33141793143,0,0.271949677202801,"1650_SCM_data_df_8.xlsx"
"1650 8 donor 223",2007,218.7,110.605084027037,4.61759166711995,14.3468962003284,6.01772135593296,17.7372891657212,21.5169424505953,2.90880131510444,10.7590211091635,968.991062515895,0,0.121210145928614,"1650_SCM_data_df_8.xlsx"
"1650 8 donor 223",2008,274.68,110.605084027037,4.61759166711995,14.3468962003284,6.10509701601059,17.7372891657212,21.5169424505953,2.74046357570315,10.623221341502,1006.44554716672,0,0.152235952828861,"1650_SCM_data_df_8.xlsx"
"1650 8 donor 223",2009,238.41,110.605084027037,4.61759166711995,14.3468962003284,6.09087976568562,17.7372891657212,21.5169424505953,2.41421387237037,10.623221341502,992.477621839391,0,0.132134023277736,"1650_SCM_data_df_8.xlsx"
"1650 8 donor 223",2010,739.98,110.605084027037,4.61759166711995,10.9786201749254,6.3234770131466,17.7372891657212,21.5169424505953,2.9917092089503,10.623221341502,897.204775658226,0,0.410119267417723,"1650_SCM_data_df_8.xlsx"
"1650 8 donor 223",2011,805.32,110.605084027037,4.61759166711995,11.0604790773288,6.32280131843466,17.7372891657212,21.5169424505953,2.42605602542513,10.623221341502,1016.40829429894,0,0.44633266904084,"1650_SCM_data_df_8.xlsx"
"1650 8 donor 223",2012,2321.19,110.605084027037,4.61759166711995,11.0528773612658,6.08000623972488,17.7372891657212,21.5169424505953,1.92927859411372,10.623221341502,865.046239086523,0,1.28647361055345,"1650_SCM_data_df_8.xlsx"
"1650 8 donor 223",2013,2321.37,110.605084027037,4.61759166711995,10.8663512501096,5.89842431683283,17.7372891657212,21.5169424505953,1.75177232719203,8.21085308117637,958.267138627072,0,1.28657337199043,"1650_SCM_data_df_8.xlsx"
"1650 8 donor 223",2014,1515.15,110.605084027037,4.61759166711995,11.0114412976319,6.18652875146669,17.7372891657212,21.5169424505953,1.87012984866364,8.21085308117637,1041.14884510116,0,0.839741895764701,"1650_SCM_data_df_8.xlsx"
"1650 8 donor 223",2015,1492.29,110.605084027037,4.61759166711995,14.0018403730514,6.02683389854591,17.7372891657212,21.5169424505953,1.8680366490868,8.21085308117637,1011.10850682677,0,0.827072193268459,"1650_SCM_data_df_8.xlsx"
"1650 8 donor 223",2016,2358.45,110.605084027037,4.61759166711995,14.0018403730514,6.0250168536956,17.7372891657212,21.5169424505953,1.43688315141074,8.21085308117637,879.523050922653,0,1.30712422800796,"1650_SCM_data_df_8.xlsx"
"1650 8 donor 223",2017,2510.46,110.605084027037,4.61759166711995,14.0018403730514,5.92938131978895,17.7372891657212,21.5169424505953,1.13098742952419,8.21085308117637,1027.49265115299,0,1.39137276153612,"1650_SCM_data_df_8.xlsx"
"1650 8 donor 223",2018,5294.7,110.605084027037,4.61759166711995,14.0016016766555,5.87280956794817,17.7372891657212,21.5169424505953,0.950528307992198,8.17117920032503,1082.49405493458,0,2.93448266871621,"1650_SCM_data_df_8.xlsx"
"1650 8 donor 223",2019,5723.46,110.605084027037,4.61759166711995,13.9507844353221,5.91544808795337,17.7372891657212,21.5169424505953,0.751609198515609,8.17117920032503,1050.39633302673,0,3.17211441159848,"1650_SCM_data_df_8.xlsx"
"1650 8 donor 223",2020,5990.85,110.605084027037,4.61759166711995,13.9507844353221,5.61811026862676,17.7372891657212,21.5169424505953,0.563487722028638,8.17117920032503,1024.05011040916,0,3.32031002622972,"1650_SCM_data_df_8.xlsx"
"1650 8 donor 223",2021,5597.19,110.605084027037,4.61759166711995,13.956282403887,5.11401995135657,17.7372891657212,21.5169424505953,0.477123369717853,8.17117920032503,997.703887791582,0,3.10213176355821,"1650_SCM_data_df_8.xlsx"
"1650 8 donor 223",2022,4541.49,110.605084027037,4.61759166711995,13.956282403887,5.11401995135657,17.7372891657212,21.5169424505953,0.473794618029153,8.17117920032503,997.703887791582,0,2.51703093568058,"1650_SCM_data_df_8.xlsx"
"1650 8 donor 298",2001,115.2,306.563891946256,5.44997636067647,37.5115019484819,13.4744346582788,18.1218708892488,22.5377661269106,11.03754400361,24.65972222546,986.971519582784,0,0.0638473196661014,"1650_SCM_data_df_8.xlsx"
"1650 8 donor 298",2002,22.77,306.563891946256,5.44997636067647,37.5115019484819,12.6808631772161,18.1218708892488,22.5377661269106,11.03754400361,24.65972222546,973.346784269387,0,0.0126198217777529,"1650_SCM_data_df_8.xlsx"
"1650 8 donor 298",2003,16.65,306.563891946256,5.44997636067647,37.5115019484819,11.7460062686668,18.1218708892488,22.5377661269106,10.7027186010227,25.0469657721023,985.552820483787,0,0.00922793292049122,"1650_SCM_data_df_8.xlsx"
"1650 8 donor 298",2004,52.38,306.563891946256,5.44997636067647,37.5115019484819,13.7077136761174,18.1218708892488,22.5377661269106,9.69551299163715,25.0469657721023,919.549379766093,0,0.0290305781606805,"1650_SCM_data_df_8.xlsx"
"1650 8 donor 298",2005,117.18,306.563891946256,5.44997636067647,37.5115019484819,13.080662153604,18.1218708892488,22.5377661269106,11.0078116880053,25.0469657721023,780.66016377128,0,0.0649446954728625,"1650_SCM_data_df_8.xlsx"
"1650 8 donor 298",2006,122.22,306.563891946256,5.44997636067647,37.5115019484819,10.7654043933952,18.1218708892488,22.5377661269106,8.51758861749088,25.0469657721023,1012.3562399988,0,0.0677380157082545,"1650_SCM_data_df_8.xlsx"
"1650 8 donor 298",2007,264.42,306.563891946256,5.44997636067647,37.5115019484819,13.090318604131,18.1218708892488,22.5377661269106,7.65563033903752,25.0469657721023,888.84329165508,0,0.146549550921098,"1650_SCM_data_df_8.xlsx"
"1650 8 donor 298",2008,523.35,306.563891946256,5.44997636067647,37.5115019484819,10.8820913863278,18.1218708892488,22.5377661269106,5.47998690040679,25.0268309802243,969.744908997763,0,0.290056378014359,"1650_SCM_data_df_8.xlsx"
"1650 8 donor 298",2009,607.14,306.563891946256,5.44997636067647,37.5115019484819,10.6916513491177,18.1218708892488,22.5377661269106,5.6918371623043,25.0268309802243,979.491714025795,0,0.33649532692775,"1650_SCM_data_df_8.xlsx"
"1650 8 donor 298",2010,505.08,306.563891946256,5.44997636067647,11.1495146617645,12.0962273693302,18.1218708892488,22.5377661269106,6.30484722969219,25.0268309802243,852.910929315703,0,0.279930592161063,"1650_SCM_data_df_8.xlsx"
"1650 8 donor 298",2011,452.97,306.563891946256,5.44997636067647,11.5863322765296,16.3991877225379,18.1218708892488,22.5377661269106,8.11598370390845,25.0268309802243,961.411233757331,0,0.25104965615585,"1650_SCM_data_df_8.xlsx"
"1650 8 donor 298",2012,489.78,306.563891946256,5.44997636067647,8.82670063924416,13.1903613952474,18.1218708892488,22.5377661269106,6.73636943949993,25.0268309802243,935.479290476167,0,0.271450870017909,"1650_SCM_data_df_8.xlsx"
"1650 8 donor 298",2013,388.71,306.563891946256,5.44997636067647,8.60654375162003,10.6603385518569,18.1218708892488,22.5377661269106,6.46929294389227,18.8211125601459,920.529945455827,0,0.215434823154603,"1650_SCM_data_df_8.xlsx"
"1650 8 donor 298",2014,296.28,306.563891946256,5.44997636067647,9.05741748188753,10.6152526232767,18.1218708892488,22.5377661269106,4.94414333122972,18.8211125601459,977.550011961198,0,0.164207325266255,"1650_SCM_data_df_8.xlsx"
"1650 8 donor 298",2015,177.93,306.563891946256,5.44997636067647,8.86628086835522,8.47201623059636,18.1218708892488,22.5377661269106,5.10099195741259,18.8211125601459,946.536151402679,0,0.0986141804530332,"1650_SCM_data_df_8.xlsx"
"1650 8 donor 298",2016,189.81,306.563891946256,5.44997636067647,8.8677420011223,8.25809447958798,18.1218708892488,22.5377661269106,5.16216640052307,18.8211125601459,821.476993149092,0,0.1051984352936,"1650_SCM_data_df_8.xlsx"
"1650 8 donor 298",2017,463.95,306.563891946256,5.44997636067647,10.816532635199,8.38901481523418,18.1218708892488,22.5377661269106,6.36929687915416,18.8211125601459,991.274747885144,0,0.257135103811526,"1650_SCM_data_df_8.xlsx"
"1650 8 donor 298",2018,83.7,306.563891946256,5.44997636067647,10.7895830154319,8.19952317447419,18.1218708892488,22.5377661269106,4.16978791602629,18.5346861514859,1036.6437133775,0,0.0463890681949018,"1650_SCM_data_df_8.xlsx"
"1650 8 donor 298",2019,268.2,306.563891946256,5.44997636067647,10.7864238066138,8.45229114332957,18.1218708892488,22.5377661269106,4.24655121141126,18.5346861514859,977.318927721617,0,0.148644541097642,"1650_SCM_data_df_8.xlsx"
"1650 8 donor 298",2020,310.86,306.563891946256,5.44997636067647,11.150846217847,8.3406032540009,18.1218708892488,22.5377661269106,4.19787960651822,18.5346861514859,991.567603802939,0,0.172288001661496,"1650_SCM_data_df_8.xlsx"
"1650 8 donor 298",2021,461.34,306.563891946256,5.44997636067647,11.1658881353242,8.19959512316148,18.1218708892488,22.5377661269106,6.7282661813362,18.5346861514859,1005.81627988426,0,0.25568856297534,"1650_SCM_data_df_8.xlsx"
"1650 8 donor 298",2022,228.15,306.563891946256,5.44997636067647,11.1656453252253,8.19959512316148,18.1218708892488,22.5377661269106,6.00879207441586,18.5346861514859,1005.81627988426,0,0.126447621369974,"1650_SCM_data_df_8.xlsx"
"1650 9 donor 188",2001,564.03,116.259154745081,5.20711670072834,13.8805971479224,5.87477473948649,17.681893785534,23.1630910864062,3.15845011861455,12.6891305181852,1140.79037619048,0,0.312602462771451,"1650_SCM_data_df_9.xlsx"
"1650 9 donor 188",2002,392.94,116.259154745081,5.20711670072834,13.8805971479224,6.1901520369842,17.681893785534,23.1630910864062,3.15845011861455,12.6891305181852,1128.36051554757,0,0.217779216923593,"1650_SCM_data_df_9.xlsx"
"1650 9 donor 188",2003,210.33,116.259154745081,5.20711670072834,13.8805971479224,5.54619779433559,17.681893785534,23.1630910864062,2.56743051030342,11.0309725943227,1164.94846323707,0,0.116571239109124,"1650_SCM_data_df_9.xlsx"
"1650 9 donor 188",2004,644.94,116.259154745081,5.20711670072834,13.8805971479224,5.53370938992048,17.681893785534,23.1630910864062,2.49134993511446,11.0309725943227,935.62719068636,0,0.35744522869319,"1650_SCM_data_df_9.xlsx"
"1650 9 donor 188",2005,370.08,116.259154745081,5.20711670072834,13.8805971479224,5.50731927405899,17.681893785534,23.1630910864062,2.47546071066598,11.0309725943227,1026.22727694459,0,0.205109514427351,"1650_SCM_data_df_9.xlsx"
"1650 9 donor 188",2006,1107.81,116.259154745081,5.20711670072834,13.8805971479224,5.49211169138682,17.681893785534,23.1630910864062,2.56110070635878,11.0309725943227,1153.38856409285,0,0.613981763882846,"1650_SCM_data_df_9.xlsx"
"1650 9 donor 188",2007,657.36,116.259154745081,5.20711670072834,13.8805971479224,5.23736271517966,17.681893785534,23.1630910864062,1.88054316470493,11.0309725943227,1055.46988918573,0,0.364328767844691,"1650_SCM_data_df_9.xlsx"
"1650 9 donor 188",2008,564.39,116.259154745081,5.20711670072834,13.8805971479224,5.53401964494453,17.681893785534,23.1630910864062,1.86025445345725,10.2955084273498,1091.23957127297,0,0.312801985645408,"1650_SCM_data_df_9.xlsx"
"1650 9 donor 188",2009,764.82,116.259154745081,5.20711670072834,13.8805971479224,5.52476187838373,17.681893785534,23.1630910864062,1.66393752449166,10.2955084273498,1104.69385975221,0,0.423886345720726,"1650_SCM_data_df_9.xlsx"
"1650 9 donor 188",2010,1869.12,116.259154745081,5.20711670072834,8.7590684645161,5.80257763619026,17.681893785534,23.1630910864062,2.1127168087414,10.2955084273498,996.111580139464,0,1.0359227615825,"1650_SCM_data_df_9.xlsx"
"1650 9 donor 188",2011,3516.84,116.259154745081,5.20711670072834,9.05221918325254,5.78864692495812,17.681893785534,23.1630910864062,1.7386279555115,10.2955084273498,1106.11512437436,0,1.9491389556817,"1650_SCM_data_df_9.xlsx"
"1650 9 donor 188",2012,3176.37,116.259154745081,5.20711670072834,9.32211286310094,5.85745764678064,17.681893785534,23.1630910864062,1.43008964084825,10.2955084273498,934.71182496889,0,1.76044019763728,"1650_SCM_data_df_9.xlsx"
"1650 9 donor 188",2013,2961.09,116.259154745081,5.20711670072834,8.55395082686051,5.42205923511657,17.681893785534,23.1630910864062,1.33334519663816,7.82461113800028,1050.02697228547,0,1.64112551901125,"1650_SCM_data_df_9.xlsx"
"1650 9 donor 188",2014,1578.51,116.259154745081,5.20711670072834,8.95871054165275,6.27494481676079,17.681893785534,23.1630910864062,1.31776106356785,7.82461113800028,1162.24731427068,0,0.874857921581057,"1650_SCM_data_df_9.xlsx"
"1650 9 donor 188",2015,1997.64,116.259154745081,5.20711670072834,13.8004960447016,5.62616540762441,17.681893785534,23.1630910864062,1.45255570498781,7.82461113800028,1128.49517454359,0,1.10715242758499,"1650_SCM_data_df_9.xlsx"
"1650 9 donor 188",2016,3838.23,116.259154745081,5.20711670072834,13.8004960846654,5.70878423475578,17.681893785534,23.1630910864062,1.17407203127827,7.82461113800028,980.775680801808,0,2.12726300140643,"1650_SCM_data_df_9.xlsx"
"1650 9 donor 188",2017,3004.74,116.259154745081,5.20711670072834,13.8004960846654,5.71510218002103,17.681893785534,23.1630910864062,0.89483847052176,7.82461113800028,1134.97386218139,0,1.66531766747849,"1650_SCM_data_df_9.xlsx"
"1650 9 donor 188",2018,5493.69,116.259154745081,5.20711670072834,13.7809831425251,5.63197783401068,17.681893785534,23.1630910864062,0.740403580305434,7.82370186341954,1214.12220047335,0,3.0447689372957,"1650_SCM_data_df_9.xlsx"
"1650 9 donor 188",2019,6802.65,116.259154745081,5.20711670072834,13.7763754957999,5.80459588462474,17.681893785534,23.1630910864062,0.640554980090296,7.82370186341954,1168.43582674354,0,3.77023410700178,"1650_SCM_data_df_9.xlsx"
"1650 9 donor 188",2020,6788.61,116.259154745081,5.20711670072834,13.7680232033809,5.66083584623736,17.681893785534,23.1630910864062,0.560560466776271,7.82370186341954,1134.57637958345,0,3.76245271491747,"1650_SCM_data_df_9.xlsx"
"1650 9 donor 188",2021,5442.12,116.259154745081,5.20711670072834,13.7720924799377,5.51618132317663,17.681893785534,23.1630910864062,0.477173362625261,7.82370186341954,1100.71693242337,0,3.01618728560142,"1650_SCM_data_df_9.xlsx"
"1650 9 donor 188",2022,3666.06,116.259154745081,5.20711670072834,13.7720956093191,5.51618132317663,17.681893785534,23.1630910864062,0.467576451154896,7.82370186341954,1100.71693242337,0,2.0318411869367,"1650_SCM_data_df_9.xlsx"
"1650 9 donor 199",2001,41.4,165.791639030439,3.58757122931307,51.586543932583,16.6484223799885,16.5810382120883,18.4687674388271,14.9555972694389,21.4826521776052,843.942327193327,0,0.0229451305050052,"1650_SCM_data_df_9.xlsx"
"1650 9 donor 199",2002,98.01,165.791639030439,3.58757122931307,51.586543932583,15.9459010840432,16.5810382120883,18.4687674388271,14.9555972694389,21.4826521776052,816.199584721158,0,0.0543201024346753,"1650_SCM_data_df_9.xlsx"
"1650 9 donor 199",2003,2.43,165.791639030439,3.58757122931307,51.586543932583,15.8960346892707,16.5810382120883,18.4687674388271,9.310292370847,21.3369620582112,820.87804056323,0,0.00134677939920683,"1650_SCM_data_df_9.xlsx"
"1650 9 donor 199",2004,27.54,165.791639030439,3.58757122931307,51.586543932583,14.735291759196,16.5810382120883,18.4687674388271,9.29931882836085,21.3369620582112,719.011700184439,0,0.0152634998576774,"1650_SCM_data_df_9.xlsx"
"1650 9 donor 199",2005,24.3,165.791639030439,3.58757122931307,51.586543932583,14.8340733870202,16.5810382120883,18.4687674388271,9.34395966489073,21.3369620582112,705.886492114864,0,0.0134677939920683,"1650_SCM_data_df_9.xlsx"
"1650 9 donor 199",2006,11.34,165.791639030439,3.58757122931307,51.586543932583,14.7138055121856,16.5810382120883,18.4687674388271,12.5927468786095,21.3369620582112,828.067952650885,0,0.00628497052963186,"1650_SCM_data_df_9.xlsx"
"1650 9 donor 199",2007,24.48,165.791639030439,3.58757122931307,51.586543932583,15.8676818426791,16.5810382120883,18.4687674388271,12.1574314065587,21.3369620582112,766.004889877842,0,0.0135675554290466,"1650_SCM_data_df_9.xlsx"
"1650 9 donor 199",2008,18,165.791639030439,3.58757122931307,51.586543932583,15.7948166412367,16.5810382120883,18.4687674388271,10.0009741796689,21.3096157432975,848.915900761567,0,0.00997614369782835,"1650_SCM_data_df_9.xlsx"
"1650 9 donor 199",2009,9.54,165.791639030439,3.58757122931307,51.586543932583,15.6242765928042,16.5810382120883,18.4687674388271,10.4533834263668,21.3096157432975,788.590502980272,0,0.00528735615984902,"1650_SCM_data_df_9.xlsx"
"1650 9 donor 199",2010,56.88,165.791639030439,3.58757122931307,30.2284320315305,15.7872242178277,16.5810382120883,18.4687674388271,10.26177373464,21.3096157432975,733.982676733562,0,0.0315246140851376,"1650_SCM_data_df_9.xlsx"
"1650 9 donor 199",2011,347.67,165.791639030439,3.58757122931307,30.2284320315305,15.6419448659335,16.5810382120883,18.4687674388271,7.46933605116555,21.3096157432975,844.42408173256,0,0.192689215523555,"1650_SCM_data_df_9.xlsx"
"1650 9 donor 199",2012,541.98,165.791639030439,3.58757122931307,28.7965087371183,15.4199851549747,16.5810382120883,18.4687674388271,5.7517086792834,21.3096157432975,791.135813165594,0,0.300381686741611,"1650_SCM_data_df_9.xlsx"
"1650 9 donor 199",2013,997.2,165.791639030439,3.58757122931307,28.1510290872802,15.1404143363892,16.5810382120883,18.4687674388271,5.74251929670125,20.7786629619783,803.865745378899,0,0.55267836085969,"1650_SCM_data_df_9.xlsx"
"1650 9 donor 199",2014,98.82,165.791639030439,3.58757122931307,29.011696935251,11.3118670180792,16.5810382120883,18.4687674388271,5.07067060817092,20.7786629619783,824.638952733586,0,0.0547690289010776,"1650_SCM_data_df_9.xlsx"
"1650 9 donor 199",2015,395.37,165.791639030439,3.58757122931307,25.6113403793457,11.4409364743259,16.5810382120883,18.4687674388271,4.90352261637882,20.7786629619783,779.154936417712,0,0.2191259963228,"1650_SCM_data_df_9.xlsx"
"1650 9 donor 199",2016,934.02,165.791639030439,3.58757122931307,21.214444627545,10.3943787357473,16.5810382120883,18.4687674388271,4.86673647943226,20.7786629619783,733.420192586812,0,0.517662096480313,"1650_SCM_data_df_9.xlsx"
"1650 9 donor 199",2017,519.93,165.791639030439,3.58757122931307,25.6165748920036,10.2057447061938,16.5810382120883,18.4687674388271,4.60636932842162,20.7786629619783,872.06009665418,0,0.288160910711772,"1650_SCM_data_df_9.xlsx"
"1650 9 donor 199",2018,851.49,165.791639030439,3.58757122931307,25.6164730654317,10.2121951249972,16.5810382120883,18.4687674388271,4.41026267247088,20.7786629619783,866.061158995405,0,0.47192147762577,"1650_SCM_data_df_9.xlsx"
"1650 9 donor 199",2019,1024.56,165.791639030439,3.58757122931307,25.6164196858378,10.2250383336451,16.5810382120883,18.4687674388271,3.51648200375094,20.7786629619783,847.379986246178,0,0.567842099280389,"1650_SCM_data_df_9.xlsx"
"1650 9 donor 199",2020,151.02,165.791639030439,3.58757122931307,25.6164196858378,10.3260842579791,16.5810382120883,18.4687674388271,3.34957875173241,20.7786629619783,855.090118894521,0,0.0836998456247798,"1650_SCM_data_df_9.xlsx"
"1650 9 donor 199",2021,631.8,165.791639030439,3.58757122931307,25.6164196858378,10.665888701163,16.5810382120883,18.4687674388271,3.4627057559024,20.7786629619783,862.800251542865,0,0.350162643793775,"1650_SCM_data_df_9.xlsx"
"1650 9 donor 199",2022,1067.85,165.791639030439,3.58757122931307,25.6164245529591,10.665888701163,16.5810382120883,18.4687674388271,3.71849356739623,20.7786629619783,862.800251542865,0,0.591834724873667,"1650_SCM_data_df_9.xlsx"
"1650 9 donor 248",2001,594.45,210.157529376699,10.0941755181128,29.0872901575915,5.33009421413201,17.5205512869115,24.8406989413529,2.85426489177064,14.0115453667488,1300.09923714804,0,0.329462145620781,"1650_SCM_data_df_9.xlsx"
"1650 9 donor 248",2002,523.26,210.157529376699,10.0941755181128,29.0872901575915,6.0446897156714,17.5205512869115,24.8406989413529,2.85426489177064,14.0115453667488,1275.02743098039,0,0.29000649729587,"1650_SCM_data_df_9.xlsx"
"1650 9 donor 248",2003,390.24,210.157529376699,10.0941755181128,29.0872901575915,5.33694298220053,17.5205512869115,24.8406989413529,2.38662851844636,12.7391920010346,1326.30781101714,0,0.216282795368919,"1650_SCM_data_df_9.xlsx"
"1650 9 donor 248",2004,810.81,210.157529376699,10.0941755181128,29.0872901575915,5.55366961391099,17.5205512869115,24.8406989413529,2.17983544830028,12.7391920010346,1082.88778661346,0,0.449375392868678,"1650_SCM_data_df_9.xlsx"
"1650 9 donor 248",2005,566.73,210.157529376699,10.0941755181128,29.0872901575915,5.66638648696802,17.5205512869115,24.8406989413529,2.52284931588964,12.7391920010346,1167.65116971936,0,0.314098884326125,"1650_SCM_data_df_9.xlsx"
"1650 9 donor 248",2006,1029.87,210.157529376699,10.0941755181128,29.0872901575915,5.573293213068,17.5205512869115,24.8406989413529,2.26279274988996,12.7391920010346,1315.49893631444,0,0.570785061671249,"1650_SCM_data_df_9.xlsx"
"1650 9 donor 248",2007,1169.64,210.157529376699,10.0941755181128,29.0872901575915,5.644691757096,17.5205512869115,24.8406989413529,2.1175747387304,12.7391920010346,1186.56732964991,0,0.648249817484886,"1650_SCM_data_df_9.xlsx"
"1650 9 donor 248",2008,742.41,210.157529376699,10.0941755181128,29.0872901575915,5.59333390280088,17.5205512869115,24.8406989413529,1.97501968492793,18.0343141951165,1218.69340805076,0,0.41146604681693,"1650_SCM_data_df_9.xlsx"
"1650 9 donor 248",2009,910.53,210.157529376699,10.0941755181128,29.0872901575915,5.30660677710785,17.5205512869115,24.8406989413529,2.6986809555288,18.0343141951165,1262.40365876588,0,0.504643228954647,"1650_SCM_data_df_9.xlsx"
"1650 9 donor 248",2010,1665.27,210.157529376699,10.0941755181128,26.6733008820087,5.64448269479148,17.5205512869115,24.8406989413529,2.46735471667324,18.0343141951165,1139.25820025408,0,0.922942934204589,"1650_SCM_data_df_9.xlsx"
"1650 9 donor 248",2011,3718.71,210.157529376699,10.0941755181128,26.3555884742211,5.58851431522637,17.5205512869115,24.8406989413529,2.25643919934861,18.0343141951165,1253.67366528803,0,2.06102140725285,"1650_SCM_data_df_9.xlsx"
"1650 9 donor 248",2012,5021.28,210.157529376699,10.0941755181128,26.2732065096912,6.27437013669996,17.5205512869115,24.8406989413529,1.9095422491082,18.0343141951165,1065.44722496071,0,2.7829450459462,"1650_SCM_data_df_9.xlsx"
"1650 9 donor 248",2013,8010,210.157529376699,10.0941755181128,21.2757793007982,5.57425599841926,17.5205512869115,24.8406989413529,1.80242750195234,16.6276257743454,1200.35810244969,0,4.43938394553361,"1650_SCM_data_df_9.xlsx"
"1650 9 donor 248",2014,3324.69,210.157529376699,10.0941755181128,21.3381948766792,5.57498408210545,17.5205512869115,24.8406989413529,1.75766144210719,16.6276257743454,1320.43622601128,0,1.84264362170738,"1650_SCM_data_df_9.xlsx"
"1650 9 donor 248",2015,1774.98,210.157529376699,10.0941755181128,18.0972007806035,5.23060561985655,17.5205512869115,24.8406989413529,2.02309446056826,16.6276257743454,1284.19630508053,0,0.983747530042853,"1650_SCM_data_df_9.xlsx"
"1650 9 donor 248",2016,3217.32,210.157529376699,10.0941755181128,15.6017480666688,4.91971235117388,17.5205512869115,24.8406989413529,1.96608578423618,16.6276257743454,1117.57025820249,0,1.78313592454984,"1650_SCM_data_df_9.xlsx"
"1650 9 donor 248",2017,1695.87,210.157529376699,10.0941755181128,15.7624547642399,4.86501938298802,17.5205512869115,24.8406989413529,1.26908053136984,16.6276257743454,1275.82097946108,0,0.939902378490898,"1650_SCM_data_df_9.xlsx"
"1650 9 donor 248",2018,3456.9,210.157529376699,10.0941755181128,17.7866181253861,4.80615543466859,17.5205512869115,24.8406989413529,1.27951196686654,11.1284979216655,1400.61253056736,0,1.91591839716793,"1650_SCM_data_df_9.xlsx"
"1650 9 donor 248",2019,4609.26,210.157529376699,10.0941755181128,17.7866799980907,4.82564787867788,17.5205512869115,24.8406989413529,1.18766625871477,11.1284979216655,1346.98386032216,0,2.5545911167029,"1650_SCM_data_df_9.xlsx"
"1650 9 donor 248",2020,5423.76,210.157529376699,10.0941755181128,17.7866799980907,4.81611630902883,17.5205512869115,24.8406989413529,1.18742188831221,11.1284979216655,1301.76110007348,0,3.00601161902964,"1650_SCM_data_df_9.xlsx"
"1650 9 donor 248",2021,3867.3,210.157529376699,10.0941755181128,17.7866836491214,4.80302471577964,17.5205512869115,24.8406989413529,0.974860629200586,11.1284979216655,1256.5383398248,0,2.14337447347842,"1650_SCM_data_df_9.xlsx"
"1650 9 donor 248",2022,3029.85,210.157529376699,10.0941755181128,17.7866836491214,4.80302471577964,17.5205512869115,24.8406989413529,0.956625626705697,11.1284979216655,1256.5383398248,0,1.67923438793696,"1650_SCM_data_df_9.xlsx"
"1398 project area",2001,170.28,153.859741897616,6.58688911112534,16.598135204999,4.86672557215135,17.4301968227299,24.1901879707462,5.47325976962635,10.1401322146598,1114.18783025576,0,0.119938001298872,"1398_SCM_data_df_0.xlsx"
"1398 project area",2002,219.78,153.859741897616,6.58688911112534,16.598135204999,4.93502974926614,17.4301968227299,24.1901879707462,5.47325976962635,10.1401322146598,1125.07252074988,0,0.15480369935087,"1398_SCM_data_df_0.xlsx"
"1398 project area",2003,64.98,153.859741897616,6.58688911112534,16.598135204999,5.30930147884207,17.4301968227299,24.1901879707462,3.60411029418492,9.53849253400464,1203.03733641208,0,0.0457691527155317,"1398_SCM_data_df_0.xlsx"
"1398 project area",2004,169.83,153.859741897616,6.58688911112534,16.598135204999,4.84353760937541,17.4301968227299,24.1901879707462,3.38976740100879,9.53849253400464,975.601409372822,0,0.119621040407491,"1398_SCM_data_df_0.xlsx"
"1398 project area",2005,125.55,153.859741897616,6.58688911112534,16.598135204999,4.97255453516024,17.4301968227299,24.1901879707462,2.91178030190533,9.53849253400464,1036.9816584418,0,0.0884320886955217,"1398_SCM_data_df_0.xlsx"
"1398 project area",2006,322.47,153.859741897616,6.58688911112534,16.598135204999,4.90159106248183,17.4301968227299,24.1901879707462,2.93350052747924,9.53849253400464,1164.35740483917,0,0.227134174764197,"1398_SCM_data_df_0.xlsx"
"1398 project area",2007,175.68,153.859741897616,6.58688911112534,16.598135204999,4.9147968546895,17.4301968227299,24.1901879707462,2.45459966964809,9.53849253400464,1106.19036600047,0,0.123741531995454,"1398_SCM_data_df_0.xlsx"
"1398 project area",2008,161.82,153.859741897616,6.58688911112534,16.598135204999,5.17281475027606,17.4301968227299,24.1901879707462,2.50425031652273,9.53823460193439,1055.44566663616,0,0.113979136540895,"1398_SCM_data_df_0.xlsx"
"1398 project area",2009,125.55,153.859741897616,6.58688911112534,16.598135204999,4.83527495004958,17.4301968227299,24.1901879707462,3.29552900220915,9.53823460193439,1121.65412357708,0,0.0884320886955217,"1398_SCM_data_df_0.xlsx"
"1398 project area",2010,185.85,153.859741897616,6.58688911112534,15.5753182392398,5.7934578428316,17.4301968227299,24.1901879707462,3.63823768657951,9.53823460193439,992.101960591064,0,0.130904848140683,"1398_SCM_data_df_0.xlsx"
"1398 project area",2011,271.71,153.859741897616,6.58688911112534,15.9319351387035,5.03885354375263,17.4301968227299,24.1901879707462,2.97528483808604,9.53823460193439,1108.37494737731,0,0.19138098621633,"1398_SCM_data_df_0.xlsx"
"1398 project area",2012,54.9,153.859741897616,6.58688911112534,15.9319094741465,5.9696794530825,17.4301968227299,24.1901879707462,2.73577118872496,9.53823460193439,962.604011995861,0,0.0386692287485794,"1398_SCM_data_df_0.xlsx"
"1398 project area",2013,88.65,153.859741897616,6.58688911112534,5.93075615609444,5.36009823289176,17.4301968227299,24.1901879707462,2.97944772958719,8.31832148927201,1095.54840653577,0,0.0624412956022143,"1398_SCM_data_df_0.xlsx"
"1398 project area",2014,92.79,153.859741897616,6.58688911112534,9.46402532181864,4.77829513360813,17.4301968227299,24.1901879707462,3.08271404361574,8.31832148927201,1159.48370210279,1,0.0653573358029268,"1398_SCM_data_df_0.xlsx"
"1398 project area",2015,252.18,153.859741897616,6.58688911112534,9.46304243832645,4.9130259242499,17.4301968227299,24.1901879707462,4.12581596217633,8.31832148927201,1125.51909341143,1,0.17762488353036,"1398_SCM_data_df_0.xlsx"
"1398 project area",2016,274.32,153.859741897616,6.58688911112534,9.46265782889685,4.8174756560765,17.4301968227299,24.1901879707462,3.26685053581897,8.31832148927201,960.990487085442,1,0.193219359386344,"1398_SCM_data_df_0.xlsx"
"1398 project area",2017,340.74,153.859741897616,6.58688911112534,9.93577224438722,4.76616020519259,17.4301968227299,24.1901879707462,2.38403461798046,8.31832148927201,1149.64348710656,1,0.240002786954298,"1398_SCM_data_df_0.xlsx"
"1398 project area",2018,272.25,153.859741897616,6.58688911112534,9.93569602979501,4.64455678301707,17.4301968227299,24.1901879707462,2.09967767816236,7.31093260018763,1202.8971995579,1,0.191761339285988,"1398_SCM_data_df_0.xlsx"
"1398 project area",2019,1039.68,153.859741897616,6.58688911112534,9.92240743495889,4.65113118925983,17.4301968227299,24.1901879707462,2.2193203315624,7.31093260018763,1192.0933170948,1,0.732306443448507,"1398_SCM_data_df_0.xlsx"
"1398 project area",2020,1451.7,153.859741897616,6.58688911112534,9.92218514838037,4.69149612818273,17.4301968227299,24.1901879707462,2.71078682378675,7.31093260018763,1138.75486205464,1,1.02251583559768,"1398_SCM_data_df_0.xlsx"
"1398 project area",2021,1976.22,153.859741897616,6.58688911112534,9.8509364885436,4.48791087325086,17.4301968227299,24.1901879707462,2.32149661097227,7.31093260018763,1085.41640701448,1,1.39196545059231,"1398_SCM_data_df_0.xlsx"
"1398 project area",2022,3209.4,153.859741897616,6.58688911112534,9.85162682268886,4.48791087325086,17.4301968227299,24.1901879707462,1.93415567992039,7.31093260018763,1085.41640701448,1,2.26056507733499,"1398_SCM_data_df_0.xlsx"
"1398 0 donor 5",2001,77.49,351.004790804358,8.2884261429978,8.48600826760376,6.21752862341969,14.7110844284223,19.2576724030537,6.04465026635521,9.88790564079032,1093.08694341918,0,0.0545806654959457,"1398_SCM_data_df_0.xlsx"
"1398 0 donor 5",2002,160.02,351.004790804358,8.2884261429978,8.48600826760376,5.68048577503419,14.7110844284223,19.2576724030537,6.04465026635521,9.88790564079032,1036.22083121514,0,0.112711292975367,"1398_SCM_data_df_0.xlsx"
"1398 0 donor 5",2003,141.3,351.004790804358,8.2884261429978,8.48600826760376,5.53490651280539,14.7110844284223,19.2576724030537,4.61012825237341,9.32900184397053,1163.16575578391,0,0.0995257198938847,"1398_SCM_data_df_0.xlsx"
"1398 0 donor 5",2004,136.44,351.004790804358,8.2884261429978,8.48600826760376,5.49566171797526,14.7110844284223,19.2576724030537,3.63450111166086,9.32900184397053,1051.40684844892,0,0.0961025422669612,"1398_SCM_data_df_0.xlsx"
"1398 0 donor 5",2005,80.37,351.004790804358,8.2884261429978,8.48600826760376,4.52309838145838,14.7110844284223,19.2576724030537,3.48310646184987,9.32900184397053,971.729307987275,0,0.0566092152007892,"1398_SCM_data_df_0.xlsx"
"1398 0 donor 5",2006,237.6,351.004790804358,8.2884261429978,8.48600826760376,4.85471140312785,14.7110844284223,19.2576724030537,3.73352390158828,9.32900184397053,1162.78530580172,0,0.167355350649589,"1398_SCM_data_df_0.xlsx"
"1398 0 donor 5",2007,113.13,351.004790804358,8.2884261429978,8.48600826760376,5.17566707463928,14.7110844284223,19.2576724030537,3.96699009675215,9.32900184397053,1042.52186118625,0,0.0796839680933841,"1398_SCM_data_df_0.xlsx"
"1398 0 donor 5",2008,138.69,351.004790804358,8.2884261429978,8.48600826760376,4.79408222137922,14.7110844284223,19.2576724030537,4.42878516194918,7.3761541094854,1021.45924051952,0,0.0976873467238702,"1398_SCM_data_df_0.xlsx"
"1398 0 donor 5",2009,211.77,351.004790804358,8.2884261429978,8.48600826760376,4.78263202793826,14.7110844284223,19.2576724030537,3.72689793271197,7.3761541094854,1113.3224095466,0,0.149161795484274,"1398_SCM_data_df_0.xlsx"
"1398 0 donor 5",2010,205.29,351.004790804358,8.2884261429978,8.48600826760376,5.16238983648486,14.7110844284223,19.2576724030537,3.2088390769731,7.3761541094854,990.2824569754,0,0.144597558648376,"1398_SCM_data_df_0.xlsx"
"1398 0 donor 5",2011,235.8,351.004790804358,8.2884261429978,8.48600826760376,4.34700601472221,14.7110844284223,19.2576724030537,2.99768543340697,7.3761541094854,1083.13875178316,0,0.166087507084062,"1398_SCM_data_df_0.xlsx"
"1398 0 donor 5",2012,233.46,351.004790804358,8.2884261429978,8.46307552044661,4.70665544002979,14.7110844284223,19.2576724030537,2.72932476332779,7.3761541094854,1068.93989018711,0,0.164439310448877,"1398_SCM_data_df_0.xlsx"
"1398 0 donor 5",2013,120.24,351.004790804358,8.2884261429978,6.156680742543,3.56766448252345,14.7110844284223,19.2576724030537,2.66744502821204,7.09327570737736,1119.71833514759,0,0.0846919501772165,"1398_SCM_data_df_0.xlsx"
"1398 0 donor 5",2014,329.4,351.004790804358,8.2884261429978,8.27426640517945,3.40905500381111,14.7110844284223,19.2576724030537,3.0404659073074,7.09327570737736,1089.57069257601,0,0.232015372491476,"1398_SCM_data_df_0.xlsx"
"1398 0 donor 5",2015,123.21,351.004790804358,8.2884261429978,7.74652457442638,2.8796402286805,14.7110844284223,19.2576724030537,3.10383641306911,7.09327570737736,1035.72409264952,0,0.0867838920603364,"1398_SCM_data_df_0.xlsx"
"1398 0 donor 5",2016,268.2,351.004790804358,8.2884261429978,5.42133493683697,2.79271774582344,14.7110844284223,19.2576724030537,3.22727527524075,7.09327570737736,1003.79965132506,0,0.188908691263552,"1398_SCM_data_df_0.xlsx"
"1398 0 donor 5",2017,155.88,351.004790804358,8.2884261429978,5.3935714464682,2.83038369155863,14.7110844284223,19.2576724030537,2.84678277393696,7.09327570737736,1071.32252361231,0,0.109795252774655,"1398_SCM_data_df_0.xlsx"
"1398 0 donor 5",2018,159.39,351.004790804358,8.2884261429978,7.21342360085217,2.8035254654442,14.7110844284223,19.2576724030537,2.7601075696398,6.7614658566334,1165.74903783461,0,0.112267547727433,"1398_SCM_data_df_0.xlsx"
"1398 0 donor 5",2019,240.3,351.004790804358,8.2884261429978,7.2594129846493,2.71704014929123,14.7110844284223,19.2576724030537,2.69364128650024,6.7614658566334,1074.04400542446,0,0.16925711599788,"1398_SCM_data_df_0.xlsx"
"1398 0 donor 5",2020,303.75,351.004790804358,8.2884261429978,7.25943396650026,2.62432508426312,14.7110844284223,19.2576724030537,2.60652963056543,6.7614658566334,1067.62765959694,0,0.213948601682714,"1398_SCM_data_df_0.xlsx"
"1398 0 donor 5",2021,324.45,351.004790804358,8.2884261429978,7.25943244346506,2.60118979805707,14.7110844284223,19.2576724030537,2.21821614501772,6.7614658566334,1061.21131376942,0,0.228528802686277,"1398_SCM_data_df_0.xlsx"
"1398 0 donor 5",2022,740.79,351.004790804358,8.2884261429978,7.24326659309553,2.60118979805707,14.7110844284223,19.2576724030537,1.98892706040833,6.7614658566334,1061.21131376942,0,0.521781019392716,"1398_SCM_data_df_0.xlsx"
"1398 0 donor 235",2001,116.82,353.512557802349,8.63382886281576,10.6355085234271,6.42038702975105,14.7576911680559,20.2179117713507,4.7435087669536,10.2538111029779,1121.45525029627,0,0.0822830474027148,"1398_SCM_data_df_0.xlsx"
"1398 0 donor 235",2002,195.57,353.512557802349,8.63382886281576,10.6355085234271,5.03080144848992,14.7576911680559,20.2179117713507,4.7435087669536,10.2538111029779,1067.25827625711,0,0.13775120339453,"1398_SCM_data_df_0.xlsx"
"1398 0 donor 235",2003,166.41,353.512557802349,8.63382886281576,10.6355085234271,5.34774408885198,14.7576911680559,20.2179117713507,3.54318170524849,9.13380406534393,1189.00861723574,0,0.117212137632989,"1398_SCM_data_df_0.xlsx"
"1398 0 donor 235",2004,161.73,353.512557802349,8.63382886281576,10.6355085234271,5.23908424960761,14.7576911680559,20.2179117713507,2.84608387798338,9.13380406534393,1084.86826853273,0,0.113915744362618,"1398_SCM_data_df_0.xlsx"
"1398 0 donor 235",2005,93.69,353.512557802349,8.63382886281576,10.6355085234271,4.41444413178584,14.7576911680559,20.2179117713507,2.74673041969608,9.13380406534393,998.828753739851,0,0.0659912575856904,"1398_SCM_data_df_0.xlsx"
"1398 0 donor 235",2006,264.06,353.512557802349,8.63382886281576,10.6355085234271,4.71658541515636,14.7576911680559,20.2179117713507,3.04186190851568,9.13380406534393,1196.39626609923,0,0.185992651062839,"1398_SCM_data_df_0.xlsx"
"1398 0 donor 235",2007,136.44,353.512557802349,8.63382886281576,10.6355085234271,4.89089350220652,14.7576911680559,20.2179117713507,3.00515699716355,9.13380406534393,1067.40060147432,0,0.0961025422669612,"1398_SCM_data_df_0.xlsx"
"1398 0 donor 235",2008,167.85,353.512557802349,8.63382886281576,10.6355085234271,4.42539614017554,14.7576911680559,20.2179117713507,3.2395470477692,7.38167622801399,1050.52736595509,0,0.118226412485411,"1398_SCM_data_df_0.xlsx"
"1398 0 donor 235",2009,256.59,353.512557802349,8.63382886281576,10.6355085234271,4.62388119778433,14.7576911680559,20.2179117713507,2.79149540889224,7.38167622801399,1142.5246008068,0,0.180731100265901,"1398_SCM_data_df_0.xlsx"
"1398 0 donor 235",2010,250.74,353.512557802349,8.63382886281576,10.6355085234271,4.64989878729439,14.7576911680559,20.2179117713507,2.5915563524518,7.38167622801399,1015.01963628477,0,0.176610608677938,"1398_SCM_data_df_0.xlsx"
"1398 0 donor 235",2011,275.13,353.512557802349,8.63382886281576,10.6355085234271,4.20256711688568,14.7576911680559,20.2179117713507,2.38028914195624,7.38167622801399,1114.29165237854,0,0.193789888990831,"1398_SCM_data_df_0.xlsx"
"1398 0 donor 235",2012,238.32,353.512557802349,8.63382886281576,10.6355085234271,4.33279214451115,14.7576911680559,20.2179117713507,2.32719936303043,7.38167622801399,1095.73457885883,0,0.1678624880758,"1398_SCM_data_df_0.xlsx"
"1398 0 donor 235",2013,153.54,353.512557802349,8.63382886281576,7.20067978378226,3.50403497842749,14.7576911680559,20.2179117713507,2.34336249058622,7.03586291570183,1143.37320629753,0,0.10814705613947,"1398_SCM_data_df_0.xlsx"
"1398 0 donor 235",2014,280.17,353.512557802349,8.63382886281576,9.93897477670873,3.35047888639419,14.7576911680559,20.2179117713507,2.62665576263909,7.03586291570183,1119.53698024965,0,0.197339850974308,"1398_SCM_data_df_0.xlsx"
"1398 0 donor 235",2015,147.96,353.512557802349,8.63382886281576,9.16643909444745,2.8161887140253,14.7576911680559,20.2179117713507,2.80584085966258,7.03586291570183,1065.22336652403,0,0.104216741086335,"1398_SCM_data_df_0.xlsx"
"1398 0 donor 235",2016,356.4,353.512557802349,8.63382886281576,5.56931483963147,2.72454156771937,14.7576911680559,20.2179117713507,3.14163767129555,7.03586291570183,1028.47736514533,0,0.251033025974384,"1398_SCM_data_df_0.xlsx"
"1398 0 donor 235",2017,230.85,353.512557802349,8.63382886281576,5.54045218505198,2.76887572969967,14.7576911680559,20.2179117713507,2.73146799949324,7.03586291570183,1095.57325812205,0,0.162600937278863,"1398_SCM_data_df_0.xlsx"
"1398 0 donor 235",2018,231.48,353.512557802349,8.63382886281576,8.90564460757748,2.7132239655403,14.7576911680559,20.2179117713507,2.59632040273369,6.5927566086473,1198.3433262192,0,0.163044682526797,"1398_SCM_data_df_0.xlsx"
"1398 0 donor 235",2019,378.9,353.512557802349,8.63382886281576,8.97448059600645,2.6890951372124,14.7576911680559,20.2179117713507,2.49380091287242,6.5927566086473,1104.89466594657,0,0.266881070543474,"1398_SCM_data_df_0.xlsx"
"1398 0 donor 235",2020,478.44,353.512557802349,8.63382886281576,8.97447449165605,2.6033722217921,14.7576911680559,20.2179117713507,2.39217897789258,6.5927566086473,1098.34132822881,0,0.336992819717128,"1398_SCM_data_df_0.xlsx"
"1398 0 donor 235",2021,469.35,353.512557802349,8.63382886281576,8.97447297278275,2.57102128956426,14.7576911680559,20.2179117713507,2.08524150578199,6.5927566086473,1091.78799051104,0,0.330590209711216,"1398_SCM_data_df_0.xlsx"
"1398 0 donor 235",2022,791.01,353.512557802349,8.63382886281576,8.96425423461595,2.57102128956426,14.7576911680559,20.2179117713507,1.90223049993314,6.5927566086473,1091.78799051104,0,0.557153854870925,"1398_SCM_data_df_0.xlsx"
"1398 1 donor 51",2001,168.66,328.772105508755,8.01838032644736,14.1532241600044,6.21789467705416,14.8816494280864,20.7242685333506,3.96435339323809,13.181505471171,1128.38316833356,0,0.118796942089898,"1398_SCM_data_df_1.xlsx"
"1398 1 donor 51",2002,254.7,328.772105508755,8.01838032644736,14.1532241600044,4.55463279915485,14.8816494280864,20.7242685333506,3.96435339323809,13.181505471171,1079.58646227531,0,0.179399864522098,"1398_SCM_data_df_1.xlsx"
"1398 1 donor 51",2003,203.04,328.772105508755,8.01838032644736,14.1532241600044,4.94417115858478,14.8816494280864,20.7242685333506,3.04572303775801,9.58367409880695,1192.37755454003,0,0.143012754191467,"1398_SCM_data_df_1.xlsx"
"1398 1 donor 51",2004,162.63,328.772105508755,8.01838032644736,14.1532241600044,4.89956235488042,14.8816494280864,20.7242685333506,2.55579989667873,9.58367409880695,1094.49169088165,0,0.114549666145382,"1398_SCM_data_df_1.xlsx"
"1398 1 donor 51",2005,114.66,328.772105508755,8.01838032644736,14.1532241600044,4.34555536521043,14.8816494280864,20.7242685333506,2.53401147795168,9.58367409880695,1006.66552560594,0,0.0807616351240822,"1398_SCM_data_df_1.xlsx"
"1398 1 donor 51",2006,305.37,328.772105508755,8.01838032644736,14.1532241600044,4.45979893947893,14.8816494280864,20.7242685333506,2.98140654386826,9.58367409880695,1204.44618008627,0,0.215089660891688,"1398_SCM_data_df_1.xlsx"
"1398 1 donor 51",2007,146.61,328.772105508755,8.01838032644736,14.1532241600044,4.49383882655751,14.8816494280864,20.7242685333506,2.89498239948874,9.58367409880695,1073.0807140323,0,0.10326585841219,"1398_SCM_data_df_1.xlsx"
"1398 1 donor 51",2008,188.64,328.772105508755,8.01838032644736,14.1532241600044,4.09356836342061,14.8816494280864,20.7242685333506,3.24480256487316,7.81813102376037,1058.05476598752,0,0.13287000566725,"1398_SCM_data_df_1.xlsx"
"1398 1 donor 51",2009,301.05,328.772105508755,8.01838032644736,14.1532241600044,4.3320555478526,14.8816494280864,20.7242685333506,2.68428881814682,7.81813102376037,1149.78219748164,0,0.212046836334423,"1398_SCM_data_df_1.xlsx"
"1398 1 donor 51",2010,251.01,328.772105508755,8.01838032644736,14.1209321464994,4.14841452452156,14.8816494280864,20.7242685333506,2.41467916915058,7.81813102376037,1020.43830880862,0,0.176800785212767,"1398_SCM_data_df_1.xlsx"
"1398 1 donor 51",2011,366.93,328.772105508755,8.01838032644736,14.1207886960335,3.82112456547704,14.8816494280864,20.7242685333506,2.18693230274822,7.81813102376037,1122.35393366784,0,0.258449910832718,"1398_SCM_data_df_1.xlsx"
"1398 1 donor 51",2012,339.03,328.772105508755,8.01838032644736,14.1205933583003,3.72938622871022,14.8816494280864,20.7242685333506,2.13863893508707,7.81813102376037,1103.6033740483,0,0.238798335567047,"1398_SCM_data_df_1.xlsx"
"1398 1 donor 51",2013,255.87,328.772105508755,8.01838032644736,7.90322279458704,3.2138915443363,14.8816494280864,20.7242685333506,2.1930775690785,7.44594052340529,1146.47359510857,0,0.18022396283969,"1398_SCM_data_df_1.xlsx"
"1398 1 donor 51",2014,283.5,328.772105508755,8.01838032644736,11.0627306918373,3.07488554846493,14.8816494280864,20.7242685333506,2.3910173126475,7.44594052340529,1127.05855380232,0,0.199685361570533,"1398_SCM_data_df_1.xlsx"
"1398 1 donor 51",2015,187.02,328.772105508755,8.01838032644736,10.905428079456,2.55915914854263,14.8816494280864,20.7242685333506,2.53025521761867,7.44594052340529,1072.68585000225,0,0.131728946458275,"1398_SCM_data_df_1.xlsx"
"1398 1 donor 51",2016,371.34,328.772105508755,8.01838032644736,7.16396238486329,2.46540043186603,14.8816494280864,20.7242685333506,2.97695943091657,7.44594052340529,1033.99289036807,0,0.26155612756826,"1398_SCM_data_df_1.xlsx"
"1398 1 donor 51",2017,213.03,328.772105508755,8.01838032644736,7.13398287034658,2.52760285850828,14.8816494280864,20.7242685333506,2.55875719712192,7.44594052340529,1099.56837565324,0,0.150049285980143,"1398_SCM_data_df_1.xlsx"
"1398 1 donor 51",2018,264.42,328.772105508755,8.01838032644736,11.8186285360966,2.4866969794012,14.8816494280864,20.7242685333506,2.48414890368951,7.07923912117797,1205.85812483106,0,0.186246219775945,"1398_SCM_data_df_1.xlsx"
"1398 1 donor 51",2019,505.17,328.772105508755,8.01838032644736,11.8715897223487,2.45299011198534,14.8816494280864,20.7242685333506,2.33042616153732,7.07923912117797,1114.95945820381,0,0.355820296665207,"1398_SCM_data_df_1.xlsx"
"1398 1 donor 51",2020,756.81,328.772105508755,8.01838032644736,11.8715897223487,2.42095015241295,14.8816494280864,20.7242685333506,2.24565978233558,7.07923912117797,1108.01446176567,0,0.533064827125908,"1398_SCM_data_df_1.xlsx"
"1398 1 donor 51",2021,663.21,328.772105508755,8.01838032644736,11.8715897223487,2.3968720702472,14.8816494280864,20.7242685333506,1.88864272447215,7.07923912117797,1101.06946532752,0,0.467136961718494,"1398_SCM_data_df_1.xlsx"
"1398 1 donor 51",2022,726.93,328.772105508755,8.01838032644736,11.8715897223487,2.3968720702472,14.8816494280864,20.7242685333506,1.72287783174539,7.07923912117797,1101.06946532752,0,0.512018623938157,"1398_SCM_data_df_1.xlsx"
"1398 1 donor 255",2001,52.83,351.631549202198,8.59504611001512,7.81728011508677,6.52978240281636,14.4449509218085,20.0972756782475,7.60226770342354,12.305660348343,1072.94776966599,0,0.0372112086482231,"1398_SCM_data_df_1.xlsx"
"1398 1 donor 255",2002,76.5,351.631549202198,8.59504611001512,7.81728011508677,5.607887294919,14.4449509218085,20.0972756782475,7.60226770342354,12.305660348343,1016.30027005133,0,0.0538833515349057,"1398_SCM_data_df_1.xlsx"
"1398 1 donor 255",2003,73.08,351.631549202198,8.59504611001512,7.81728011508677,5.44765333348348,14.4449509218085,20.0972756782475,6.45222151176662,11.9756939643493,1142.72248689333,0,0.051474448760404,"1398_SCM_data_df_1.xlsx"
"1398 1 donor 255",2004,59.4,351.631549202198,8.59504611001512,7.81728011508677,5.3803456488094,14.4449509218085,20.0972756782475,5.23967236868868,11.9756939643493,1021.4992233473,0,0.0418388376623974,"1398_SCM_data_df_1.xlsx"
"1398 1 donor 255",2005,22.23,351.631549202198,8.59504611001512,7.81728011508677,4.57757098225628,14.4449509218085,20.0972756782475,5.2598265893228,11.9756939643493,955.75538079208,0,0.0156578680342608,"1398_SCM_data_df_1.xlsx"
"1398 1 donor 255",2006,120.33,351.631549202198,8.59504611001512,7.81728011508677,4.80316549986944,14.4449509218085,20.0972756782475,5.67916919627179,11.9756939643493,1143.69468927206,0,0.0847553423554929,"1398_SCM_data_df_1.xlsx"
"1398 1 donor 255",2007,61.38,351.631549202198,8.59504611001512,7.81728011508677,5.17362138268814,14.4449509218085,20.0972756782475,6.63871508564294,11.9756939643493,1025.25761855127,0,0.0432334655844773,"1398_SCM_data_df_1.xlsx"
"1398 1 donor 255",2008,74.79,351.631549202198,8.59504611001512,7.81728011508677,4.78227155818279,14.4449509218085,20.0972756782475,7.37740270093557,10.0869556903271,1007.6319046255,0,0.0526789001476549,"1398_SCM_data_df_1.xlsx"
"1398 1 donor 255",2009,126.27,351.631549202198,8.59504611001512,7.81728011508677,4.8134877146704,14.4449509218085,20.0972756782475,6.34185876041021,10.0869556903271,1101.41957192958,0,0.0889392261217326,"1398_SCM_data_df_1.xlsx"
"1398 1 donor 255",2010,91.35,351.631549202198,8.59504611001512,7.81728011508677,5.1692088446209,14.4449509218085,20.0972756782475,4.67204069632,10.0869556903271,967.962336390912,0,0.064343060950505,"1398_SCM_data_df_1.xlsx"
"1398 1 donor 255",2011,117.09,351.631549202198,8.59504611001512,7.81728011508677,4.22610719707553,14.4449509218085,20.0972756782475,4.31232926977755,10.0869556903271,1068.58343192518,0,0.0824732239375439,"1398_SCM_data_df_1.xlsx"
"1398 1 donor 255",2012,183.15,351.631549202198,8.59504611001512,7.71513180362898,4.41432393279755,14.4449509218085,20.0972756782475,3.90150655703207,10.0869556903271,1050.71252448374,0,0.129003082792392,"1398_SCM_data_df_1.xlsx"
"1398 1 donor 255",2013,84.78,351.631549202198,8.59504611001512,5.65653922430448,3.46860314419418,14.4449509218085,20.0972756782475,3.43573100790307,9.96998623772822,1101.18743617337,0,0.0597154319363308,"1398_SCM_data_df_1.xlsx"
"1398 1 donor 255",2014,414.18,351.631549202198,8.59504611001512,7.28493901076897,3.29609393732304,14.4449509218085,20.0972756782475,3.97385588535241,9.96998623772822,1059.04868384288,0,0.291730804427807,"1398_SCM_data_df_1.xlsx"
"1398 1 donor 255",2015,89.46,351.631549202198,8.59504611001512,7.28482659213804,2.78534371052074,14.4449509218085,20.0972756782475,3.52338671533268,9.96998623772822,1010.87708617643,0,0.0630118252067015,"1398_SCM_data_df_1.xlsx"
"1398 1 donor 255",2016,192.33,351.631549202198,8.59504611001512,7.02274895713173,2.70193083603302,14.4449509218085,20.0972756782475,3.41267454838367,9.96998623772822,979.998280595788,0,0.135469084976581,"1398_SCM_data_df_1.xlsx"
"1398 1 donor 255",2017,87.39,351.631549202198,8.59504611001512,7.02036851202914,2.76223278748291,14.4449509218085,20.0972756782475,2.97171033704686,9.96998623772822,1058.95319673348,0,0.0615538051063452,"1398_SCM_data_df_1.xlsx"
"1398 1 donor 255",2018,114.66,351.631549202198,8.59504611001512,7.6662851818043,2.75159202894624,14.4449509218085,20.0972756782475,3.07487177523734,9.83246074261652,1143.41428703141,0,0.0807616351240822,"1398_SCM_data_df_1.xlsx"
"1398 1 donor 255",2019,176.58,351.631549202198,8.59504611001512,7.66517112189189,2.57062599826441,14.4449509218085,20.0972756782475,2.88733502552362,9.83246074261652,1049.56403496239,0,0.124375453778218,"1398_SCM_data_df_1.xlsx"
"1398 1 donor 255",2020,246.96,351.631549202198,8.59504611001512,7.66520676064387,2.52293061855619,14.4449509218085,20.0972756782475,3.24567781546281,9.83246074261652,1039.85376442544,0,0.173948137190331,"1398_SCM_data_df_1.xlsx"
"1398 1 donor 255",2021,230.31,351.631549202198,8.59504611001512,7.66520676064387,2.46061116901891,14.4449509218085,20.0972756782475,2.67673418067187,9.83246074261652,1030.14349388848,0,0.162220584209204,"1398_SCM_data_df_1.xlsx"
"1398 1 donor 255",2022,413.55,351.631549202198,8.59504611001512,7.66521157258272,2.46061116901891,14.4449509218085,20.0972756782475,2.42704965580244,9.83246074261652,1030.14349388848,0,0.291287059179873,"1398_SCM_data_df_1.xlsx"
"1398 2 donor 263",2001,48.51,362.783596780221,8.767109455443,7.54958409479443,6.10961096475825,14.5310725524297,19.9466391987089,8.95690360018665,11.2796525703403,1072.43570401515,0,0.0341683840909579,"1398_SCM_data_df_2.xlsx"
"1398 2 donor 263",2002,80.64,362.783596780221,8.767109455443,7.54958409479443,5.75536946939247,14.5310725524297,19.9466391987089,8.95690360018665,11.2796525703403,1014.3686220082,0,0.0567993917356183,"1398_SCM_data_df_2.xlsx"
"1398 2 donor 263",2003,75.15,362.783596780221,8.767109455443,7.54958409479443,5.40383537026962,14.5310725524297,19.9466391987089,6.89317190287738,11.1059170633209,1145.1382404671,0,0.0529324688607603,"1398_SCM_data_df_2.xlsx"
"1398 2 donor 263",2004,69.57,362.783596780221,8.767109455443,7.54958409479443,5.39172993638284,14.5310725524297,19.9466391987089,5.75225432296179,11.1059170633209,1022.68710758331,0,0.049002153807626,"1398_SCM_data_df_2.xlsx"
"1398 2 donor 263",2005,29.43,362.783596780221,8.767109455443,7.54958409479443,4.49606964245874,14.5310725524297,19.9466391987089,5.68652065076859,11.1059170633209,955.387619181007,0,0.0207292422963696,"1398_SCM_data_df_2.xlsx"
"1398 2 donor 263",2006,131.67,362.783596780221,8.767109455443,7.54958409479443,4.74450453920665,14.5310725524297,19.9466391987089,6.23464257064292,11.1059170633209,1141.15694978263,0,0.0927427568183142,"1398_SCM_data_df_2.xlsx"
"1398 2 donor 263",2007,60.48,362.783596780221,8.767109455443,7.54958409479443,5.12749611322293,14.5310725524297,19.9466391987089,6.89379407647432,11.1059170633209,1025.11548918494,0,0.0425995438017137,"1398_SCM_data_df_2.xlsx"
"1398 2 donor 263",2008,80.01,362.783596780221,8.767109455443,7.54958409479443,4.75616391114289,14.5310725524297,19.9466391987089,7.56958376048585,9.28436599680612,1005.52671758949,0,0.0563556464876837,"1398_SCM_data_df_2.xlsx"
"1398 2 donor 263",2009,120.24,362.783596780221,8.767109455443,7.54958409479443,4.75995512171295,14.5310725524297,19.9466391987089,6.49661173472368,9.28436599680612,1098.6709143797,0,0.0846919501772165,"1398_SCM_data_df_2.xlsx"
"1398 2 donor 263",2010,76.68,362.783596780221,8.767109455443,7.54958409479443,5.06559083023247,14.5310725524297,19.9466391987089,4.90369760135356,9.28436599680612,968.825759777822,0,0.0540101358914584,"1398_SCM_data_df_2.xlsx"
"1398 2 donor 263",2011,120.87,362.783596780221,8.767109455443,7.54958409479443,4.22326987358913,14.5310725524297,19.9466391987089,4.61914310025809,9.28436599680612,1067.79127391274,0,0.085135695425151,"1398_SCM_data_df_2.xlsx"
"1398 2 donor 263",2012,160.2,362.783596780221,8.767109455443,7.12424512349359,4.52968944422431,14.5310725524297,19.9466391987089,4.08723836975655,9.28436599680612,1051.18174210662,0,0.11283807733192,"1398_SCM_data_df_2.xlsx"
"1398 2 donor 263",2013,73.53,362.783596780221,8.767109455443,5.87591814648064,3.4909361857714,14.5310725524297,19.9466391987089,3.57521595067154,9.04994662464467,1101.02254154752,0,0.0517914096517858,"1398_SCM_data_df_2.xlsx"
"1398 2 donor 263",2014,411.39,362.783596780221,8.767109455443,7.0691922196893,3.33133600897495,14.5310725524297,19.9466391987089,4.15604812143214,9.04994662464467,1060.15560902929,0,0.28976564690124,"1398_SCM_data_df_2.xlsx"
"1398 2 donor 263",2015,79.02,362.783596780221,8.767109455443,7.06881574318908,2.90601389808726,14.5310725524297,19.9466391987089,3.80624466038824,9.04994662464467,1011.42690008678,0,0.0556583325266438,"1398_SCM_data_df_2.xlsx"
"1398 2 donor 263",2016,164.43,362.783596780221,8.767109455443,6.70142994405434,2.81295744779684,14.5310725524297,19.9466391987089,3.68893572196224,9.04994662464467,979.87580260451,0,0.115817509710909,"1398_SCM_data_df_2.xlsx"
"1398 2 donor 263",2017,84.15,362.783596780221,8.767109455443,6.69403973486163,2.86925185118975,14.5310725524297,19.9466391987089,3.13429361231325,9.04994662464467,1059.09723030623,0,0.0592716866883963,"1398_SCM_data_df_2.xlsx"
"1398 2 donor 263",2018,110.61,362.783596780221,8.767109455443,7.01951345926327,2.85925930803051,14.5310725524297,19.9466391987089,3.09201189434723,8.97573256158492,1141.25068568449,0,0.077908987101646,"1398_SCM_data_df_2.xlsx"
"1398 2 donor 263",2019,153.81,362.783596780221,8.767109455443,7.01861024265172,2.65431527480517,14.5310725524297,19.9466391987089,2.98829938986925,8.97573256158492,1048.14511948189,0,0.108337232674299,"1398_SCM_data_df_2.xlsx"
"1398 2 donor 263",2020,182.43,362.783596780221,8.767109455443,7.01867028376816,2.57446860209045,14.5310725524297,19.9466391987089,3.32040508979528,8.97573256158492,1039.35321249427,0,0.128495945366181,"1398_SCM_data_df_2.xlsx"
"1398 2 donor 263",2021,202.14,362.783596780221,8.767109455443,7.01867028376816,2.54365449243864,14.5310725524297,19.9466391987089,2.78451872867023,8.97573256158492,1030.56130550666,0,0.142378832408704,"1398_SCM_data_df_2.xlsx"
"1398 2 donor 263",2022,427.5,362.783596780221,8.767109455443,7.01868810135954,2.54365449243864,14.5310725524297,19.9466391987089,2.43433680990792,8.97573256158492,1030.56130550666,0,0.301112846812708,"1398_SCM_data_df_2.xlsx"
"1398 2 donor 283",2001,987.48,365.836210446006,10.9660518112543,25.2565575125756,5.36289410766105,16.3355252285668,24.3182247450398,2.82961371428008,9.37024166198038,1306.52445605303,0,0.695538980048218,"1398_SCM_data_df_2.xlsx"
"1398 2 donor 283",2002,2684.25,365.836210446006,10.9660518112543,25.2565575125756,5.35660362497194,16.3355252285668,24.3182247450398,2.82961371428008,9.37024166198038,1260.20734579222,0,1.89067171709243,"1398_SCM_data_df_2.xlsx"
"1398 2 donor 283",2003,158.76,365.836210446006,10.9660518112543,25.2565575125756,5.34096777826185,16.3355252285668,24.3182247450398,1.51981130072895,8.44494147145539,1382.79931146398,0,0.111823802479498,"1398_SCM_data_df_2.xlsx"
"1398 2 donor 283",2004,433.17,365.836210446006,10.9660518112543,25.2565575125756,5.16206498401265,16.3355252285668,24.3182247450398,1.44184975834224,8.44494147145539,1354.24553278818,0,0.305106554044119,"1398_SCM_data_df_2.xlsx"
"1398 2 donor 283",2005,313.29,365.836210446006,10.9660518112543,25.2565575125756,5.14253196026776,16.3355252285668,24.3182247450398,1.40646935165902,8.44494147145539,1197.18611593172,0,0.220668172580008,"1398_SCM_data_df_2.xlsx"
"1398 2 donor 283",2006,504.72,365.836210446006,10.9660518112543,25.2565575125756,5.08389173014567,16.3355252285668,24.3182247450398,2.13983156943464,8.44494147145539,1346.11689905344,0,0.355503335773825,"1398_SCM_data_df_2.xlsx"
"1398 2 donor 283",2007,725.94,365.836210446006,10.9660518112543,25.2565575125756,5.09303692468597,16.3355252285668,24.3182247450398,1.84026278160853,8.44494147145539,1265.82377631732,0,0.511321309977117,"1398_SCM_data_df_2.xlsx"
"1398 2 donor 283",2008,1122.39,365.836210446006,10.9660518112543,25.2565575125756,5.14655448050445,16.3355252285668,24.3182247450398,1.73187499744864,6.43740811480204,1216.8231307268,0,0.790563855284481,"1398_SCM_data_df_2.xlsx"
"1398 2 donor 283",2009,1129.59,365.836210446006,10.9660518112543,25.2565575125756,4.96615711590071,16.3355252285668,24.3182247450398,1.45062682017524,6.43740811480204,1303.84492803109,0,0.79563522954659,"1398_SCM_data_df_2.xlsx"
"1398 2 donor 283",2010,1058.04,365.836210446006,10.9660518112543,13.703803824717,4.96657123853912,16.3355252285668,24.3182247450398,1.24756078816957,6.43740811480204,1219.50152878932,0,0.745238447816884,"1398_SCM_data_df_2.xlsx"
"1398 2 donor 283",2011,1410.03,365.836210446006,10.9660518112543,13.703803824717,4.9281780982833,16.3355252285668,24.3182247450398,1.216095718572,6.43740811480204,1290.27246876771,0,0.993165257055727,"1398_SCM_data_df_2.xlsx"
"1398 2 donor 283",2012,898.83,365.836210446006,10.9660518112543,13.7039115800765,5.00670913372715,16.3355252285668,24.3182247450398,1.15376885384474,6.43740811480204,1285.20473386112,0,0.633097684446004,"1398_SCM_data_df_2.xlsx"
"1398 2 donor 283",2013,1334.61,365.836210446006,10.9660518112543,13.6304456567411,4.06689368325555,16.3355252285668,24.3182247450398,1.24129083178551,6.01108657801777,1321.25142547372,0,0.940042611660137,"1398_SCM_data_df_2.xlsx"
"1398 2 donor 283",2014,1072.71,365.836210446006,10.9660518112543,13.7851463671101,4.16698495859055,16.3355252285668,24.3182247450398,1.32861130298119,6.01108657801777,1326.73787828119,0,0.755571372875931,"1398_SCM_data_df_2.xlsx"
"1398 2 donor 283",2015,1106.19,365.836210446006,10.9660518112543,5.5382703878278,3.98007735370855,16.3355252285668,24.3182247450398,1.50547407009096,6.01108657801777,1285.26430841908,0,0.779153263194737,"1398_SCM_data_df_2.xlsx"
"1398 2 donor 283",2016,1473.12,365.836210446006,10.9660518112543,4.49272416669071,3.81097251147408,16.3355252285668,24.3182247450398,1.46681469245382,6.01108657801777,1201.90916956784,0,1.03760317402745,"1398_SCM_data_df_2.xlsx"
"1398 2 donor 283",2017,1617.84,365.836210446006,10.9660518112543,4.49272416669071,3.80521502508075,16.3355252285668,24.3182247450398,1.32308670400215,6.01108657801777,1275.13880548153,0,1.13953779669584,"1398_SCM_data_df_2.xlsx"
"1398 2 donor 283",2018,1347.75,365.836210446006,10.9660518112543,4.2737716522465,4.3223185392005,16.3355252285668,24.3182247450398,1.29783389557091,5.42136795604764,1349.8639993523,0,0.949297869688486,"1398_SCM_data_df_2.xlsx"
"1398 2 donor 283",2019,2092.23,365.836210446006,10.9660518112543,4.27577709632034,3.73774116402533,16.3355252285668,24.3182247450398,1.28592271456232,5.42136795604764,1307.99827584386,0,1.47367796839053,"1398_SCM_data_df_2.xlsx"
"1398 2 donor 283",2020,2939.13,365.836210446006,10.9660518112543,4.35811233373052,3.78146027867183,16.3355252285668,24.3182247450398,1.09372997182595,5.42136795604764,1278.78264966682,0,2.07019836597108,"1398_SCM_data_df_2.xlsx"
"1398 2 donor 283",2021,1497.96,365.836210446006,10.9660518112543,4.35797361155002,3.60367805922111,16.3355252285668,24.3182247450398,0.919449111810086,5.42136795604764,1249.56702348978,0,1.05509941523173,"1398_SCM_data_df_2.xlsx"
"1398 2 donor 283",2022,1770.39,365.836210446006,10.9660518112543,4.35797361155002,3.60367805922111,16.3355252285668,24.3182247450398,0.877198373323405,5.42136795604764,1249.56702348978,0,1.24698753887427,"1398_SCM_data_df_2.xlsx"
"1398 2 donor 305",2001,129.69,346.995370921051,8.43700872958282,11.1333708006962,6.85590197712417,14.6779071723424,20.4713023250904,4.46298335234843,11.9311583627827,1119.82876067796,0,0.0913481288962343,"1398_SCM_data_df_2.xlsx"
"1398 2 donor 305",2002,218.97,346.995370921051,8.43700872958282,11.1333708006962,5.1504268732919,14.6779071723424,20.4713023250904,4.46298335234843,11.9311583627827,1066.8978914007,0,0.154233169746383,"1398_SCM_data_df_2.xlsx"
"1398 2 donor 305",2003,168.57,346.995370921051,8.43700872958282,11.1333708006962,5.49542681980094,14.6779071723424,20.4713023250904,3.48501066722222,9.70707984298997,1184.9282271057,0,0.118733549911622,"1398_SCM_data_df_2.xlsx"
"1398 2 donor 305",2004,150.93,346.995370921051,8.43700872958282,11.1333708006962,5.46811936647004,14.6779071723424,20.4713023250904,2.86228221052772,9.70707984298997,1080.86259863274,0,0.106308682969455,"1398_SCM_data_df_2.xlsx"
"1398 2 donor 305",2005,94.41,346.995370921051,8.43700872958282,11.1333708006962,4.83893387040127,14.6779071723424,20.4713023250904,2.82321802208754,9.70707984298997,996.740537204014,0,0.0664983950119013,"1398_SCM_data_df_2.xlsx"
"1398 2 donor 305",2006,262.62,346.995370921051,8.43700872958282,11.1333708006962,4.97557525860413,14.6779071723424,20.4713023250904,3.23706953612786,9.70707984298997,1195.16839022495,0,0.184978376210417,"1398_SCM_data_df_2.xlsx"
"1398 2 donor 305",2007,121.77,346.995370921051,8.43700872958282,11.1333708006962,5.03870607424967,14.6779071723424,20.4713023250904,3.28468603555319,9.70707984298997,1065.72396134293,0,0.0857696172079146,"1398_SCM_data_df_2.xlsx"
"1398 2 donor 305",2008,151.92,346.995370921051,8.43700872958282,11.1333708006962,4.62547296137883,14.6779071723424,20.4713023250904,3.75475072582297,7.74413615207196,1050.64165706528,0,0.107005996930495,"1398_SCM_data_df_2.xlsx"
"1398 2 donor 305",2009,227.25,346.995370921051,8.43700872958282,11.1333708006962,4.87246283188145,14.6779071723424,20.4713023250904,3.05993872259381,7.74413615207196,1141.42562399661,0,0.160065250147808,"1398_SCM_data_df_2.xlsx"
"1398 2 donor 305",2010,199.08,346.995370921051,8.43700872958282,11.1333708006962,4.67641893340447,14.6779071723424,20.4713023250904,2.7373368550557,7.74413615207196,1011.3237314726,0,0.140223498347308,"1398_SCM_data_df_2.xlsx"
"1398 2 donor 305",2011,274.77,346.995370921051,8.43700872958282,11.1333708006962,4.19871778524931,14.6779071723424,20.4713023250904,2.4996698770623,7.74413615207196,1113.66848137072,0,0.193536320277726,"1398_SCM_data_df_2.xlsx"
"1398 2 donor 305",2012,277.38,346.995370921051,8.43700872958282,11.1333708006962,4.11535371244812,14.6779071723424,20.4713023250904,2.47570555904733,7.74413615207196,1094.24849503907,0,0.19537469344774,"1398_SCM_data_df_2.xlsx"
"1398 2 donor 305",2013,169.74,346.995370921051,8.43700872958282,6.41510154624047,3.57265464762483,14.6779071723424,20.4713023250904,2.51309206144984,7.46463435273483,1139.97273157888,0,0.119557648229214,"1398_SCM_data_df_2.xlsx"
"1398 2 donor 305",2014,327.78,346.995370921051,8.43700872958282,9.23363963989327,3.40180345030726,14.6779071723424,20.4713023250904,2.78700702350294,7.46463435273483,1116.03157725818,0,0.230874313282502,"1398_SCM_data_df_2.xlsx"
"1398 2 donor 305",2015,145.44,346.995370921051,8.43700872958282,9.09627199797861,2.85106424826559,14.6779071723424,20.4713023250904,2.80238762289722,7.46463435273483,1061.77003324181,0,0.102441760094597,"1398_SCM_data_df_2.xlsx"
"1398 2 donor 305",2016,285.84,346.995370921051,8.43700872958282,6.350066161271,2.74517042499266,14.6779071723424,20.4713023250904,3.12317201142173,7.46463435273483,1024.57941259895,0,0.201333558205718,"1398_SCM_data_df_2.xlsx"
"1398 2 donor 305",2017,171.63,346.995370921051,8.43700872958282,6.32080381348268,2.80665042887779,14.6779071723424,20.4713023250904,2.76590971430904,7.46463435273483,1093.50182749027,0,0.120888883973018,"1398_SCM_data_df_2.xlsx"
"1398 2 donor 305",2018,205.65,346.995370921051,8.43700872958282,9.72383862905502,2.79653045430007,14.6779071723424,20.4713023250904,2.66935138136868,7.10085586369942,1195.69882692932,0,0.144851127361482,"1398_SCM_data_df_2.xlsx"
"1398 2 donor 305",2019,384.84,346.995370921051,8.43700872958282,9.76492798287727,2.72229590350795,14.6779071723424,20.4713023250904,2.55285846293746,7.10085586369942,1103.25423968592,0,0.271064954309714,"1398_SCM_data_df_2.xlsx"
"1398 2 donor 305",2020,608.94,346.995370921051,8.43700872958282,9.76492798006195,2.63643456543175,14.6779071723424,20.4713023250904,2.41748892561309,7.10085586369942,1095.62610281102,0,0.428911478217849,"1398_SCM_data_df_2.xlsx"
"1398 2 donor 305",2021,541.98,346.995370921051,8.43700872958282,9.76492647246166,2.60284747547334,14.6779071723424,20.4713023250904,2.01564619323888,7.10085586369942,1087.99796593612,0,0.381747697580238,"1398_SCM_data_df_2.xlsx"
"1398 2 donor 305",2022,720.72,346.995370921051,8.43700872958282,9.76492647246166,2.60284747547334,14.6779071723424,20.4713023250904,1.85621598309686,7.10085586369942,1087.99796593612,0,0.507644563637088,"1398_SCM_data_df_2.xlsx"
"1398 3 donor 184",2001,31.5,368.496490803315,8.93691016146809,8.56209993679786,5.94470294994926,14.5719282588851,19.7625493109314,11.119100525183,10.6032529971749,1060.66308333533,0,0.0221872623967259,"1398_SCM_data_df_3.xlsx"
"1398 3 donor 184",2002,57.42,368.496490803315,8.93691016146809,8.56209993679786,5.68535618909404,14.5719282588851,19.7625493109314,11.119100525183,10.6032529971749,1002.97555104804,0,0.0404442097403175,"1398_SCM_data_df_3.xlsx"
"1398 3 donor 184",2003,50.76,368.496490803315,8.93691016146809,8.56209993679786,5.38029011189171,14.5719282588851,19.7625493109314,7.63958848580908,10.5676493337031,1135.22698646855,0,0.0357531885478668,"1398_SCM_data_df_3.xlsx"
"1398 3 donor 184",2004,43.65,368.496490803315,8.93691016146809,8.56209993679786,5.3449061103377,14.5719282588851,19.7625493109314,6.51252018527095,10.5676493337031,1008.5459003771,0,0.0307452064640344,"1398_SCM_data_df_3.xlsx"
"1398 3 donor 184",2005,12.51,368.496490803315,8.93691016146809,8.56209993679786,4.42908645602102,14.5719282588851,19.7625493109314,6.30881710300541,10.5676493337031,945.428214898532,0,0.00881151278041399,"1398_SCM_data_df_3.xlsx"
"1398 3 donor 184",2006,90.09,368.496490803315,8.93691016146809,8.56209993679786,4.68197026684253,14.5719282588851,19.7625493109314,6.98020086948688,10.5676493337031,1127.8014361947,0,0.063455570454636,"1398_SCM_data_df_3.xlsx"
"1398 3 donor 184",2007,48.42,368.496490803315,8.93691016146809,8.56209993679786,5.10724404823069,14.5719282588851,19.7625493109314,7.48346340469498,10.5676493337031,1015.06454500795,0,0.0341049919126815,"1398_SCM_data_df_3.xlsx"
"1398 3 donor 184",2008,52.65,368.496490803315,8.93691016146809,8.56209993679786,4.62265926023938,14.5719282588851,19.7625493109314,8.09839279495622,8.97910382112528,994.402869996439,0,0.0370844242916704,"1398_SCM_data_df_3.xlsx"
"1398 3 donor 184",2009,89.19,368.496490803315,8.93691016146809,8.56209993679786,4.62307506485609,14.5719282588851,19.7625493109314,6.96578704257628,8.97910382112528,1086.82216128792,0,0.0628216486718724,"1398_SCM_data_df_3.xlsx"
"1398 3 donor 184",2010,59.58,368.496490803315,8.93691016146809,8.56209993679786,5.02277913245564,14.5719282588851,19.7625493109314,5.42637792626605,8.97910382112528,957.813730347865,0,0.0419656220189501,"1398_SCM_data_df_3.xlsx"
"1398 3 donor 184",2011,99.36,368.496490803315,8.93691016146809,8.56170444132266,4.20127824213598,14.5719282588851,19.7625493109314,5.13924749197305,8.97910382112528,1058.95285950967,0,0.0699849648171011,"1398_SCM_data_df_3.xlsx"
"1398 3 donor 184",2012,136.53,368.496490803315,8.93691016146809,6.9392521174124,4.49974768974366,14.5719282588851,19.7625493109314,4.5241823416885,8.97910382112528,1039.67771976819,0,0.0961659344452376,"1398_SCM_data_df_3.xlsx"
"1398 3 donor 184",2013,61.2,368.496490803315,8.93691016146809,6.62911168268304,3.47319775512761,14.5719282588851,19.7625493109314,3.79706566195442,8.65985701325556,1089.41950876877,0,0.0431066812279246,"1398_SCM_data_df_3.xlsx"
"1398 3 donor 184",2014,384.84,368.496490803315,8.93691016146809,6.93990298471747,3.33794416182563,14.5719282588851,19.7625493109314,4.38285039181103,8.65985701325556,1047.38891274023,0,0.271064954309714,"1398_SCM_data_df_3.xlsx"
"1398 3 donor 184",2015,76.68,368.496490803315,8.93691016146809,6.93898187337332,2.98147719022155,14.5719282588851,19.7625493109314,4.0880961833791,8.65985701325556,999.690822599058,0,0.0540101358914584,"1398_SCM_data_df_3.xlsx"
"1398 3 donor 184",2016,117.45,368.496490803315,8.93691016146809,6.89333809202738,2.89198479207341,14.5719282588851,19.7625493109314,4.03930872485111,8.65985701325556,968.523042739566,0,0.0827267926506493,"1398_SCM_data_df_3.xlsx"
"1398 3 donor 184",2017,91.71,368.496490803315,8.93691016146809,6.89395798465413,2.94055628790897,14.5719282588851,19.7625493109314,3.34771832608644,8.65985701325556,1052.78711647633,0,0.0645966296636105,"1398_SCM_data_df_3.xlsx"
"1398 3 donor 184",2018,106.29,368.496490803315,8.93691016146809,6.92773445741175,2.9304193982706,14.5719282588851,19.7625493109314,3.29637104581944,8.65436337217895,1127.3521062922,0,0.0748661625443808,"1398_SCM_data_df_3.xlsx"
"1398 3 donor 184",2019,176.13,368.496490803315,8.93691016146809,6.92708151527479,2.70914124199944,14.5719282588851,19.7625493109314,3.12552459886349,8.65436337217895,1033.02975497559,0,0.124058492886836,"1398_SCM_data_df_3.xlsx"
"1398 3 donor 184",2020,211.41,368.496490803315,8.93691016146809,6.92715823338058,2.62344046893453,14.5719282588851,19.7625493109314,3.51844761753275,8.65436337217895,1025.23087009216,0,0.148908226771169,"1398_SCM_data_df_3.xlsx"
"1398 3 donor 184",2021,226.26,368.496490803315,8.93691016146809,6.92715823338058,2.59715483327445,14.5719282588851,19.7625493109314,2.92467841513248,8.65436337217895,1017.43198520873,0,0.159367936186768,"1398_SCM_data_df_3.xlsx"
"1398 3 donor 184",2022,442.53,368.496490803315,8.93691016146809,6.92717581666594,2.59715483327445,14.5719282588851,19.7625493109314,2.54918342274066,8.65436337217895,1017.43198520873,0,0.31169934058486,"1398_SCM_data_df_3.xlsx"
"1398 3 donor 185",2001,482.13,427.094683151948,12.8163717085098,19.121462986593,7.38178214387014,15.7748158585794,22.6096943023671,3.40406794935048,10.8440376661977,1300.47478398083,0,0.339591899026459,"1398_SCM_data_df_3.xlsx"
"1398 3 donor 185",2002,1739.79,427.094683151948,12.8163717085098,19.121462986593,7.29473741275303,15.7748158585794,22.6096943023671,3.40406794935048,10.8440376661977,1265.59585254462,0,1.22543419826031,"1398_SCM_data_df_3.xlsx"
"1398 3 donor 185",2003,238.86,427.094683151948,12.8163717085098,19.121462986593,6.50700120634308,15.7748158585794,22.6096943023671,1.99193792470983,9.13187391884844,1348.46122704939,0,0.168242841145459,"1398_SCM_data_df_3.xlsx"
"1398 3 donor 185",2004,463.14,427.094683151948,12.8163717085098,19.121462986593,6.87800512942147,15.7748158585794,22.6096943023671,1.77663600532931,9.13187391884844,1350.10369060749,0,0.326216149410147,"1398_SCM_data_df_3.xlsx"
"1398 3 donor 185",2005,386.91,427.094683151948,12.8163717085098,19.121462986593,6.83698024384459,15.7748158585794,22.6096943023671,1.7321275401651,9.13187391884844,1200.57168204625,0,0.27252297441007,"1398_SCM_data_df_3.xlsx"
"1398 3 donor 185",2006,476.28,427.094683151948,12.8163717085098,19.121462986593,6.82139489225611,15.7748158585794,22.6096943023671,2.31127246602849,9.13187391884844,1363.26171451335,0,0.335471407438495,"1398_SCM_data_df_3.xlsx"
"1398 3 donor 185",2007,490.23,427.094683151948,12.8163717085098,19.121462986593,6.88859746991708,15.7748158585794,22.6096943023671,1.96327657350704,9.13187391884844,1248.52431654048,0,0.345297195071331,"1398_SCM_data_df_3.xlsx"
"1398 3 donor 185",2008,688.68,427.094683151948,12.8163717085098,19.121462986593,7.00081661825576,15.7748158585794,22.6096943023671,1.86069331999834,7.24539897580487,1208.5426601343,0,0.485076948170704,"1398_SCM_data_df_3.xlsx"
"1398 3 donor 185",2009,779.13,427.094683151948,12.8163717085098,19.121462986593,6.36736377648729,15.7748158585794,22.6096943023671,1.78820806954842,7.24539897580487,1296.44388780306,0,0.548786087338446,"1398_SCM_data_df_3.xlsx"
"1398 3 donor 185",2010,966.6,427.094683151948,12.8163717085098,18.987400177925,6.86790040490617,15.7748158585794,22.6096943023671,1.70276822517654,7.24539897580487,1197.72328502565,0,0.680831994688103,"1398_SCM_data_df_3.xlsx"
"1398 3 donor 185",2011,1258.56,427.094683151948,12.8163717085098,18.987400177925,6.79112191877524,15.7748158585794,22.6096943023671,1.68729681740794,7.24539897580487,1292.83286095453,0,0.886476221016613,"1398_SCM_data_df_3.xlsx"
"1398 3 donor 185",2012,945.18,427.094683151948,12.8163717085098,18.9862451459471,6.98997360191945,15.7748158585794,22.6096943023671,1.50176237152693,7.24539897580487,1280.10764113475,0,0.665744656258329,"1398_SCM_data_df_3.xlsx"
"1398 3 donor 185",2013,1122.57,427.094683151948,12.8163717085098,18.9580033220183,4.76628534236847,15.7748158585794,22.6096943023671,1.50074487462548,7.17499942075825,1320.96105426221,0,0.790690639641034,"1398_SCM_data_df_3.xlsx"
"1398 3 donor 185",2014,1336.95,427.094683151948,12.8163717085098,19.1787586884503,5.04147496345428,15.7748158585794,22.6096943023671,1.36337070205085,7.17499942075825,1317.85669854725,0,0.941690808295323,"1398_SCM_data_df_3.xlsx"
"1398 3 donor 185",2015,1283.94,427.094683151948,12.8163717085098,6.43097636229143,5.32606543390697,15.7748158585794,22.6096943023671,1.42361852883857,7.17499942075825,1297.27319166427,0,0.904352815290547,"1398_SCM_data_df_3.xlsx"
"1398 3 donor 185",2016,1469.61,427.094683151948,12.8163717085098,4.01522151457289,5.00019663955327,15.7748158585794,22.6096943023671,1.38756177159294,7.17499942075825,1206.30806792964,0,1.03513087907468,"1398_SCM_data_df_3.xlsx"
"1398 3 donor 185",2017,1121.22,427.094683151948,12.8163717085098,4.01522416655699,4.9168101572117,15.7748158585794,22.6096943023671,1.30558973003675,7.17499942075825,1252.34361422922,0,0.789739756966889,"1398_SCM_data_df_3.xlsx"
"1398 3 donor 185",2018,1084.32,427.094683151948,12.8163717085098,3.99605703173442,5.24395929260717,15.7748158585794,22.6096943023671,1.30771467030024,6.53177820319632,1369.63047332426,0,0.763748963873581,"1398_SCM_data_df_3.xlsx"
"1398 3 donor 185",2019,1503.63,427.094683151948,12.8163717085098,4.00410865181659,4.80434432719628,15.7748158585794,22.6096943023671,1.38822856823123,6.53177820319632,1327.74605633496,0,1.05909312246314,"1398_SCM_data_df_3.xlsx"
"1398 3 donor 185",2020,2304.72,427.094683151948,12.8163717085098,3.99824073019651,4.61220274868861,15.7748158585794,22.6096943023671,1.47351929339545,6.53177820319632,1299.06895229033,0,1.62334690130102,"1398_SCM_data_df_3.xlsx"
"1398 3 donor 185",2021,1624.86,427.094683151948,12.8163717085098,3.99823955622903,4.70775614555789,15.7748158585794,22.6096943023671,1.24373813909262,6.53177820319632,1270.3918482457,0,1.1444823866014,"1398_SCM_data_df_3.xlsx"
"1398 3 donor 185",2022,1812.33,427.094683151948,12.8163717085098,3.99620172533806,4.70775614555789,15.7748158585794,22.6096943023671,1.1703986583832,6.53177820319632,1270.3918482457,0,1.27652829395105,"1398_SCM_data_df_3.xlsx"
"1398 4 donor 63",2001,48.78,348.243041420685,8.27460046761203,7.72110111300671,5.74365382985791,14.719175963007,19.0300586989112,10.2748474447438,10.0935228421859,1050.12620457252,0,0.0343585606257869,"1398_SCM_data_df_4.xlsx"
"1398 4 donor 63",2002,85.59,348.243041420685,8.27460046761203,7.72110111300671,5.6441946403385,14.719175963007,19.0300586989112,10.2748474447438,10.0935228421859,991.938336303416,0,0.060285961540818,"1398_SCM_data_df_4.xlsx"
"1398 4 donor 63",2003,78.39,348.243041420685,8.27460046761203,7.72110111300671,5.33744467904811,14.719175963007,19.0300586989112,7.06494628796005,9.9065540414235,1124.19595364982,0,0.0552145872787093,"1398_SCM_data_df_4.xlsx"
"1398 4 donor 63",2004,81,348.243041420685,8.27460046761203,7.72110111300671,5.29766640977565,14.719175963007,19.0300586989112,6.04623715193027,9.9065540414235,1001.46687724692,0,0.0570529604487237,"1398_SCM_data_df_4.xlsx"
"1398 4 donor 63",2005,37.71,348.243041420685,8.27460046761203,7.72110111300671,4.37488562156364,14.719175963007,19.0300586989112,5.68442379134538,9.9065540414235,934.006104152766,0,0.0265613226977947,"1398_SCM_data_df_4.xlsx"
"1398 4 donor 63",2006,146.79,348.243041420685,8.27460046761203,7.72110111300671,4.58667011463673,14.719175963007,19.0300586989112,6.19667445011247,9.9065540414235,1114.49713478544,0,0.103392642768743,"1398_SCM_data_df_4.xlsx"
"1398 4 donor 63",2007,63.27,348.243041420685,8.27460046761203,7.72110111300671,4.99590285367206,14.719175963007,19.0300586989112,6.57154336179545,9.9065540414235,1004.41792859978,0,0.0445647013282808,"1398_SCM_data_df_4.xlsx"
"1398 4 donor 63",2008,87.03,348.243041420685,8.27460046761203,7.72110111300671,4.60365781553958,14.719175963007,19.0300586989112,7.22928363864654,8.21723769175331,979.661757584971,0,0.0613002363932398,"1398_SCM_data_df_4.xlsx"
"1398 4 donor 63",2009,134.73,348.243041420685,8.27460046761203,7.72110111300671,4.56413508948253,14.719175963007,19.0300586989112,6.11697188345453,8.21723769175331,1070.78980754992,0,0.0948980908797104,"1398_SCM_data_df_4.xlsx"
"1398 4 donor 63",2010,76.68,348.243041420685,8.27460046761203,7.72110111300671,4.88866977258459,14.719175963007,19.0300586989112,4.7360231004845,8.21723769175331,950.117442125622,0,0.0540101358914584,"1398_SCM_data_df_4.xlsx"
"1398 4 donor 63",2011,130.68,348.243041420685,8.27460046761203,7.72110111300671,4.12118308798482,14.719175963007,19.0300586989112,4.44491191453482,8.21723769175331,1041.44052234037,0,0.0920454428572742,"1398_SCM_data_df_4.xlsx"
"1398 4 donor 63",2012,174.51,348.243041420685,8.27460046761203,6.61470363996971,4.43928496673789,14.719175963007,19.0300586989112,3.87591506760808,8.21723769175331,1028.62641290057,0,0.122917433677861,"1398_SCM_data_df_4.xlsx"
"1398 4 donor 63",2013,77.4,348.243041420685,8.27460046761203,5.99655284564862,3.38800148574501,14.719175963007,19.0300586989112,3.39890746152265,7.86528788544209,1078.36448471182,0,0.0545172733176693,"1398_SCM_data_df_4.xlsx"
"1398 4 donor 63",2014,324.9,348.243041420685,8.27460046761203,6.61721862551343,3.24213144444538,14.719175963007,19.0300586989112,3.91522856543612,7.86528788544209,1040.02742329164,0,0.228845763577658,"1398_SCM_data_df_4.xlsx"
"1398 4 donor 63",2015,99.09,348.243041420685,8.27460046761203,6.61270525803119,2.86481240762481,14.719175963007,19.0300586989112,3.84024115872627,7.86528788544209,991.514111410465,0,0.069794788282272,"1398_SCM_data_df_4.xlsx"
"1398 4 donor 63",2016,136.8,348.243041420685,8.27460046761203,6.15344790742915,2.77261422430175,14.719175963007,19.0300586989112,3.82246058236137,7.86528788544209,962.644330520905,0,0.0963561109800667,"1398_SCM_data_df_4.xlsx"
"1398 4 donor 63",2017,84.87,348.243041420685,8.27460046761203,6.13681191284568,2.82559208944593,14.719175963007,19.0300586989112,3.16431422697623,7.86528788544209,1038.16782232432,0,0.0597788241146071,"1398_SCM_data_df_4.xlsx"
"1398 4 donor 63",2018,123.3,348.243041420685,8.27460046761203,6.40641047664896,2.81497496473907,14.719175963007,19.0300586989112,3.03703323325141,7.84565207384948,1114.82715246517,0,0.0868472842386127,"1398_SCM_data_df_4.xlsx"
"1398 4 donor 63",2019,166.77,348.243041420685,8.27460046761203,6.40568744387107,2.6052702901672,14.719175963007,19.0300586989112,2.9666091195606,7.84565207384948,1026.80443626147,0,0.117465706346094,"1398_SCM_data_df_4.xlsx"
"1398 4 donor 63",2020,201.96,348.243041420685,8.27460046761203,6.40576959480193,2.52388070825908,14.719175963007,19.0300586989112,3.32031386592119,7.84565207384948,1019.17687861231,0,0.142252048052151,"1398_SCM_data_df_4.xlsx"
"1398 4 donor 63",2021,239.49,348.243041420685,8.27460046761203,6.4057662707026,2.49902023526994,14.719175963007,19.0300586989112,2.7143348993128,7.84565207384948,1011.54932096315,0,0.168686586393393,"1398_SCM_data_df_4.xlsx"
"1398 4 donor 63",2022,576.99,348.243041420685,8.27460046761203,6.3965820636583,2.49902023526994,14.719175963007,19.0300586989112,2.36391104814349,7.84565207384948,1011.54932096315,0,0.406407254929742,"1398_SCM_data_df_4.xlsx"
"1398 4 donor 97",2001,122.49,353.553782659401,8.56233414904855,10.4062080665016,6.66908996796963,14.6961565828785,20.2478693312782,4.71152959765322,10.7637767037645,1118.47250015138,0,0.0862767546341255,"1398_SCM_data_df_4.xlsx"
"1398 4 donor 97",2002,198,353.553782659401,8.56233414904855,10.4062080665016,5.19851121414882,14.6961565828785,20.2478693312782,4.71152959765322,10.7637767037645,1064.55286975453,0,0.139462792207991,"1398_SCM_data_df_4.xlsx"
"1398 4 donor 97",2003,165.51,353.553782659401,8.56233414904855,10.4062080665016,5.45291562801978,14.6961565828785,20.2478693312782,3.59480718293909,9.35989840087441,1185.8690166213,0,0.116578215850225,"1398_SCM_data_df_4.xlsx"
"1398 4 donor 97",2004,154.17,353.553782659401,8.56233414904855,10.4062080665016,5.41749213950349,14.6961565828785,20.2478693312782,2.90313973504387,9.35989840087441,1080.32393647208,0,0.108590801387404,"1398_SCM_data_df_4.xlsx"
"1398 4 donor 97",2005,93.33,353.553782659401,8.56233414904855,10.4062080665016,4.63275241037162,14.6961565828785,20.2478693312782,2.83691339131316,9.35989840087441,995.988695461145,0,0.065737688872585,"1398_SCM_data_df_4.xlsx"
"1398 4 donor 97",2006,256.95,353.553782659401,8.56233414904855,10.4062080665016,4.89121060303103,14.6961565828785,20.2478693312782,3.19750700396034,9.35989840087441,1193.58860772863,0,0.180984668979007,"1398_SCM_data_df_4.xlsx"
"1398 4 donor 97",2007,120.78,353.553782659401,8.56233414904855,10.4062080665016,5.02533103891433,14.6961565828785,20.2478693312782,3.21333043434196,9.35989840087441,1065.14061635261,0,0.0850723032468747,"1398_SCM_data_df_4.xlsx"
"1398 4 donor 97",2008,155.61,353.553782659401,8.56233414904855,10.4062080665016,4.60639491877686,14.6961565828785,20.2478693312782,3.55581598970749,7.4946188146581,1048.44325551004,0,0.109605076239826,"1398_SCM_data_df_4.xlsx"
"1398 4 donor 97",2009,232.74,353.553782659401,8.56233414904855,10.4062080665016,4.80019772542843,14.6961565828785,20.2478693312782,2.98606105125211,7.4946188146581,1139.66331626093,0,0.163932173022666,"1398_SCM_data_df_4.xlsx"
"1398 4 donor 97",2010,211.95,353.553782659401,8.56233414904855,10.4062080665016,4.73415072643699,14.6961565828785,20.2478693312782,2.72928960424088,7.4946188146581,1011.65156108957,0,0.149288579840827,"1398_SCM_data_df_4.xlsx"
"1398 4 donor 97",2011,267.3,353.553782659401,8.56233414904855,10.4062080665016,4.24391095261321,14.6961565828785,20.2478693312782,2.52106327317874,7.4946188146581,1111.87832007019,0,0.188274769480788,"1398_SCM_data_df_4.xlsx"
"1398 4 donor 97",2012,239.13,353.553782659401,8.56233414904855,10.4062080665016,4.28456492959442,14.6961565828785,20.2478693312782,2.4773895853084,7.4946188146581,1092.70467165085,0,0.168433017680288,"1398_SCM_data_df_4.xlsx"
"1398 4 donor 97",2013,141.48,353.553782659401,8.56233414904855,6.67086801389883,3.57024025874853,14.6961565828785,20.2478693312782,2.49674311656704,7.17747404033814,1140.67012714878,0,0.0996525042504374,"1398_SCM_data_df_4.xlsx"
"1398 4 donor 97",2014,297.09,353.553782659401,8.56233414904855,9.40734652905783,3.4164058158595,14.6961565828785,20.2478693312782,2.76141066510703,7.17747404033814,1115.24347110953,0,0.209257580490263,"1398_SCM_data_df_4.xlsx"
"1398 4 donor 97",2015,132.12,353.553782659401,8.56233414904855,8.97750072809094,2.87904733259715,14.6961565828785,20.2478693312782,2.85188440351088,7.17747404033814,1061.86905182696,0,0.093059717709696,"1398_SCM_data_df_4.xlsx"
"1398 4 donor 97",2016,285.39,353.553782659401,8.56233414904855,5.85872122386843,2.77816046997584,14.6961565828785,20.2478693312782,3.16071700945709,7.17747404033814,1025.44970800422,0,0.201016597314336,"1398_SCM_data_df_4.xlsx"
"1398 4 donor 97",2017,190.53,353.553782659401,8.56233414904855,5.82988079437572,2.83673929980807,14.6961565828785,20.2478693312782,2.78496235252552,7.17747404033814,1092.64971067985,0,0.134201241411053,"1398_SCM_data_df_4.xlsx"
"1398 4 donor 97",2018,201.06,353.553782659401,8.56233414904855,8.99853933556159,2.81027965518965,14.6961565828785,20.2478693312782,2.65831171441662,6.80977309674073,1194.70165311718,0,0.141618126269387,"1398_SCM_data_df_4.xlsx"
"1398 4 donor 97",2019,351.81,353.553782659401,8.56233414904855,9.05680942668381,2.75137033189545,14.6961565828785,20.2478693312782,2.57919287899614,6.80977309674073,1101.55157559431,0,0.24780002488229,"1398_SCM_data_df_4.xlsx"
"1398 4 donor 97",2020,495.72,353.553782659401,8.56233414904855,9.05680937600953,2.66205092906374,14.6961565828785,20.2478693312782,2.44100163776473,6.80977309674073,1094.60812962162,0,0.349164117946189,"1398_SCM_data_df_4.xlsx"
"1398 4 donor 97",2021,497.52,353.553782659401,8.56233414904855,9.05680785718861,2.6294689306811,14.6961565828785,20.2478693312782,2.08771188361243,6.80977309674073,1087.66468364894,0,0.350431961511716,"1398_SCM_data_df_4.xlsx"
"1398 4 donor 97",2022,766.98,353.553782659401,8.56233414904855,9.05236270189656,2.6294689306811,14.6961565828785,20.2478693312782,1.91234005330653,6.80977309674073,1087.66468364894,0,0.540228143271137,"1398_SCM_data_df_4.xlsx"
"1398 5 donor 185",2001,128.7,341.071877052059,8.17862152306857,10.9797397554526,7.05138956834355,14.6529527191903,20.2747166579041,4.59217223747545,12.8651871935328,1105.83835493223,0,0.0906508149351943,"1398_SCM_data_df_5.xlsx"
"1398 5 donor 185",2002,192.96,341.071877052059,8.17862152306857,10.9797397554526,5.23946515731309,14.6529527191903,20.2747166579041,4.59217223747545,12.8651871935328,1053.10067150938,0,0.135912830224515,"1398_SCM_data_df_5.xlsx"
"1398 5 donor 185",2003,158.4,341.071877052059,8.17862152306857,10.9797397554526,5.56930753032209,14.6529527191903,20.2747166579041,3.73860462659476,10.3139259608299,1170.74134677713,0,0.111570233766393,"1398_SCM_data_df_5.xlsx"
"1398 5 donor 185",2004,131.22,341.071877052059,8.17862152306857,10.9797397554526,5.56342863356533,14.6529527191903,20.2747166579041,3.03128194737016,10.3139259608299,1063.62895253405,0,0.0924257959269324,"1398_SCM_data_df_5.xlsx"
"1398 5 donor 185",2005,83.7,341.071877052059,8.17862152306857,10.9797397554526,5.00078080191212,14.6529527191903,20.2747166579041,3.03672949102249,10.3139259608299,983.83149274121,0,0.0589547257970145,"1398_SCM_data_df_5.xlsx"
"1398 5 donor 185",2006,231.57,341.071877052059,8.17862152306857,10.9797397554526,5.09725405027628,14.6529527191903,20.2747166579041,3.44486762657575,10.3139259608299,1178.32270033903,0,0.163108074705073,"1398_SCM_data_df_5.xlsx"
"1398 5 donor 185",2007,111.87,341.071877052059,8.17862152306857,10.9797397554526,5.14817534411249,14.6529527191903,20.2747166579041,3.60741771881064,10.3139259608299,1052.80418614766,0,0.0787964775975151,"1398_SCM_data_df_5.xlsx"
"1398 5 donor 185",2008,144.72,341.071877052059,8.17862152306857,10.9797397554526,4.74669018650379,14.6529527191903,20.2747166579041,4.27839773892565,8.28724743864321,1037.00064117498,0,0.101934622668386,"1398_SCM_data_df_5.xlsx"
"1398 5 donor 185",2009,216.09,341.071877052059,8.17862152306857,10.9797397554526,5.01945245838873,14.6529527191903,20.2747166579041,3.42697897002384,8.28724743864321,1127.33633744807,0,0.15220462004154,"1398_SCM_data_df_5.xlsx"
"1398 5 donor 185",2010,173.79,341.071877052059,8.17862152306857,10.9797397554526,4.8804482671736,14.6529527191903,20.2747166579041,2.94333784853772,8.28724743864321,997.399392889644,0,0.12241029625165,"1398_SCM_data_df_5.xlsx"
"1398 5 donor 185",2011,243.45,341.071877052059,8.17862152306857,10.9797397554526,4.26988394310645,14.6529527191903,20.2747166579041,2.68370329434436,8.28724743864321,1098.26373898618,0,0.171475842237553,"1398_SCM_data_df_5.xlsx"
"1398 5 donor 185",2012,299.07,341.071877052059,8.17862152306857,10.9797397554526,4.09779943399241,14.6529527191903,20.2747166579041,2.63379854225948,8.28724743864321,1080.48977252013,0,0.210652208412343,"1398_SCM_data_df_5.xlsx"
"1398 5 donor 185",2013,148.59,341.071877052059,8.17862152306857,5.84598152487034,3.64214740197448,14.6529527191903,20.2747166579041,2.63851616345105,8.10794145319388,1126.61757818851,0,0.10466048633427,"1398_SCM_data_df_5.xlsx"
"1398 5 donor 185",2014,311.58,341.071877052059,8.17862152306857,8.48189562713036,3.47221929099139,14.6529527191903,20.2747166579041,2.93811330568281,8.10794145319388,1099.47243545845,0,0.219463721192757,"1398_SCM_data_df_5.xlsx"
"1398 5 donor 185",2015,127.26,341.071877052059,8.17862152306857,8.47367976934592,2.88519948776383,14.6529527191903,20.2747166579041,2.8667321042856,8.10794145319388,1045.6692135366,0,0.0896365400827726,"1398_SCM_data_df_5.xlsx"
"1398 5 donor 185",2016,272.7,341.071877052059,8.17862152306857,6.56729079642941,2.77212522618837,14.6529527191903,20.2747166579041,3.14567442457889,8.10794145319388,1011.57214837254,0,0.19207830017737,"1398_SCM_data_df_5.xlsx"
"1398 5 donor 185",2017,150.75,341.071877052059,8.17862152306857,6.54072175328629,2.83601877495462,14.6529527191903,20.2747166579041,2.76709307101699,8.10794145319388,1080.13077295016,0,0.106181898612902,"1398_SCM_data_df_5.xlsx"
"1398 5 donor 185",2018,174.87,341.071877052059,8.17862152306857,9.62894692605514,2.82500999768445,14.6529527191903,20.2747166579041,2.71678730234251,7.7484347975724,1179.64705956874,0,0.123171002390967,"1398_SCM_data_df_5.xlsx"
"1398 5 donor 185",2019,339.84,341.071877052059,8.17862152306857,9.63144331724648,2.73955124719442,14.6529527191903,20.2747166579041,2.5289905787396,7.7484347975724,1088.53010531176,0,0.239368865171534,"1398_SCM_data_df_5.xlsx"
"1398 5 donor 185",2020,555.84,341.071877052059,8.17862152306857,9.63144331724648,2.67424995126085,14.6529527191903,20.2747166579041,2.49594058257538,7.7484347975724,1080.40633742695,0,0.391510093034797,"1398_SCM_data_df_5.xlsx"
"1398 5 donor 185",2021,507.51,341.071877052059,8.17862152306857,9.63144331724648,2.64331790384346,14.6529527191903,20.2747166579041,2.07031295532397,7.7484347975724,1072.28256954215,0,0.357468493300392,"1398_SCM_data_df_5.xlsx"
"1398 5 donor 185",2022,607.86,341.071877052059,8.17862152306857,9.63144331724648,2.64331790384346,14.6529527191903,20.2747166579041,1.88935452753287,7.7484347975724,1072.28256954215,0,0.428150772078533,"1398_SCM_data_df_5.xlsx"
"1398 5 donor 267",2001,89.46,328.178941367333,8.05742885497204,8.29073059589877,6.31062087422887,14.3760724918183,19.9968851743675,6.87895736541866,13.3054019256824,1029.81849809438,0,0.0630118252067015,"1398_SCM_data_df_5.xlsx"
"1398 5 donor 267",2002,76.95,328.178941367333,8.05742885497204,8.29073059589877,4.413648598144,14.3760724918183,19.9968851743675,6.87895736541866,13.3054019256824,979.767917257592,0,0.0542003124262875,"1398_SCM_data_df_5.xlsx"
"1398 5 donor 267",2003,69.03,328.178941367333,8.05742885497204,8.29073059589877,4.68821460872258,14.3760724918183,19.9968851743675,5.99067075968032,12.648555557276,1096.07808797187,0,0.0486218007379679,"1398_SCM_data_df_5.xlsx"
"1398 5 donor 267",2004,47.34,328.178941367333,8.05742885497204,8.29073059589877,4.69205292529887,14.3760724918183,19.9968851743675,4.84692167272548,12.648555557276,971.165621359872,0,0.0333442857733652,"1398_SCM_data_df_5.xlsx"
"1398 5 donor 267",2005,17.82,328.178941367333,8.05742885497204,8.29073059589877,4.21753748007278,14.3760724918183,19.9968851743675,5.05261412237515,12.648555557276,917.000292089992,0,0.0125516512987192,"1398_SCM_data_df_5.xlsx"
"1398 5 donor 267",2006,63,328.178941367333,8.05742885497204,8.29073059589877,4.3730351042902,14.3760724918183,19.9968851743675,5.73567659373801,12.648555557276,1101.42724530984,0,0.0443745247934518,"1398_SCM_data_df_5.xlsx"
"1398 5 donor 267",2007,45.09,328.178941367333,8.05742885497204,8.29073059589877,4.57739602616845,14.3760724918183,19.9968851743675,6.64411766370236,12.648555557276,986.182794139901,0,0.0317594813164562,"1398_SCM_data_df_5.xlsx"
"1398 5 donor 267",2008,44.82,328.178941367333,8.05742885497204,8.29073059589877,4.11717598034903,14.3760724918183,19.9968851743675,7.417900258658,10.8181428270792,974.857587477433,0,0.0315693047816271,"1398_SCM_data_df_5.xlsx"
"1398 5 donor 267",2009,113.67,328.178941367333,8.05742885497204,8.29073059589877,4.3357886127133,14.3760724918183,19.9968851743675,6.35433116952129,10.8181428270792,1063.9293374484,0,0.0800643211630422,"1398_SCM_data_df_5.xlsx"
"1398 5 donor 267",2010,83.07,328.178941367333,8.05742885497204,8.29073059589877,4.50673188320623,14.3760724918183,19.9968851743675,4.94040322565887,10.8181428270792,926.840039555319,0,0.05851098054908,"1398_SCM_data_df_5.xlsx"
"1398 5 donor 267",2011,106.74,328.178941367333,8.05742885497204,8.29073059589877,3.73414457328467,14.3760724918183,19.9968851743675,4.50914800798145,10.8181428270792,1036.22832780239,0,0.0751831234357625,"1398_SCM_data_df_5.xlsx"
"1398 5 donor 267",2012,199.35,328.178941367333,8.05742885497204,8.28644338979234,3.59059736344793,14.3760724918183,19.9968851743675,4.31812702465873,10.8181428270792,1005.88306054005,0,0.140413674882137,"1398_SCM_data_df_5.xlsx"
"1398 5 donor 267",2013,142.56,328.178941367333,8.05742885497204,6.48619797015051,3.10678630344279,14.3760724918183,19.9968851743675,3.54769516291935,10.8102419596071,1058.4873018275,0,0.100413210389754,"1398_SCM_data_df_5.xlsx"
"1398 5 donor 267",2014,386.37,328.178941367333,8.05742885497204,6.9210514444378,2.94266892408828,14.3760724918183,19.9968851743675,3.90914202048853,10.8102419596071,1010.81051242438,0,0.272142621340412,"1398_SCM_data_df_5.xlsx"
"1398 5 donor 267",2015,97.83,328.178941367333,8.05742885497204,6.9204424628465,2.50398479583613,14.3760724918183,19.9968851743675,3.45312152632857,10.8102419596071,964.056436009417,0,0.0689072977864029,"1398_SCM_data_df_5.xlsx"
"1398 5 donor 267",2016,128.61,328.178941367333,8.05742885497204,6.99851278474375,2.43908196749003,14.3760724918183,19.9968851743675,3.35605852216541,10.8102419596071,936.628637488167,0,0.0905874227569179,"1398_SCM_data_df_5.xlsx"
"1398 5 donor 267",2017,84.15,328.178941367333,8.05742885497204,6.99793231395099,2.50554707258964,14.3760724918183,19.9968851743675,3.2500878325163,10.8102419596071,1027.81053705848,0,0.0592716866883963,"1398_SCM_data_df_5.xlsx"
"1398 5 donor 267",2018,117.72,328.178941367333,8.05742885497204,7.72412048958506,2.4932416442907,14.3760724918183,19.9968851743675,3.2534525776062,10.524815266101,1096.70341886057,0,0.0829169691854784,"1398_SCM_data_df_5.xlsx"
"1398 5 donor 267",2019,172.08,328.178941367333,8.05742885497204,7.72359796381603,2.30838275331769,14.3760724918183,19.9968851743675,2.91976605703145,10.524815266101,1003.47229121724,0,0.1212058448644,"1398_SCM_data_df_5.xlsx"
"1398 5 donor 267",2020,231.48,328.178941367333,8.05742885497204,7.72367914019968,2.25572296425593,14.3760724918183,19.9968851743675,3.16524225662393,10.524815266101,992.715255895467,0,0.163044682526797,"1398_SCM_data_df_5.xlsx"
"1398 5 donor 267",2021,206.19,328.178941367333,8.05742885497204,7.72367914019968,2.1914549741518,14.3760724918183,19.9968851743675,2.64626236015752,10.524815266101,981.958220573693,0,0.14523148043114,"1398_SCM_data_df_5.xlsx"
"1398 5 donor 267",2022,433.98,328.178941367333,8.05742885497204,7.72367914019968,2.1914549741518,14.3760724918183,19.9968851743675,2.43992563177658,10.524815266101,981.958220573693,0,0.305677083648606,"1398_SCM_data_df_5.xlsx"
"1398 6 donor 240",2001,1127.07,350.324081353422,12.3308329526827,28.4382632330926,4.94912020230671,16.6586142995592,25.2476900652501,2.6261107492682,10.453542416912,1367.76147011178,0,0.793860248554852,"1398_SCM_data_df_6.xlsx"
"1398 6 donor 240",2002,2692.62,350.324081353422,12.3308329526827,28.4382632330926,4.93947848661295,16.6586142995592,25.2476900652501,2.6261107492682,10.453542416912,1322.94226592482,0,1.89656718967213,"1398_SCM_data_df_6.xlsx"
"1398 6 donor 240",2003,201.33,350.324081353422,12.3308329526827,28.4382632330926,4.92143329136206,16.6586142995592,25.2476900652501,1.35490797803793,10.1165981314923,1435.03722308152,0,0.141808302804217,"1398_SCM_data_df_6.xlsx"
"1398 6 donor 240",2004,448.38,350.324081353422,12.3308329526827,28.4382632330926,4.86630485292576,16.6586142995592,25.2476900652501,1.28018406785411,10.1165981314923,1427.24458096224,0,0.315819832172824,"1398_SCM_data_df_6.xlsx"
"1398 6 donor 240",2005,337.41,350.324081353422,12.3308329526827,28.4382632330926,4.85010877363875,16.6586142995592,25.2476900652501,1.23231259919497,10.1165981314923,1255.4669971818,0,0.237657276358072,"1398_SCM_data_df_6.xlsx"
"1398 6 donor 240",2006,522.99,350.324081353422,12.3308329526827,28.4382632330926,4.81188893753084,16.6586142995592,25.2476900652501,1.91132386809524,10.1165981314923,1406.8786581893,0,0.368371947963926,"1398_SCM_data_df_6.xlsx"
"1398 6 donor 240",2007,595.89,350.324081353422,12.3308329526827,28.4382632330926,4.88309556218869,16.6586142995592,25.2476900652501,1.63912684850153,10.1165981314923,1327.16703991597,0,0.419719612367777,"1398_SCM_data_df_6.xlsx"
"1398 6 donor 240",2008,1059.57,350.324081353422,12.3308329526827,28.4382632330926,4.86490383533934,16.6586142995592,25.2476900652501,1.54465504186687,7.46064454857888,1271.61613873187,0,0.746316114847582,"1398_SCM_data_df_6.xlsx"
"1398 6 donor 240",2009,1121.04,350.324081353422,12.3308329526827,28.4382632330926,4.67177693193967,16.6586142995592,25.2476900652501,1.26966836592852,7.46064454857888,1356.3796315005,0,0.789612972610336,"1398_SCM_data_df_6.xlsx"
"1398 6 donor 240",2010,1291.14,350.324081353422,12.3308329526827,16.6984846063486,4.6955760532878,16.6586142995592,25.2476900652501,1.09560320534792,7.46064454857888,1278.79471616978,0,0.909424189552656,"1398_SCM_data_df_6.xlsx"
"1398 6 donor 240",2011,1412.28,350.324081353422,12.3308329526827,16.6984846063486,4.67862826987084,16.6586142995592,25.2476900652501,1.03742109412006,7.46064454857888,1343.79454509229,0,0.994750061512636,"1398_SCM_data_df_6.xlsx"
"1398 6 donor 240",2012,982.26,350.324081353422,12.3308329526827,16.6841202966189,4.74813217643701,16.6586142995592,25.2476900652501,0.998739617388073,7.46064454857888,1340.42571400209,0,0.691862233708189,"1398_SCM_data_df_6.xlsx"
"1398 6 donor 240",2013,1443.69,350.324081353422,12.3308329526827,16.6624660796319,3.9074094831621,16.6586142995592,25.2476900652501,1.07921170836697,7.03465607789343,1381.81248640356,0,1.01687393173109,"1398_SCM_data_df_6.xlsx"
"1398 6 donor 240",2014,1209.87,350.324081353422,12.3308329526827,16.7515479834433,4.01339935726939,16.6586142995592,25.2476900652501,1.21985054401952,7.03465607789343,1393.35712037871,0,0.852181052569103,"1398_SCM_data_df_6.xlsx"
"1398 6 donor 240",2015,1249.47,350.324081353422,12.3308329526827,6.25926682892119,3.86856826127013,16.6586142995592,25.2476900652501,1.35792845223122,7.03465607789343,1349.76014866141,0,0.880073611010701,"1398_SCM_data_df_6.xlsx"
"1398 6 donor 240",2016,1573.29,350.324081353422,12.3308329526827,5.49490190475453,3.7342056766091,16.6586142995592,25.2476900652501,1.27045752818985,7.03465607789343,1259.98430874488,0,1.10815866844904,"1398_SCM_data_df_6.xlsx"
"1398 6 donor 240",2017,1363.14,350.324081353422,12.3308329526827,5.49490190475453,3.72412619535435,16.6586142995592,25.2476900652501,1.22355466201393,7.03465607789343,1324.57868965911,0,0.960137932173743,"1398_SCM_data_df_6.xlsx"
"1398 6 donor 240",2018,1259.28,350.324081353422,12.3308329526827,5.45399709321353,4.2448087052976,16.6586142995592,25.2476900652501,1.24489429995362,6.50994594080994,1413.72103950341,0,0.886983358442824,"1398_SCM_data_df_6.xlsx"
"1398 6 donor 240",2019,2187.72,350.324081353422,12.3308329526827,5.45519265237579,3.63732131251614,16.6586142995592,25.2476900652501,1.27756120545068,6.50994594080994,1383.89854189885,0,1.54093706954175,"1398_SCM_data_df_6.xlsx"
"1398 6 donor 240",2020,2798.37,350.324081353422,12.3308329526827,5.46528224685444,3.68540054954452,16.6586142995592,25.2476900652501,1.10648054177432,6.50994594080994,1348.20821995636,0,1.97105299914685,"1398_SCM_data_df_6.xlsx"
"1398 6 donor 240",2021,1478.88,350.324081353422,12.3308329526827,5.46527432885257,3.53404059154864,16.6586142995592,25.2476900652501,0.936800305177388,6.50994594080994,1312.51789801388,0,1.04166027343714,"1398_SCM_data_df_6.xlsx"
"1398 6 donor 240",2022,1762.56,350.324081353422,12.3308329526827,5.46527432885257,3.53404059154864,16.6586142995592,25.2476900652501,0.878523663564452,6.50994594080994,1312.51789801388,0,1.24147241936423,"1398_SCM_data_df_6.xlsx"
"1398 6 donor 488",2001,58.32,345.386328653143,8.40563808275696,7.9673650710756,6.65613200700164,14.4404810268061,19.9797347821007,7.2498659589488,12.6145186052191,1069.30362940602,0,0.0410781315230811,"1398_SCM_data_df_6.xlsx"
"1398 6 donor 488",2002,81.18,345.386328653143,8.40563808275696,7.9673650710756,5.51677950269248,14.4404810268061,19.9797347821007,7.2498659589488,12.6145186052191,1013.61370301891,0,0.0571797448052764,"1398_SCM_data_df_6.xlsx"
"1398 6 donor 488",2003,75.51,345.386328653143,8.40563808275696,7.9673650710756,5.47559369965463,14.4404810268061,19.9797347821007,6.28891827836355,12.1737418798137,1137.77450413883,0,0.0531860375738657,"1398_SCM_data_df_6.xlsx"
"1398 6 donor 488",2004,64.62,345.386328653143,8.40563808275696,7.9673650710756,5.36994999897946,14.4404810268061,19.9797347821007,5.06459480817646,12.1737418798137,1017.0291586988,0,0.0455155840024262,"1398_SCM_data_df_6.xlsx"
"1398 6 donor 488",2005,25.74,345.386328653143,8.40563808275696,7.9673650710756,4.63318171171254,14.4404810268061,19.9797347821007,5.08773032373764,12.1737418798137,951.941314502773,0,0.0181301629870389,"1398_SCM_data_df_6.xlsx"
"1398 6 donor 488",2006,118.62,345.386328653143,8.40563808275696,7.9673650710756,4.8076184531229,14.4404810268061,19.9797347821007,5.45933632692878,12.1737418798137,1139.70963836851,0,0.083550890968242,"1398_SCM_data_df_6.xlsx"
"1398 6 donor 488",2007,62.19,345.386328653143,8.40563808275696,7.9673650710756,5.16149262780201,14.4404810268061,19.9797347821007,6.4995156660527,12.1737418798137,1021.59775438113,0,0.0438039951889645,"1398_SCM_data_df_6.xlsx"
"1398 6 donor 488",2008,75.96,345.386328653143,8.40563808275696,7.9673650710756,4.75619523990172,14.4404810268061,19.9797347821007,7.28737474231267,10.2721558771716,1004.73851553796,0,0.0535029984652475,"1398_SCM_data_df_6.xlsx"
"1398 6 donor 488",2009,129.51,345.386328653143,8.40563808275696,7.9673650710756,4.80300931087949,14.4404810268061,19.9797347821007,6.23933321602944,10.2721558771716,1097.84767924798,0,0.0912213445396815,"1398_SCM_data_df_6.xlsx"
"1398 6 donor 488",2010,96.75,345.386328653143,8.40563808275696,7.9673650710756,5.16485702461481,14.4404810268061,19.9797347821007,4.56250055848385,10.2721558771716,964.186105681896,0,0.0681465916470866,"1398_SCM_data_df_6.xlsx"
"1398 6 donor 488",2011,123.39,345.386328653143,8.40563808275696,7.9673650710756,4.19470075963657,14.4404810268061,19.9797347821007,4.17100669265652,10.2721558771716,1064.73230711192,0,0.0869106764168891,"1398_SCM_data_df_6.xlsx"
"1398 6 donor 488",2012,206.19,345.386328653143,8.40563808275696,7.9054047779754,4.32277780225519,14.4404810268061,19.9797347821007,3.81201360983269,10.2721558771716,1046.89059980532,0,0.14523148043114,"1398_SCM_data_df_6.xlsx"
"1398 6 donor 488",2013,99.27,345.386328653143,8.40563808275696,5.60125912524607,3.44812983570651,14.4404810268061,19.9797347821007,3.35487725038728,10.1849503044388,1097.28179610096,0,0.0699215726388247,"1398_SCM_data_df_6.xlsx"
"1398 6 donor 488",2014,415.8,345.386328653143,8.40563808275696,7.27056758780725,3.27643206028106,14.4404810268061,19.9797347821007,3.87439891019988,10.1849503044388,1054.82270196388,0,0.292871863636782,"1398_SCM_data_df_6.xlsx"
"1398 6 donor 488",2015,95.31,345.386328653143,8.40563808275696,7.27051347364287,2.743600568267,14.4404810268061,19.9797347821007,3.44499258803599,10.1849503044388,1006.3119042575,0,0.0671323167946649,"1398_SCM_data_df_6.xlsx"
"1398 6 donor 488",2016,198.54,345.386328653143,8.40563808275696,7.05625321876027,2.66496386781915,14.4404810268061,19.9797347821007,3.35992352325538,10.1849503044388,976.396882484722,0,0.139843145277649,"1398_SCM_data_df_6.xlsx"
"1398 6 donor 488",2017,89.37,345.386328653143,8.40563808275696,7.0540696334699,2.72499141687388,14.4404810268061,19.9797347821007,2.9419876000397,10.1849503044388,1054.96030647285,0,0.0629484330284251,"1398_SCM_data_df_6.xlsx"
"1398 6 donor 488",2018,118.98,345.386328653143,8.40563808275696,7.84675776581122,2.71409576220905,14.4404810268061,19.9797347821007,3.05248812896297,10.0334600267031,1139.56260896066,0,0.0838044596813475,"1398_SCM_data_df_6.xlsx"
"1398 6 donor 488",2019,181.53,345.386328653143,8.40563808275696,7.84558860397336,2.52932737077627,14.4404810268061,19.9797347821007,2.83447882582553,10.0334600267031,1045.72590583828,0,0.127862023583417,"1398_SCM_data_df_6.xlsx"
"1398 6 donor 488",2020,250.92,345.386328653143,8.40563808275696,7.84561224610451,2.48692333040777,14.4404810268061,19.9797347821007,3.20528026246981,10.0334600267031,1035.9372752604,0,0.176737393034491,"1398_SCM_data_df_6.xlsx"
"1398 6 donor 488",2021,237.69,345.386328653143,8.40563808275696,7.84561224610451,2.42050661347639,14.4404810268061,19.9797347821007,2.64834673014215,10.0334600267031,1026.14864468251,0,0.167418742827866,"1398_SCM_data_df_6.xlsx"
"1398 6 donor 488",2022,419.4,345.386328653143,8.40563808275696,7.84561224610451,2.42050661347639,14.4404810268061,19.9797347821007,2.41467374478379,10.0334600267031,1026.14864468251,0,0.295407550767836,"1398_SCM_data_df_6.xlsx"
"1398 7 donor 209",2001,85.59,352.140530755707,8.44129987007704,9.28042551318162,6.33948166228194,14.7267336049622,19.6231186273192,5.37231299891191,9.90237136359989,1106.67086927531,0,0.060285961540818,"1398_SCM_data_df_7.xlsx"
"1398 7 donor 209",2002,173.25,352.140530755707,8.44129987007704,9.28042551318162,5.40133973517112,14.7267336049622,19.6231186273192,5.37231299891191,9.90237136359989,1050.62274252955,0,0.122029943181992,"1398_SCM_data_df_7.xlsx"
"1398 7 donor 209",2003,148.41,352.140530755707,8.44129987007704,9.28042551318162,5.45725342508175,14.7267336049622,19.6231186273192,4.01320257776727,9.15378512107609,1175.69150820044,0,0.104533701977717,"1398_SCM_data_df_7.xlsx"
"1398 7 donor 209",2004,143.91,352.140530755707,8.44129987007704,9.28042551318162,5.38634041645728,14.7267336049622,19.6231186273192,3.19173452290965,9.15378512107609,1067.79452961459,0,0.101364093063899,"1398_SCM_data_df_7.xlsx"
"1398 7 donor 209",2005,83.79,352.140530755707,8.44129987007704,9.28042551318162,4.48972490889205,14.7267336049622,19.6231186273192,3.06837586726744,9.15378512107609,984.62960128261,0,0.0590181179752908,"1398_SCM_data_df_7.xlsx"
"1398 7 donor 209",2006,246.87,352.140530755707,8.44129987007704,9.28042551318162,4.81432874028217,14.7267336049622,19.6231186273192,3.33160669096212,9.15378512107609,1179.24579486829,0,0.173884745012055,"1398_SCM_data_df_7.xlsx"
"1398 7 donor 209",2007,121.86,352.140530755707,8.44129987007704,9.28042551318162,5.05628162244641,14.7267336049622,19.6231186273192,3.42669278146339,9.15378512107609,1055.31268337712,0,0.085833009386191,"1398_SCM_data_df_7.xlsx"
"1398 7 donor 209",2008,150.21,352.140530755707,8.44129987007704,9.28042551318162,4.63238078547791,14.7267336049622,19.6231186273192,3.75684255462606,7.28121846271436,1035.54891429481,0,0.105801545543244,"1398_SCM_data_df_7.xlsx"
"1398 7 donor 209",2009,240.3,352.140530755707,8.44129987007704,9.28042551318162,4.73475539363279,14.7267336049622,19.6231186273192,3.20759573970927,7.28121846271436,1127.68353695073,0,0.16925711599788,"1398_SCM_data_df_7.xlsx"
"1398 7 donor 209",2010,231.57,352.140530755707,8.44129987007704,9.28042551318162,4.96461112917552,14.7267336049622,19.6231186273192,2.89361662098953,7.28121846271436,1002.40153031659,0,0.163108074705073,"1398_SCM_data_df_7.xlsx"
"1398 7 donor 209",2011,249.93,352.140530755707,8.44129987007704,9.28042551318162,4.27411710732087,14.7267336049622,19.6231186273192,2.66771720078658,7.28121846271436,1098.78950225633,0,0.176040079073451,"1398_SCM_data_df_7.xlsx"
"1398 7 donor 209",2012,234.81,352.140530755707,8.44129987007704,9.28042551318162,4.56737295068699,14.7267336049622,19.6231186273192,2.54376013377983,7.28121846271436,1082.11793520622,0,0.165390193123022,"1398_SCM_data_df_7.xlsx"
"1398 7 donor 209",2013,145.08,352.140530755707,8.44129987007704,6.54047186245902,3.55137862056443,14.7267336049622,19.6231186273192,2.54213388047369,6.98713112576909,1131.15032012443,0,0.102188191381492,"1398_SCM_data_df_7.xlsx"
"1398 7 donor 209",2014,296.1,352.140530755707,8.44129987007704,8.93287624310092,3.3924108894585,14.7267336049622,19.6231186273192,2.85630600446777,6.98713112576909,1104.40693367056,0,0.208560266529223,"1398_SCM_data_df_7.xlsx"
"1398 7 donor 209",2015,127.53,352.140530755707,8.44129987007704,8.2438743906782,2.8614688255274,14.7267336049622,19.6231186273192,2.98097117202335,6.98713112576909,1050.14847183095,0,0.0898267166176016,"1398_SCM_data_df_7.xlsx"
"1398 7 donor 209",2016,313.74,352.140530755707,8.44129987007704,5.38237899850933,2.77197090035345,14.7267336049622,19.6231186273192,3.21683389074929,6.98713112576909,1016.27939649169,0,0.22098513347139,"1398_SCM_data_df_7.xlsx"
"1398 7 donor 209",2017,202.59,352.140530755707,8.44129987007704,5.35393705915225,2.81222697386479,14.7267336049622,19.6231186273192,2.82557978015853,6.98713112576909,1083.84946160091,0,0.142695793300086,"1398_SCM_data_df_7.xlsx"
"1398 7 donor 209",2018,190.35,352.140530755707,8.44129987007704,7.78089902818188,2.77031849706019,14.7267336049622,19.6231186273192,2.71764513788303,6.600823971279,1182.26392715541,0,0.134074457054501,"1398_SCM_data_df_7.xlsx"
"1398 7 donor 209",2019,301.05,352.140530755707,8.44129987007704,7.83806088995117,2.72281506036561,14.7267336049622,19.6231186273192,2.63246580619098,6.600823971279,1088.87469133499,0,0.212046836334423,"1398_SCM_data_df_7.xlsx"
"1398 7 donor 209",2020,369.18,352.140530755707,8.44129987007704,7.83805038491261,2.62960787687864,14.7267336049622,19.6231186273192,2.52198365546627,6.600823971279,1082.60981046014,0,0.260034715289627,"1398_SCM_data_df_7.xlsx"
"1398 7 donor 209",2021,355.23,352.140530755707,8.44129987007704,7.83804885835301,2.6034746938787,14.7267336049622,19.6231186273192,2.18331282507133,6.600823971279,1076.3449295853,0,0.250208927656792,"1398_SCM_data_df_7.xlsx"
"1398 7 donor 209",2022,761.31,352.140530755707,8.44129987007704,7.82300050955701,2.6034746938787,14.7267336049622,19.6231186273192,1.9677494999444,6.600823971279,1076.3449295853,0,0.536234436039726,"1398_SCM_data_df_7.xlsx"
"1398 7 donor 494",2001,130.5,349.866929703,8.54283048866061,11.3512458146326,6.71245385309988,14.7295526110941,20.5913337490551,4.39749786992652,11.5374169961072,1124.49263288341,0,0.0919186585007215,"1398_SCM_data_df_7.xlsx"
"1398 7 donor 494",2002,222.12,349.866929703,8.54283048866061,11.3512458146326,5.04556912199307,14.7295526110941,20.5913337490551,4.39749786992652,11.5374169961072,1071.67403730382,0,0.156451895986056,"1398_SCM_data_df_7.xlsx"
"1398 7 donor 494",2003,175.68,349.866929703,8.54283048866061,11.3512458146326,5.39237840282142,14.7295526110941,20.5913337490551,3.38034696585055,9.48326094086398,1189.93416911345,0,0.123741531995454,"1398_SCM_data_df_7.xlsx"
"1398 7 donor 494",2004,160.2,349.866929703,8.54283048866061,11.3512458146326,5.35662892944541,14.7295526110941,20.5913337490551,2.77036021502728,9.48326094086398,1087.24957084416,0,0.11283807733192,"1398_SCM_data_df_7.xlsx"
"1398 7 donor 494",2005,101.25,349.866929703,8.54283048866061,11.3512458146326,4.67191637077425,14.7295526110941,20.5913337490551,2.72325334889217,9.48326094086398,1001.21522218232,0,0.0713162005609046,"1398_SCM_data_df_7.xlsx"
"1398 7 donor 494",2006,273.78,349.866929703,8.54283048866061,11.3512458146326,4.85509881739221,14.7295526110941,20.5913337490551,3.12495069757883,9.48326094086398,1200.32761947009,0,0.192839006316686,"1398_SCM_data_df_7.xlsx"
"1398 7 donor 494",2007,125.55,349.866929703,8.54283048866061,11.3512458146326,4.93486906294362,14.7295526110941,20.5913337490551,3.1189299500367,9.48326094086398,1069.96877688825,0,0.0884320886955217,"1398_SCM_data_df_7.xlsx"
"1398 7 donor 494",2008,159.12,349.866929703,8.54283048866061,11.3512458146326,4.51676768509962,14.7295526110941,20.5913337490551,3.49334678637964,7.59554290516264,1054.99984932018,0,0.112077371192604,"1398_SCM_data_df_7.xlsx"
"1398 7 donor 494",2009,242.64,349.866929703,8.54283048866061,11.3512458146326,4.75083850432455,14.7295526110941,20.5913337490551,2.9058494189717,7.59554290516264,1145.88195433134,0,0.170905312633066,"1398_SCM_data_df_7.xlsx"
"1398 7 donor 494",2010,217.26,349.866929703,8.54283048866061,11.3512458146326,4.5716502534059,14.7295526110941,20.5913337490551,2.64515051205517,7.59554290516264,1016.14695859121,0,0.153028718359132,"1398_SCM_data_df_7.xlsx"
"1398 7 donor 494",2011,292.32,349.866929703,8.54283048866061,11.3512458146326,4.15111186457617,14.7295526110941,20.5913337490551,2.41627922719118,7.59554290516264,1118.51029199496,0,0.205897795041616,"1398_SCM_data_df_7.xlsx"
"1398 7 donor 494",2012,274.05,349.866929703,8.54283048866061,11.3512458146326,4.0992137688682,14.7295526110941,20.5913337490551,2.38944430735838,7.59554290516264,1098.78010392683,0,0.193029182851515,"1398_SCM_data_df_7.xlsx"
"1398 7 donor 494",2013,170.1,349.866929703,8.54283048866061,6.8148122114829,3.50042870253786,14.7295526110941,20.5913337490551,2.42161446971974,7.26748719457393,1144.40654330637,0,0.11981121694232,"1398_SCM_data_df_7.xlsx"
"1398 7 donor 494",2014,312.39,349.866929703,8.54283048866061,9.70502857177042,3.34001042268569,14.7295526110941,20.5913337490551,2.67405773896201,7.26748719457393,1121.20769312013,0,0.220034250797244,"1398_SCM_data_df_7.xlsx"
"1398 7 donor 494",2015,149.58,349.866929703,8.54283048866061,9.43245660006067,2.79506262549768,14.7295526110941,20.5913337490551,2.75007258226278,7.26748719457393,1067.56391852024,0,0.10535780029531,"1398_SCM_data_df_7.xlsx"
"1398 7 donor 494",2016,291.06,349.866929703,8.54283048866061,6.23248536537816,2.69420523590573,14.7295526110941,20.5913337490551,3.10564004678912,7.26748719457393,1029.34828936158,0,0.205010304545747,"1398_SCM_data_df_7.xlsx"
"1398 7 donor 494",2017,191.25,349.866929703,8.54283048866061,6.20322901263546,2.75313949465212,14.7295526110941,20.5913337490551,2.73135706408097,7.26748719457393,1097.65534455687,0,0.134708378837264,"1398_SCM_data_df_7.xlsx"
"1398 7 donor 494",2018,227.43,349.866929703,8.54283048866061,9.8306015738544,2.73407706481293,14.7295526110941,20.5913337490551,2.61985880424508,6.90300901014398,1201.06208783084,0,0.160192034504361,"1398_SCM_data_df_7.xlsx"
"1398 7 donor 494",2019,411.21,349.866929703,8.54283048866061,9.88704599100675,2.67219178684767,14.7295526110941,20.5913337490551,2.51423621188266,6.90300901014398,1108.25588038557,0,0.289638862544687,"1398_SCM_data_df_7.xlsx"
"1398 7 donor 494",2020,634.05,349.866929703,8.54283048866061,9.88704598608009,2.59179406943624,14.7295526110941,20.5913337490551,2.37184282007231,6.90300901014398,1100.8409166121,0,0.446597895956954,"1398_SCM_data_df_7.xlsx"
"1398 7 donor 494",2021,560.79,349.866929703,8.54283048866061,9.88704447430152,2.55965221139844,14.7295526110941,20.5913337490551,2.00133356253999,6.90300901014398,1093.42595283863,0,0.394996662839997,"1398_SCM_data_df_7.xlsx"
"1398 7 donor 494",2022,791.91,349.866929703,8.54283048866061,9.8869730096851,2.55965221139844,14.7295526110941,20.5913337490551,1.8453633307832,6.90300901014398,1093.42595283863,0,0.557787776653689,"1398_SCM_data_df_7.xlsx"
"1398 8 donor 389",2001,108.45,354.87838461755,8.63345230286309,10.6703426093015,6.21153655724783,14.8037077467837,20.1164365512887,4.84198544382196,9.86920478027083,1119.82031675218,0,0.0763875748230134,"1398_SCM_data_df_8.xlsx"
"1398 8 donor 389",2002,200.34,354.87838461755,8.63345230286309,10.6703426093015,4.97061973762,14.8037077467837,20.1164365512887,4.84198544382196,9.86920478027083,1065.37488021281,0,0.141110988843177,"1398_SCM_data_df_8.xlsx"
"1398 8 donor 389",2003,171.09,354.87838461755,8.63345230286309,10.6703426093015,5.31925345570226,14.8037077467837,20.1164365512887,3.53018387292025,9.02583087821289,1188.23022164767,0,0.12050853090336,"1398_SCM_data_df_8.xlsx"
"1398 8 donor 389",2004,176.94,354.87838461755,8.63345230286309,10.6703426093015,5.15270250978295,14.8037077467837,20.1164365512887,2.83737463542693,9.02583087821289,1084.30629399385,0,0.124629022491323,"1398_SCM_data_df_8.xlsx"
"1398 8 donor 389",2005,103.41,354.87838461755,8.63345230286309,10.6703426093015,4.28586085555024,14.8037077467837,20.1164365512887,2.70388203879395,9.02583087821289,997.114562672024,0,0.0728376128395372,"1398_SCM_data_df_8.xlsx"
"1398 8 donor 389",2006,285.21,354.87838461755,8.63345230286309,10.6703426093015,4.61183541355818,14.8037077467837,20.1164365512887,2.93829037893077,9.02583087821289,1194.75922933447,0,0.200889812957784,"1398_SCM_data_df_8.xlsx"
"1398 8 donor 389",2007,147.78,354.87838461755,8.63345230286309,10.6703426093015,4.82643371385941,14.8037077467837,20.1164365512887,2.8770775604572,9.02583087821289,1066.21805035392,0,0.104089956729783,"1398_SCM_data_df_8.xlsx"
"1398 8 donor 389",2008,174.78,354.87838461755,8.63345230286309,10.6703426093015,4.32550845626531,14.8037077467837,20.1164365512887,3.05698157357619,7.31235699726922,1048.86551093593,0,0.12310761021269,"1398_SCM_data_df_8.xlsx"
"1398 8 donor 389",2009,252.54,354.87838461755,8.63345230286309,10.6703426093015,4.52401975662284,14.8037077467837,20.1164365512887,2.68054024942992,7.31235699726922,1140.63611943725,0,0.177878452243465,"1398_SCM_data_df_8.xlsx"
"1398 8 donor 389",2010,270.18,354.87838461755,8.63345230286309,10.6703426093015,4.6343245312632,14.8037077467837,20.1164365512887,2.52308518059739,7.31235699726922,1014.46522070063,0,0.190303319185632,"1398_SCM_data_df_8.xlsx"
"1398 8 donor 389",2011,270.27,354.87838461755,8.63345230286309,10.6703426093015,4.20447701078235,14.8037077467837,20.1164365512887,2.30308143914867,7.31235699726922,1112.28343849258,0,0.190366711363908,"1398_SCM_data_df_8.xlsx"
"1398 8 donor 389",2012,249.03,354.87838461755,8.63345230286309,10.6703426093015,4.44623779595169,14.8037077467837,20.1164365512887,2.24858416570479,7.31235699726922,1094.84969233792,0,0.175406157290687,"1398_SCM_data_df_8.xlsx"
"1398 8 donor 389",2013,191.34,354.87838461755,8.63345230286309,7.57581750302638,3.49602595858788,14.8037077467837,20.1164365512887,2.26185978646435,6.95309869373047,1142.53470747986,0,0.134771771015541,"1398_SCM_data_df_8.xlsx"
"1398 8 donor 389",2014,302.22,354.87838461755,8.63345230286309,10.237732296388,3.34253734621773,14.8037077467837,20.1164365512887,2.5501829875285,6.95309869373047,1119.62268355692,0,0.212870934652016,"1398_SCM_data_df_8.xlsx"
"1398 8 donor 389",2015,166.68,354.87838461755,8.63345230286309,9.11654395991104,2.79704345809521,14.8037077467837,20.1164365512887,2.76943344711579,6.95309869373047,1063.86332325748,0,0.117402314167818,"1398_SCM_data_df_8.xlsx"
"1398 8 donor 389",2016,366.75,354.87838461755,8.63345230286309,5.25100728723854,2.72631803862504,14.8037077467837,20.1164365512887,3.09305353100982,6.95309869373047,1027.71095465725,0,0.258323126476166,"1398_SCM_data_df_8.xlsx"
"1398 8 donor 389",2017,252.45,354.87838461755,8.63345230286309,5.22226382210523,2.7464478371949,14.8037077467837,20.1164365512887,2.69304255440444,6.95309869373047,1094.69475090954,0,0.177815060065189,"1398_SCM_data_df_8.xlsx"
"1398 8 donor 389",2018,244.08,354.87838461755,8.63345230286309,8.62078278483151,2.68059866698573,14.8037077467837,20.1164365512887,2.56353144689057,6.38697849511556,1197.61511011972,0,0.171919587485487,"1398_SCM_data_df_8.xlsx"
"1398 8 donor 389",2019,388.08,354.87838461755,8.63345230286309,8.69470267377045,2.6751562146336,14.8037077467837,20.1164365512887,2.45393605683962,6.38697849511556,1103.54238301342,0,0.273347072727663,"1398_SCM_data_df_8.xlsx"
"1398 8 donor 389",2020,475.02,354.87838461755,8.63345230286309,8.6946847280482,2.58489132133104,14.8037077467837,20.1164365512887,2.37995814447792,6.38697849511556,1097.33460425693,0,0.334583916942626,"1398_SCM_data_df_8.xlsx"
"1398 8 donor 389",2021,485.01,354.87838461755,8.63345230286309,8.69467523155316,2.55407151825681,14.8037077467837,20.1164365512887,2.09119792587484,6.38697849511556,1091.12682550043,0,0.341620448731302,"1398_SCM_data_df_8.xlsx"
"1398 8 donor 389",2022,858.15,354.87838461755,8.63345230286309,8.67868432476563,2.55407151825681,14.8037077467837,20.1164365512887,1.88856988119704,6.38697849511556,1091.12682550043,0,0.604444419865089,"1398_SCM_data_df_8.xlsx"
"1398 9 donor 67",2001,114.21,353.782853989775,8.6261158180559,10.6595354039042,6.35663154194162,14.7724092812957,20.1926789476018,4.76895784441792,10.1303003542995,1121.26197861034,0,0.0804446742327004,"1398_SCM_data_df_9.xlsx"
"1398 9 donor 67",2002,196.65,353.782853989775,8.6261158180559,10.6595354039042,5.00539370242224,14.7724092812957,20.1926789476018,4.76895784441792,10.1303003542995,1067.03069385778,0,0.138511909533846,"1398_SCM_data_df_9.xlsx"
"1398 9 donor 67",2003,166.32,353.782853989775,8.6261158180559,10.6595354039042,5.33487495073309,14.7724092812957,20.1926789476018,3.53861449840657,9.09904003640121,1188.97697608608,0,0.117148745454713,"1398_SCM_data_df_9.xlsx"
"1398 9 donor 67",2004,164.07,353.782853989775,8.6261158180559,10.6595354039042,5.20714857491948,14.7724092812957,20.1926789476018,2.84224250579942,9.09904003640121,1085.11525335177,0,0.115563940997804,"1398_SCM_data_df_9.xlsx"
"1398 9 donor 67",2005,95.49,353.782853989775,8.6261158180559,10.6595354039042,4.37031121765276,14.7724092812957,20.1926789476018,2.73160461546474,9.09904003640121,998.683596684737,0,0.0672591011512176,"1398_SCM_data_df_9.xlsx"
"1398 9 donor 67",2006,263.34,353.782853989775,8.6261158180559,10.6595354039042,4.6810597825781,14.7724092812957,20.1926789476018,3.00777700108106,9.09904003640121,1196.31552739401,0,0.185485513636628,"1398_SCM_data_df_9.xlsx"
"1398 9 donor 67",2007,134.46,353.782853989775,8.6261158180559,10.6595354039042,4.86774296257404,14.7724092812957,20.1926789476018,2.96517464415216,9.09904003640121,1067.37372616477,0,0.0947079143448813,"1398_SCM_data_df_9.xlsx"
"1398 9 donor 67",2008,170.28,353.782853989775,8.6261158180559,10.6595354039042,4.39030795336817,14.7724092812957,20.1926789476018,3.17948380807865,7.35941203463886,1050.39420821718,0,0.119938001298872,"1398_SCM_data_df_9.xlsx"
"1398 9 donor 67",2009,261.45,353.782853989775,8.6261158180559,10.6595354039042,4.58895365673071,14.7724092812957,20.1926789476018,2.75676023062544,7.35941203463886,1142.44810060984,0,0.184154277892825,"1398_SCM_data_df_9.xlsx"
"1398 9 donor 67",2010,257.76,353.782853989775,8.6261158180559,10.6595354039042,4.64051615321164,14.7724092812957,20.1926789476018,2.5666990953188,7.35941203463886,1015.21918098547,0,0.181555198583494,"1398_SCM_data_df_9.xlsx"
"1398 9 donor 67",2011,272.25,353.782853989775,8.6261158180559,10.6595354039042,4.20059003809036,14.7724092812957,20.1926789476018,2.35318310820702,7.35941203463886,1113.99951345532,0,0.191761339285988,"1398_SCM_data_df_9.xlsx"
"1398 9 donor 67",2012,241.74,353.782853989775,8.6261158180559,10.6595354039042,4.36160347458391,14.7724092812957,20.1926789476018,2.29769156803901,7.35941203463886,1095.80010336434,0,0.170271390850302,"1398_SCM_data_df_9.xlsx"
"1398 9 donor 67",2013,166.95,353.782853989775,8.6261158180559,7.32283753814666,3.49810987435531,14.7724092812957,20.1926789476018,2.31377660342672,7.01008904501025,1143.35076350901,0,0.117592490702647,"1398_SCM_data_df_9.xlsx"
"1398 9 donor 67",2014,271.35,353.782853989775,8.6261158180559,10.0452124726921,3.34499447999482,14.7724092812957,20.1926789476018,2.5993098585899,7.01008904501025,1120.00865218674,0,0.191127417503224,"1398_SCM_data_df_9.xlsx"
"1398 9 donor 67",2015,149.76,353.782853989775,8.6261158180559,9.17137934886039,2.80876527344542,14.7724092812957,20.1926789476018,2.7959719389766,7.01008904501025,1065.24098466504,0,0.105484584651862,"1398_SCM_data_df_9.xlsx"
"1398 9 donor 67",2016,357.39,353.782853989775,8.6261158180559,5.47947721194342,2.72176923872773,14.7724092812957,20.1926789476018,3.13161239541339,7.01008904501025,1028.44952081334,0,0.251730339935424,"1398_SCM_data_df_9.xlsx"
"1398 9 donor 67",2017,229.59,353.782853989775,8.6261158180559,5.45065001914371,2.76063375050675,14.7724092812957,20.1926789476018,2.72088898335623,7.01008904501025,1095.58383319756,0,0.161713446782993,"1398_SCM_data_df_9.xlsx"
"1398 9 donor 67",2018,233.37,353.782853989775,8.6261158180559,8.83787422580573,2.70015029644603,14.7724092812957,20.1926789476018,2.58629499194838,6.53468361847143,1198.63801779866,0,0.164375918270601,"1398_SCM_data_df_9.xlsx"
"1398 9 donor 67",2019,383.94,353.782853989775,8.6261158180559,8.90860714637621,2.68308609040337,14.7724092812957,20.1926789476018,2.47883441392086,6.53468361847143,1104.78389952536,0,0.27043103252695,"1398_SCM_data_df_9.xlsx"
"1398 9 donor 67",2020,477.99,353.782853989775,8.6261158180559,8.90859845710119,2.5962741724567,14.7724092812957,20.1926789476018,2.3855807118646,6.53468361847143,1098.38340741815,0,0.336675858825746,"1398_SCM_data_df_9.xlsx"
"1398 9 donor 67",2021,482.85,353.782853989775,8.6261158180559,8.90859494718588,2.56397301088376,14.7724092812957,20.1926789476018,2.08599268879079,6.53468361847143,1091.98291531095,0,0.34009903645267,"1398_SCM_data_df_9.xlsx"
"1398 9 donor 67",2022,817.74,353.782853989775,8.6261158180559,8.89664222441499,2.56397301088376,14.7724092812957,20.1926789476018,1.89725600070944,6.53468361847143,1091.98291531095,0,0.575981331819004,"1398_SCM_data_df_9.xlsx"
"1398 9 donor 104",2001,85.32,332.588389056553,7.87362922569312,9.39238713514335,7.21870985169253,14.6405339911741,19.687694061838,5.46569042926961,12.9547460016385,1077.84936501993,0,0.060095785005989,"1398_SCM_data_df_9.xlsx"
"1398 9 donor 104",2002,121.05,332.588389056553,7.87362922569312,9.39238713514335,5.54539655497624,14.6405339911741,19.687694061838,5.46569042926961,12.9547460016385,1025.21697216842,0,0.0852624797817037,"1398_SCM_data_df_9.xlsx"
"1398 9 donor 104",2003,112.68,332.588389056553,7.87362922569312,9.39238713514335,5.75914341104367,14.6405339911741,19.687694061838,4.78250555871489,11.2761394682834,1143.72691141528,0,0.0793670072020023,"1398_SCM_data_df_9.xlsx"
"1398 9 donor 104",2004,86.31,332.588389056553,7.87362922569312,9.39238713514335,5.72687899554627,14.6405339911741,19.687694061838,3.75642982984618,11.2761394682834,1031.0310275951,0,0.0607930989670289,"1398_SCM_data_df_9.xlsx"
"1398 9 donor 104",2005,38.16,332.588389056553,7.87362922569312,9.39238713514335,5.09448257359069,14.6405339911741,19.687694061838,3.78054386162474,11.2761394682834,958.687435953019,0,0.0268782835891765,"1398_SCM_data_df_9.xlsx"
"1398 9 donor 104",2006,166.41,332.588389056553,7.87362922569312,9.39238713514335,5.19304099429067,14.6405339911741,19.687694061838,4.13034982179455,11.2761394682834,1146.93055055066,0,0.117212137632989,"1398_SCM_data_df_9.xlsx"
"1398 9 donor 104",2007,72.81,332.588389056553,7.87362922569312,9.39238713514335,5.34411151916624,14.6405339911741,19.687694061838,4.65956371407739,11.2761394682834,1029.22588807121,0,0.051284272225575,"1398_SCM_data_df_9.xlsx"
"1398 9 donor 104",2008,97.65,332.588389056553,7.87362922569312,9.39238713514335,4.92102841926421,14.6405339911741,19.687694061838,5.50687273161077,9.26530239676471,1010.70519456206,0,0.0687805134298502,"1398_SCM_data_df_9.xlsx"
"1398 9 donor 104",2009,148.95,332.588389056553,7.87362922569312,9.39238713514335,5.12246235937817,14.6405339911741,19.687694061838,4.50876327532037,9.26530239676471,1101.28347616045,0,0.104914055047375,"1398_SCM_data_df_9.xlsx"
"1398 9 donor 104",2010,117.81,332.588389056553,7.87362922569312,9.39238713514335,5.17186366157294,14.6405339911741,19.687694061838,3.47453952050629,9.26530239676471,973.530964251931,0,0.0829803613637548,"1398_SCM_data_df_9.xlsx"
"1398 9 donor 104",2011,161.46,332.588389056553,7.87362922569312,9.39238713514335,4.35895156499854,14.6405339911741,19.687694061838,3.18681402516272,9.26530239676471,1069.1294635819,0,0.113725567827789,"1398_SCM_data_df_9.xlsx"
"1398 9 donor 104",2012,258.57,332.588389056553,7.87362922569312,9.39238713514335,4.25687594240558,14.6405339911741,19.687694061838,3.03948335130403,9.26530239676471,1054.44520745591,0,0.182125728187981,"1398_SCM_data_df_9.xlsx"
"1398 9 donor 104",2013,126.54,332.588389056553,7.87362922569312,5.2505354968075,3.67917441470913,14.6405339911741,19.687694061838,2.84454169458458,9.20497863223801,1104.23668667372,0,0.0891294026565617,"1398_SCM_data_df_9.xlsx"
"1398 9 donor 104",2014,381.42,332.588389056553,7.87362922569312,7.5431054973424,3.50391542420216,14.6405339911741,19.687694061838,3.23604247370555,9.20497863223801,1068.56739994595,0,0.268656051535212,"1398_SCM_data_df_9.xlsx"
"1398 9 donor 104",2015,118.08,332.588389056553,7.87362922569312,7.5431054973424,2.90004599769712,14.6405339911741,19.687694061838,2.96916141035675,9.20497863223801,1016.70890013738,0,0.0831705378985839,"1398_SCM_data_df_9.xlsx"
"1398 9 donor 104",2016,237.78,332.588389056553,7.87362922569312,6.53376589280084,2.79937337911871,14.6405339911741,19.687694061838,3.0960061499178,9.20497863223801,987.607478575933,0,0.167482135006142,"1398_SCM_data_df_9.xlsx"
"1398 9 donor 104",2017,112.59,332.588389056553,7.87362922569312,6.520610616878,2.85996661744668,14.6405339911741,19.687694061838,2.75175744352605,9.20497863223801,1055.59150976329,0,0.0793036150237259,"1398_SCM_data_df_9.xlsx"
"1398 9 donor 104",2018,129.33,332.588389056553,7.87362922569312,8.67867616579582,2.85058746565393,14.6405339911741,19.687694061838,2.79694367243981,8.87312069336839,1147.23893465237,0,0.0910945601831288,"1398_SCM_data_df_9.xlsx"
"1398 9 donor 104",2019,228.96,332.588389056553,7.87362922569312,8.67746675257877,2.68936927096237,14.6405339911741,19.687694061838,2.63046366706268,8.87312069336839,1059.90006559537,0,0.161269701535059,"1398_SCM_data_df_9.xlsx"
"1398 9 donor 104",2020,364.32,332.588389056553,7.87362922569312,8.67746673568726,2.6510784505135,14.6405339911741,19.687694061838,2.80165674548434,8.87312069336839,1051.01413713937,0,0.256611537662704,"1398_SCM_data_df_9.xlsx"
"1398 9 donor 104",2021,351.99,332.588389056553,7.87362922569312,8.67746673568726,2.60169499701583,14.6405339911741,19.687694061838,2.24219747443751,8.87312069336839,1042.12820868336,0,0.247926809238843,"1398_SCM_data_df_9.xlsx"
"1398 9 donor 104",2022,493.38,332.588389056553,7.87362922569312,8.67746673568726,2.60169499701583,14.6405339911741,19.687694061838,1.99601844623432,8.87312069336839,1042.12820868336,0,0.347515921311004,"1398_SCM_data_df_9.xlsx"
